Date,Asset,Daily Return
2021-01-04,HDFCBANK.NS,-0.006350688409552552
2021-01-05,HDFCBANK.NS,0.007556462692002164
2021-01-06,HDFCBANK.NS,-0.004310578645985497
2021-01-07,HDFCBANK.NS,-0.0030270308544724234
2021-01-08,HDFCBANK.NS,0.010873803646292979
2021-01-11,HDFCBANK.NS,0.01383014453264586
2021-01-12,HDFCBANK.NS,0.020358985719257428
2021-01-13,HDFCBANK.NS,-0.00698850478456281
2021-01-14,HDFCBANK.NS,-0.001291962317696571
2021-01-15,HDFCBANK.NS,-0.0014297706117021303
2021-01-18,HDFCBANK.NS,0.011216003066884861
2021-01-19,HDFCBANK.NS,0.01399096510119091
2021-01-20,HDFCBANK.NS,-0.007879759137091047
2021-01-21,HDFCBANK.NS,-0.011528117407422878
2021-01-22,HDFCBANK.NS,-0.02118931310371952
2021-01-25,HDFCBANK.NS,0.01336976627411035
2021-01-27,HDFCBANK.NS,-0.03640154553693786
2021-01-28,HDFCBANK.NS,-0.0270644332256067
2021-01-29,HDFCBANK.NS,0.013890444060205898
2021-02-01,HDFCBANK.NS,0.06202804746494062
2021-02-02,HDFCBANK.NS,0.056746266347130536
2021-02-03,HDFCBANK.NS,0.009131395696473144
2021-02-04,HDFCBANK.NS,0.002730458867468366
2021-02-05,HDFCBANK.NS,0.011715534346161682
2021-02-08,HDFCBANK.NS,0.00478844800386069
2021-02-09,HDFCBANK.NS,0.004111493901845398
2021-02-10,HDFCBANK.NS,-0.018674179385085532
2021-02-11,HDFCBANK.NS,-0.005942800324996056
2021-02-12,HDFCBANK.NS,0.0061054954272250495
2021-02-15,HDFCBANK.NS,0.021903363243821028
2021-02-16,HDFCBANK.NS,0.006216781504331248
2021-02-17,HDFCBANK.NS,-0.024682644583320812
2021-02-18,HDFCBANK.NS,-0.020296218828789736
2021-02-19,HDFCBANK.NS,-0.009779368696313018
2021-02-22,HDFCBANK.NS,0.005782616175193045
2021-02-23,HDFCBANK.NS,-0.012176986812621138
2021-02-24,HDFCBANK.NS,0.05055091097907938
2021-02-25,HDFCBANK.NS,-3.1078937614004154e-05
2021-02-26,HDFCBANK.NS,-0.044820716450288955
2021-03-01,HDFCBANK.NS,0.0159671530306158
2021-03-02,HDFCBANK.NS,0.005965697999977815
2021-03-03,HDFCBANK.NS,0.011892631676289733
2021-03-04,HDFCBANK.NS,-0.021930193334730785
2021-03-05,HDFCBANK.NS,-0.014207047539977147
2021-03-08,HDFCBANK.NS,-0.006862745098039191
2021-03-09,HDFCBANK.NS,0.02829878249424156
2021-03-10,HDFCBANK.NS,-0.0043199999999999905
2021-03-12,HDFCBANK.NS,-0.002442583209464888
2021-03-15,HDFCBANK.NS,-0.015013323554808444
2021-03-16,HDFCBANK.NS,-0.010793837527542927
2021-03-17,HDFCBANK.NS,-0.011110041038841278
2021-03-18,HDFCBANK.NS,-0.002909001676502543
2021-03-19,HDFCBANK.NS,0.00435949027498328
2021-03-22,HDFCBANK.NS,-0.018931536284432338
2021-03-23,HDFCBANK.NS,0.021100636071774703
2021-03-24,HDFCBANK.NS,-0.014231893636289183
2021-03-25,HDFCBANK.NS,-0.010447709448231923
2021-03-26,HDFCBANK.NS,0.019100060620150794
2021-03-30,HDFCBANK.NS,0.041842620734026115
2021-03-31,HDFCBANK.NS,-0.038649629043574274
2021-04-01,HDFCBANK.NS,-0.00461957239064037
2021-04-05,HDFCBANK.NS,-0.02498740502038843
2021-04-06,HDFCBANK.NS,-0.006450038454338558
2021-04-07,HDFCBANK.NS,0.004825517217063036
2021-04-08,HDFCBANK.NS,-0.00995018161249217
2021-04-09,HDFCBANK.NS,-0.007712205786957305
2021-04-12,HDFCBANK.NS,-0.038473677631000514
2021-04-13,HDFCBANK.NS,0.024358966803269766
2021-04-15,HDFCBANK.NS,0.021244689198178346
2021-04-16,HDFCBANK.NS,-0.0010138809849856711
2021-04-19,HDFCBANK.NS,-0.011374374215031846
2021-04-20,HDFCBANK.NS,-0.014868309003826186
2021-04-22,HDFCBANK.NS,0.022351570389711695
2021-04-23,HDFCBANK.NS,-0.0058699301131370785
2021-04-26,HDFCBANK.NS,-0.006611728193273936
2021-04-27,HDFCBANK.NS,0.02413147862005638
2021-04-28,HDFCBANK.NS,0.026482309688838246
2021-04-29,HDFCBANK.NS,-0.002911733942274175
2021-04-30,HDFCBANK.NS,-0.04088281913200342
2021-05-03,HDFCBANK.NS,0.0015222702467041493
2021-05-04,HDFCBANK.NS,-0.018452385370237856
2021-05-05,HDFCBANK.NS,0.010263982605672517
2021-05-06,HDFCBANK.NS,-0.0012120000010443777
2021-05-07,HDFCBANK.NS,0.009886483935019008
2021-05-10,HDFCBANK.NS,0.003604859929978721
2021-05-11,HDFCBANK.NS,-0.01148003453751223
2021-05-12,HDFCBANK.NS,-0.0028855749258863694
2021-05-14,HDFCBANK.NS,-0.00903895992430337
2021-05-17,HDFCBANK.NS,0.03850454292397498
2021-05-18,HDFCBANK.NS,0.025308072329022657
2021-05-19,HDFCBANK.NS,-0.012527934320928802
2021-05-20,HDFCBANK.NS,-0.017418669040098034
2021-05-21,HDFCBANK.NS,0.04501674888464313
2021-05-24,HDFCBANK.NS,0.008448475209528405
2021-05-25,HDFCBANK.NS,-0.020530481805665746
2021-05-26,HDFCBANK.NS,-0.0012846292345759514
2021-05-27,HDFCBANK.NS,0.0037913241940450426
2021-05-28,HDFCBANK.NS,0.014028885047253414
2021-05-31,HDFCBANK.NS,0.00824771347020703
2021-06-01,HDFCBANK.NS,-0.002737754052777097
2021-06-02,HDFCBANK.NS,-0.00509357109253461
2021-06-03,HDFCBANK.NS,0.01100402182721072
2021-06-04,HDFCBANK.NS,-0.012890136481436887
2021-06-07,HDFCBANK.NS,-0.0007328529409516005
2021-06-08,HDFCBANK.NS,-0.011201071461330203
2021-06-09,HDFCBANK.NS,-0.001854286712827391
2021-06-10,HDFCBANK.NS,0.0005066540398979136
2021-06-11,HDFCBANK.NS,0.0035784926795727756
2021-06-14,HDFCBANK.NS,-0.004642260926026154
2021-06-15,HDFCBANK.NS,0.00730004338407686
2021-06-16,HDFCBANK.NS,-0.0037913265653832795
2021-06-17,HDFCBANK.NS,-0.012461269233618677
2021-06-18,HDFCBANK.NS,0.009344569586199114
2021-06-21,HDFCBANK.NS,0.006014260068985644
2021-06-22,HDFCBANK.NS,-0.003291396859315343
2021-06-23,HDFCBANK.NS,0.0011456740234088159
2021-06-24,HDFCBANK.NS,0.013968360821272396
2021-06-25,HDFCBANK.NS,0.00587550246369295
2021-06-28,HDFCBANK.NS,-0.004455151546939651
2021-06-29,HDFCBANK.NS,-0.0041767009379671816
2021-06-30,HDFCBANK.NS,-0.0027629068800338885
2021-07-01,HDFCBANK.NS,-0.007443770767294078
2021-07-02,HDFCBANK.NS,-0.004271044618084696
2021-07-05,HDFCBANK.NS,0.010166121662804839
2021-07-06,HDFCBANK.NS,0.026246281240801528
2021-07-07,HDFCBANK.NS,0.0031276790127345855
2021-07-08,HDFCBANK.NS,-0.012374179167343291
2021-07-09,HDFCBANK.NS,-0.012134533700142391
2021-07-12,HDFCBANK.NS,-0.00998668442077233
2021-07-13,HDFCBANK.NS,0.009986533682540433
2021-07-14,HDFCBANK.NS,-0.001797750251866237
2021-07-15,HDFCBANK.NS,0.014374763303782956
2021-07-16,HDFCBANK.NS,0.0010850427218012104
2021-07-19,HDFCBANK.NS,-0.03373072973326874
2021-07-20,HDFCBANK.NS,-0.018932682247408184
2021-07-22,HDFCBANK.NS,0.003845703262947975
2021-07-23,HDFCBANK.NS,-0.004107096964462542
2021-07-26,HDFCBANK.NS,-0.005683556521833277
2021-07-27,HDFCBANK.NS,0.003624795925470048
2021-07-28,HDFCBANK.NS,-0.015592950978902564
2021-07-29,HDFCBANK.NS,0.0006702541022702846
2021-07-30,HDFCBANK.NS,0.005781738883747556
2021-08-02,HDFCBANK.NS,-0.0026639047200294197
2021-08-03,HDFCBANK.NS,0.008470056971865203
2021-08-04,HDFCBANK.NS,0.021328569525116192
2021-08-05,HDFCBANK.NS,0.013341927322972236
2021-08-06,HDFCBANK.NS,0.005253088834814346
2021-08-09,HDFCBANK.NS,0.007536930838436984
2021-08-10,HDFCBANK.NS,0.002493516815694541
2021-08-11,HDFCBANK.NS,-0.008423754211209111
2021-08-12,HDFCBANK.NS,0.004314574703408125
2021-08-13,HDFCBANK.NS,0.01651786755997353
2021-08-16,HDFCBANK.NS,0.002882993418184876
2021-08-17,HDFCBANK.NS,-0.010420718297587284
2021-08-18,HDFCBANK.NS,-0.0010893766794086712
2021-08-20,HDFCBANK.NS,0.0011566424322537738
2021-08-23,HDFCBANK.NS,0.00650270710410128
2021-08-24,HDFCBANK.NS,0.022464909188285143
2021-08-25,HDFCBANK.NS,-0.0009301415752532849
2021-08-26,HDFCBANK.NS,-0.001669433379465679
2021-08-27,HDFCBANK.NS,-0.004084189257027693
2021-08-30,HDFCBANK.NS,0.012787012465685477
2021-08-31,HDFCBANK.NS,0.008385158242667057
2021-09-01,HDFCBANK.NS,-0.0014544383411004835
2021-09-02,HDFCBANK.NS,0.0062694095162587615
2021-09-03,HDFCBANK.NS,-0.008149749006843954
2021-09-06,HDFCBANK.NS,-0.0065671122969387374
2021-09-07,HDFCBANK.NS,0.0022673877108241314
2021-09-08,HDFCBANK.NS,0.004556332269595398
2021-09-09,HDFCBANK.NS,-0.004948013643316318
2021-09-13,HDFCBANK.NS,-0.008319474028384954
2021-09-14,HDFCBANK.NS,-0.004500015930232193
2021-09-15,HDFCBANK.NS,-0.0011300894028735131
2021-09-16,HDFCBANK.NS,0.008501358888443722
2021-09-17,HDFCBANK.NS,0.014231272756866531
2021-09-20,HDFCBANK.NS,-0.014094775137638238
2021-09-21,HDFCBANK.NS,-0.005064605274680334
2021-09-22,HDFCBANK.NS,-0.011759399835168272
2021-09-23,HDFCBANK.NS,0.02366828583412861
2021-09-24,HDFCBANK.NS,0.020095572501990455
2021-09-27,HDFCBANK.NS,0.014704458830396394
2021-09-28,HDFCBANK.NS,-0.006184189839882892
2021-09-29,HDFCBANK.NS,-0.013126573543383535
2021-09-30,HDFCBANK.NS,0.000690137467632912
2021-10-01,HDFCBANK.NS,-0.00768049178659147
2021-10-04,HDFCBANK.NS,0.0019271175347332914
2021-10-05,HDFCBANK.NS,0.006116948555494162
2021-10-06,HDFCBANK.NS,0.012190964202857701
2021-10-07,HDFCBANK.NS,-0.0027246419886945983
2021-10-08,HDFCBANK.NS,-0.004874247492044348
2021-10-11,HDFCBANK.NS,0.019436573137950663
2021-10-12,HDFCBANK.NS,-0.002570738839921094
2021-10-13,HDFCBANK.NS,0.00601377575782136
2021-10-14,HDFCBANK.NS,0.02927900407782147
2021-10-18,HDFCBANK.NS,-0.010133919247675371
2021-10-19,HDFCBANK.NS,0.011015926364044137
2021-10-20,HDFCBANK.NS,-0.008793732465991022
2021-10-21,HDFCBANK.NS,0.0014637352677500104
2021-10-22,HDFCBANK.NS,0.002654626881974931
2021-10-25,HDFCBANK.NS,-0.014130596459913769
2021-10-26,HDFCBANK.NS,-0.0025648762824381777
2021-10-27,HDFCBANK.NS,-0.006020239704658925
2021-10-28,HDFCBANK.NS,-0.029948911480300877
2021-10-29,HDFCBANK.NS,-0.006745733035071977
2021-11-01,HDFCBANK.NS,0.014183323491461675
2021-11-02,HDFCBANK.NS,0.0009032275137184076
2021-11-03,HDFCBANK.NS,-0.01574610165123702
2021-11-04,HDFCBANK.NS,0.00790413885101926
2021-11-08,HDFCBANK.NS,0.003952475937837985
2021-11-09,HDFCBANK.NS,-0.017497266052179383
2021-11-10,HDFCBANK.NS,-0.010812529813960858
2021-11-11,HDFCBANK.NS,-0.004468703534399654
2021-11-12,HDFCBANK.NS,0.003035555786123245
2021-11-15,HDFCBANK.NS,0.00273663876368313
2021-11-16,HDFCBANK.NS,-0.005939958259752798
2021-11-17,HDFCBANK.NS,-0.011111079568394744
2021-11-18,HDFCBANK.NS,0.005617961400328664
2021-11-22,HDFCBANK.NS,-0.015623001459467378
2021-11-23,HDFCBANK.NS,0.00013203104590409076
2021-11-24,HDFCBANK.NS,0.0016495661109530158
2021-11-25,HDFCBANK.NS,0.005203980165112698
2021-11-26,HDFCBANK.NS,-0.023624580039553367
2021-11-29,HDFCBANK.NS,0.007617944425768464
2021-11-30,HDFCBANK.NS,-0.0051290265924229805
2021-12-01,HDFCBANK.NS,0.007431940827591799
2021-12-02,HDFCBANK.NS,0.014023178309623408
2021-12-03,HDFCBANK.NS,-0.007996035505079435
2021-12-06,HDFCBANK.NS,-0.006441808784287684
2021-12-07,HDFCBANK.NS,0.014563041383604203
2021-12-08,HDFCBANK.NS,0.018417840044280487
2021-12-09,HDFCBANK.NS,-0.01734462118373159
2021-12-10,HDFCBANK.NS,-0.0028162077653781648
2021-12-13,HDFCBANK.NS,-0.007487454631023072
2021-12-14,HDFCBANK.NS,-0.005757253152651631
2021-12-15,HDFCBANK.NS,-0.0016306374598129558
2021-12-16,HDFCBANK.NS,6.665039062503375e-05
2021-12-17,HDFCBANK.NS,-0.01803208265985523
2021-12-20,HDFCBANK.NS,-0.032178149311200444
2021-12-21,HDFCBANK.NS,0.011328183030544281
2021-12-22,HDFCBANK.NS,0.0023580955948179216
2021-12-23,HDFCBANK.NS,-0.0007611234591071714
2021-12-24,HDFCBANK.NS,-0.0036008249150237814
2021-12-27,HDFCBANK.NS,0.008270223234521312
2021-12-28,HDFCBANK.NS,0.006892748596250442
2021-12-29,HDFCBANK.NS,-0.0047577170111425815
2021-12-30,HDFCBANK.NS,0.005261907722617254
2021-12-31,HDFCBANK.NS,0.012247707433501454
2022-01-03,HDFCBANK.NS,0.02720697535201233
2022-01-04,HDFCBANK.NS,0.005856627691296357
2022-01-05,HDFCBANK.NS,0.023747947792512436
2022-01-06,HDFCBANK.NS,-0.016039860675167383
2022-01-07,HDFCBANK.NS,0.007014157381474373
2022-01-10,HDFCBANK.NS,0.0055464030925265195
2022-01-11,HDFCBANK.NS,0.00432928191277604
2022-01-12,HDFCBANK.NS,-0.0059071459580960495
2022-01-13,HDFCBANK.NS,-0.018404923370522352
2022-01-14,HDFCBANK.NS,0.011223837967318406
2022-01-17,HDFCBANK.NS,-0.015305972909026022
2022-01-18,HDFCBANK.NS,0.005093657574761767
2022-01-19,HDFCBANK.NS,-0.007062317363495163
2022-01-20,HDFCBANK.NS,-0.006223419589550416
2022-01-21,HDFCBANK.NS,0.008349884417453657
2022-01-24,HDFCBANK.NS,-0.022969211180761562
2022-01-25,HDFCBANK.NS,0.000941730999946877
2022-01-27,HDFCBANK.NS,-0.008803532963536198
2022-01-28,HDFCBANK.NS,-0.007932439444863326
2022-01-31,HDFCBANK.NS,0.015342526001623114
2022-02-01,HDFCBANK.NS,0.007605875479239188
2022-02-02,HDFCBANK.NS,0.02284565876544753
2022-02-03,HDFCBANK.NS,-0.010351342797396912
2022-02-04,HDFCBANK.NS,0.005708268422096818
2022-02-07,HDFCBANK.NS,-0.036646965607570525
2022-02-08,HDFCBANK.NS,-0.004291147855028932
2022-02-09,HDFCBANK.NS,0.02445531388107769
2022-02-10,HDFCBANK.NS,0.018362713974565015
2022-02-11,HDFCBANK.NS,-0.0040980919940011296
2022-02-14,HDFCBANK.NS,-0.02972645431728349
2022-02-15,HDFCBANK.NS,0.02992474663596334
2022-02-16,HDFCBANK.NS,-0.0013506712097604012
2022-02-17,HDFCBANK.NS,-0.006102589477156473
2022-02-18,HDFCBANK.NS,0.003883156711541602
2022-02-21,HDFCBANK.NS,0.006446920459811212
2022-02-22,HDFCBANK.NS,-0.0074896686137019275
2022-02-23,HDFCBANK.NS,-0.006487010706666463
2022-02-24,HDFCBANK.NS,-0.05430075199833306
2022-02-25,HDFCBANK.NS,0.025855960645784215
2022-02-28,HDFCBANK.NS,-0.020499949238668047
2022-03-02,HDFCBANK.NS,-0.036459246275197144
2022-03-03,HDFCBANK.NS,-0.0023649263234492013
2022-03-04,HDFCBANK.NS,-0.003282275711159688
2022-03-07,HDFCBANK.NS,-0.030515880842938214
2022-03-08,HDFCBANK.NS,0.0022644926701609336
2022-03-09,HDFCBANK.NS,0.032647969567554114
2022-03-10,HDFCBANK.NS,0.0157166804318305
2022-03-11,HDFCBANK.NS,0.002943992101672732
2022-03-14,HDFCBANK.NS,0.03275343528115071
2022-03-15,HDFCBANK.NS,-0.012859206405486212
2022-03-16,HDFCBANK.NS,0.01695928680762826
2022-03-17,HDFCBANK.NS,0.02202812131082177
2022-03-21,HDFCBANK.NS,0.004357927745066492
2022-03-22,HDFCBANK.NS,0.005146333275521275
2022-03-23,HDFCBANK.NS,-0.00997224118769846
2022-03-24,HDFCBANK.NS,-0.02474225153688525
2022-03-25,HDFCBANK.NS,-0.008144733512046587
2022-03-28,HDFCBANK.NS,0.0013278526673032864
2022-03-29,HDFCBANK.NS,0.013260747733460754
2022-03-30,HDFCBANK.NS,0.01732325492346609
2022-03-31,HDFCBANK.NS,-0.00446865215757708
2022-04-01,HDFCBANK.NS,0.02424594484714837
2022-04-04,HDFCBANK.NS,0.10013283454722766
2022-04-05,HDFCBANK.NS,-0.029303505189093304
2022-04-06,HDFCBANK.NS,-0.035690983624475314
2022-04-07,HDFCBANK.NS,-0.021987926700036797
2022-04-08,HDFCBANK.NS,-0.0013845232147272624
2022-04-11,HDFCBANK.NS,-0.01221404265130932
2022-04-12,HDFCBANK.NS,-0.001771229068488811
2022-04-13,HDFCBANK.NS,-0.019116202764060897
2022-04-18,HDFCBANK.NS,-0.04744189379603314
2022-04-19,HDFCBANK.NS,-0.03815973475457257
2022-04-20,HDFCBANK.NS,0.009015123004352255
2022-04-21,HDFCBANK.NS,0.014804641538011865
2022-04-22,HDFCBANK.NS,-0.013642813208481486
2022-04-25,HDFCBANK.NS,0.007487477572191148
2022-04-26,HDFCBANK.NS,0.004612885834248681
2022-04-27,HDFCBANK.NS,0.00036441819336485715
2022-04-28,HDFCBANK.NS,-0.0008743384208190763
2022-04-29,HDFCBANK.NS,0.009662012058109903
2022-05-02,HDFCBANK.NS,0.013794580328412076
2022-05-04,HDFCBANK.NS,-0.03398158640103455
2022-05-05,HDFCBANK.NS,-0.002249298545814904
2022-05-06,HDFCBANK.NS,-0.0261280733668815
2022-05-09,HDFCBANK.NS,0.0017076503048654157
2022-05-10,HDFCBANK.NS,0.016062487126823566
2022-05-11,HDFCBANK.NS,0.005629862035656297
2022-05-12,HDFCBANK.NS,-0.03377571376421096
2022-05-13,HDFCBANK.NS,-0.008978989911177848
2022-05-16,HDFCBANK.NS,0.010647771913079529
2022-05-17,HDFCBANK.NS,0.006819419646427294
2022-05-18,HDFCBANK.NS,-7.608492080479756e-05
2022-05-19,HDFCBANK.NS,-0.02043532619455679
2022-05-20,HDFCBANK.NS,0.02633922618208695
2022-05-23,HDFCBANK.NS,-0.012831637683803132
2022-05-24,HDFCBANK.NS,0.011464686481499342
2022-05-25,HDFCBANK.NS,0.007468136033136341
2022-05-26,HDFCBANK.NS,0.02852190017390055
2022-05-27,HDFCBANK.NS,0.018548400206287896
2022-05-30,HDFCBANK.NS,0.006824467272565027
2022-05-31,HDFCBANK.NS,-0.008990116098091083
2022-06-01,HDFCBANK.NS,0.004247830822906584
2022-06-02,HDFCBANK.NS,-0.006989999046961515
2022-06-03,HDFCBANK.NS,-0.003465400940305452
2022-06-06,HDFCBANK.NS,-0.0013403590457167214
2022-06-07,HDFCBANK.NS,-0.011498404836869702
2022-06-08,HDFCBANK.NS,0.0035227131323416483
2022-06-09,HDFCBANK.NS,0.007532489815645693
2022-06-10,HDFCBANK.NS,-0.019307524518173524
2022-06-13,HDFCBANK.NS,-0.018133373135007957
2022-06-14,HDFCBANK.NS,-0.011005559968813472
2022-06-15,HDFCBANK.NS,-0.003468025021436727
2022-06-16,HDFCBANK.NS,-0.02000069090240253
2022-06-17,HDFCBANK.NS,0.006594826231063777
2022-06-20,HDFCBANK.NS,0.025121166438505593
2022-06-21,HDFCBANK.NS,0.010891369472571188
2022-06-22,HDFCBANK.NS,-0.004713664732307499
2022-06-23,HDFCBANK.NS,0.0036835364886769195
2022-06-24,HDFCBANK.NS,0.013968485992611246
2022-06-27,HDFCBANK.NS,0.0018096846532069666
2022-06-28,HDFCBANK.NS,-0.007631318404377918
2022-06-29,HDFCBANK.NS,-0.0014488990317363948
2022-06-30,HDFCBANK.NS,0.0030135414079917044
2022-07-01,HDFCBANK.NS,0.004265578635014755
2022-07-04,HDFCBANK.NS,0.0014035268063250506
2022-07-05,HDFCBANK.NS,-0.0022498792263462297
2022-07-06,HDFCBANK.NS,0.013788277946688243
2022-07-07,HDFCBANK.NS,0.01790340844348215
2022-07-08,HDFCBANK.NS,0.0009313130192993846
2022-07-11,HDFCBANK.NS,0.006477738877870509
2022-07-12,HDFCBANK.NS,-0.01020515260590138
2022-07-13,HDFCBANK.NS,-0.02439292430746276
2022-07-14,HDFCBANK.NS,-0.005007863077714614
2022-07-15,HDFCBANK.NS,0.008141815330632074
2022-07-18,HDFCBANK.NS,-0.010645717470129323
2022-07-19,HDFCBANK.NS,0.0003710437326129856
2022-07-20,HDFCBANK.NS,0.012610807747663655
2022-07-21,HDFCBANK.NS,-0.003150103420615613
2022-07-22,HDFCBANK.NS,0.02333272092595995
2022-07-25,HDFCBANK.NS,0.0029443271712297214
2022-07-26,HDFCBANK.NS,-0.0020406527536575014
2022-07-27,HDFCBANK.NS,0.007641273122197312
2022-07-28,HDFCBANK.NS,0.008864960805643252
2022-07-29,HDFCBANK.NS,0.012245457094892886
2022-08-01,HDFCBANK.NS,0.008332222597290606
2022-08-02,HDFCBANK.NS,-0.010994726788809306
2022-08-03,HDFCBANK.NS,0.002342230788979105
2022-08-04,HDFCBANK.NS,-0.00118579185325407
2022-08-05,HDFCBANK.NS,-0.003387090930403569
2022-08-08,HDFCBANK.NS,0.024526119478949893
2022-08-10,HDFCBANK.NS,0.0029068772326956704
2022-08-11,HDFCBANK.NS,0.01323051333132974
2022-08-12,HDFCBANK.NS,-0.0003701465813327198
2022-08-16,HDFCBANK.NS,0.01144665503184239
2022-08-17,HDFCBANK.NS,0.005159271626695938
2022-08-18,HDFCBANK.NS,0.0011920834020193727
2022-08-19,HDFCBANK.NS,-0.012337039720939691
2022-08-22,HDFCBANK.NS,-0.015203826060622982
2022-08-23,HDFCBANK.NS,-0.0030944515478359413
2022-08-24,HDFCBANK.NS,0.00480961012618919
2022-08-25,HDFCBANK.NS,-0.005431646218290065
2022-08-26,HDFCBANK.NS,0.00017066594133652302
2022-08-29,HDFCBANK.NS,-0.017541431711236455
2022-08-30,HDFCBANK.NS,0.03244403944684193
2022-09-01,HDFCBANK.NS,-0.009386953368581308
2022-09-02,HDFCBANK.NS,0.009068352657366496
2022-09-05,HDFCBANK.NS,0.006428844717687676
2022-09-06,HDFCBANK.NS,-0.0038126303842840326
2022-09-07,HDFCBANK.NS,-0.0047335595215214354
2022-09-08,HDFCBANK.NS,0.010321747455859676
2022-09-09,HDFCBANK.NS,0.0006677350536206106
2022-09-12,HDFCBANK.NS,-0.003369763005526605
2022-09-13,HDFCBANK.NS,0.01308956922679072
2022-09-14,HDFCBANK.NS,0.01027694737890883
2022-09-15,HDFCBANK.NS,-0.005200715085347807
2022-09-16,HDFCBANK.NS,-0.018379662043348066
2022-09-19,HDFCBANK.NS,0.006598543350150754
2022-09-20,HDFCBANK.NS,0.012045771249849402
2022-09-21,HDFCBANK.NS,-0.0015453249565284821
2022-09-22,HDFCBANK.NS,-0.021306007248726333
2022-09-23,HDFCBANK.NS,-0.026816941847871756
2022-09-26,HDFCBANK.NS,-0.013484078187462445
2022-09-27,HDFCBANK.NS,-0.008972101502877083
2022-09-28,HDFCBANK.NS,-0.017187061694959538
2022-09-29,HDFCBANK.NS,-0.005181586117218084
2022-09-30,HDFCBANK.NS,0.0282128264830106
2022-10-03,HDFCBANK.NS,-0.005734002570832564
2022-10-04,HDFCBANK.NS,0.028163069773050387
2022-10-06,HDFCBANK.NS,-0.0110116999311769
2022-10-07,HDFCBANK.NS,-0.004314510210073119
2022-10-10,HDFCBANK.NS,-0.011042807023291523
2022-10-11,HDFCBANK.NS,-0.0101413255024293
2022-10-12,HDFCBANK.NS,0.0065326985717866215
2022-10-13,HDFCBANK.NS,-0.011491043184211569
2022-10-14,HDFCBANK.NS,0.0325775152191532
2022-10-17,HDFCBANK.NS,0.005246733028578809
2022-10-18,HDFCBANK.NS,-0.0018665605413202835
2022-10-19,HDFCBANK.NS,0.010250406259915579
2022-10-20,HDFCBANK.NS,-0.006752802537328462
2022-10-21,HDFCBANK.NS,-0.0070403595378382144
2022-10-24,HDFCBANK.NS,0.015605500919769977
2022-10-25,HDFCBANK.NS,-0.00694707509999648
2022-10-27,HDFCBANK.NS,0.0024122957757986008
2022-10-28,HDFCBANK.NS,0.0029564952458969174
2022-10-31,HDFCBANK.NS,0.02605059386577202
2022-11-01,HDFCBANK.NS,0.011057693170342331
2022-11-02,HDFCBANK.NS,0.000627755606724012
2022-11-03,HDFCBANK.NS,-0.004391693672030184
2022-11-04,HDFCBANK.NS,-0.006898626299104871
2022-11-07,HDFCBANK.NS,0.0077814676045053766
2022-11-09,HDFCBANK.NS,-0.0002982987987951713
2022-11-10,HDFCBANK.NS,0.010872824397197167
2022-11-11,HDFCBANK.NS,0.05666504306546161
2022-11-14,HDFCBANK.NS,0.0024206463426525993
2022-11-15,HDFCBANK.NS,0.0024457144066469816
2022-11-16,HDFCBANK.NS,0.008585561713442047
2022-11-17,HDFCBANK.NS,-0.009033008622369776
2022-11-18,HDFCBANK.NS,-0.0026264560985554963
2022-11-21,HDFCBANK.NS,-0.0102546927181153
2022-11-22,HDFCBANK.NS,-0.0014711713912760604
2022-11-23,HDFCBANK.NS,0.0026018961843652377
2022-11-24,HDFCBANK.NS,0.016258637152900324
2022-11-25,HDFCBANK.NS,-0.004614958549875481
2022-11-28,HDFCBANK.NS,-0.010756359009338246
2022-11-29,HDFCBANK.NS,-0.00149978091802061
2022-11-30,HDFCBANK.NS,0.006633899144411481
2022-12-01,HDFCBANK.NS,0.006869998547405443
2022-12-02,HDFCBANK.NS,-0.007656699236840092
2022-12-05,HDFCBANK.NS,0.003640081933175665
2022-12-06,HDFCBANK.NS,-0.0011159222618809528
2022-12-07,HDFCBANK.NS,-0.0004345177243454401
2022-12-08,HDFCBANK.NS,0.005619577821427857
2022-12-09,HDFCBANK.NS,0.007131860962102499
2022-12-12,HDFCBANK.NS,0.0077863650971345955
2022-12-13,HDFCBANK.NS,0.00276809054182503
2022-12-14,HDFCBANK.NS,0.008463235308275863
2022-12-15,HDFCBANK.NS,-0.01831851476725821
2022-12-16,HDFCBANK.NS,0.004810623453268548
2022-12-19,HDFCBANK.NS,0.003110404970573022
2022-12-20,HDFCBANK.NS,-0.006900729950410356
2022-12-21,HDFCBANK.NS,-0.009673104317353465
2022-12-22,HDFCBANK.NS,-0.0034309636755540662
2022-12-23,HDFCBANK.NS,-0.008932740285905294
2022-12-26,HDFCBANK.NS,0.01990418819633244
2022-12-27,HDFCBANK.NS,0.0010126266307692866
2022-12-28,HDFCBANK.NS,-0.0007969632623809897
2022-12-29,HDFCBANK.NS,0.007056080289277622
2022-12-30,HDFCBANK.NS,-0.008011956389967545
2023-01-02,HDFCBANK.NS,0.00033776172316213326
2023-01-03,HDFCBANK.NS,0.006538972636672469
2023-01-04,HDFCBANK.NS,-0.01787289303331352
2023-01-05,HDFCBANK.NS,-0.006428432248912541
2023-01-06,HDFCBANK.NS,-0.0033130755264010325
2023-01-09,HDFCBANK.NS,0.001944289725583026
2023-01-10,HDFCBANK.NS,-0.018278529685054723
2023-01-11,HDFCBANK.NS,0.0144104921777084
2023-01-12,HDFCBANK.NS,0.005342887591651468
2023-01-13,HDFCBANK.NS,0.0007815430667246215
2023-01-16,HDFCBANK.NS,-0.009589838722900423
2023-01-17,HDFCBANK.NS,0.014886756360969589
2023-01-18,HDFCBANK.NS,0.017651826703405815
2023-01-19,HDFCBANK.NS,0.004153134156857474
2023-01-20,HDFCBANK.NS,0.010248753625783813
2023-01-23,HDFCBANK.NS,0.007315105675213207
2023-01-24,HDFCBANK.NS,0.01338833586810484
2023-01-25,HDFCBANK.NS,-0.027631952572065743
2023-01-27,HDFCBANK.NS,-0.019925378400192928
2023-01-30,HDFCBANK.NS,-0.00102118106461202
2023-01-31,HDFCBANK.NS,-0.006597914848669895
2023-02-01,HDFCBANK.NS,0.014998471361474808
2023-02-02,HDFCBANK.NS,-0.014869019394894933
2023-02-03,HDFCBANK.NS,0.034583886292151256
2023-02-06,HDFCBANK.NS,-0.004250089595250195
2023-02-07,HDFCBANK.NS,0.001483245752610829
2023-02-08,HDFCBANK.NS,-0.00012087485054834701
2023-02-09,HDFCBANK.NS,-0.0020858229576027343
2023-02-10,HDFCBANK.NS,0.003968329686496297
2023-02-13,HDFCBANK.NS,0.000754329864471881
2023-02-14,HDFCBANK.NS,0.009256173794385036
2023-02-15,HDFCBANK.NS,-0.002031369088210555
2023-02-16,HDFCBANK.NS,-0.0036221329409465985
2023-02-17,HDFCBANK.NS,-0.0050172603791122095
2023-02-20,HDFCBANK.NS,-0.009390693036330666
2023-02-21,HDFCBANK.NS,0.003749214805130574
2023-02-22,HDFCBANK.NS,-0.01961739983487698
2023-02-23,HDFCBANK.NS,-0.006783515985070876
2023-02-24,HDFCBANK.NS,-0.008919412960003092
2023-02-27,HDFCBANK.NS,0.0024859645448707113
2023-02-28,HDFCBANK.NS,0.0042061341384809214
2023-03-01,HDFCBANK.NS,-0.0009689464750365362
2023-03-02,HDFCBANK.NS,-0.008510432865493245
2023-03-03,HDFCBANK.NS,0.019849205851486085
2023-03-06,HDFCBANK.NS,0.007054907012701062
2023-03-08,HDFCBANK.NS,0.001997173171807143
2023-03-09,HDFCBANK.NS,9.193360477199874e-05
2023-03-10,HDFCBANK.NS,-0.02578642792476571
2023-03-13,HDFCBANK.NS,-0.012652236349759205
2023-03-14,HDFCBANK.NS,-0.002677678818935658
2023-03-15,HDFCBANK.NS,-0.014350977416972333
2023-03-16,HDFCBANK.NS,0.006485504793866337
2023-03-17,HDFCBANK.NS,0.013370706665098764
2023-03-20,HDFCBANK.NS,-0.006930991794009356
2023-03-21,HDFCBANK.NS,0.011333408786217358
2023-03-22,HDFCBANK.NS,-0.002310869262455495
2023-03-23,HDFCBANK.NS,-0.008027683730223223
2023-03-24,HDFCBANK.NS,-0.0015993346517952922
2023-03-27,HDFCBANK.NS,0.004357111877382858
2023-03-28,HDFCBANK.NS,0.00813423101035382
2023-03-29,HDFCBANK.NS,0.004809579731105407
2023-03-31,HDFCBANK.NS,0.01369819834433983
2023-04-03,HDFCBANK.NS,0.0006212916465244689
2023-04-05,HDFCBANK.NS,0.026823103823012673
2023-04-06,HDFCBANK.NS,0.007619032856198027
2023-04-10,HDFCBANK.NS,-0.0047409154918279794
2023-04-11,HDFCBANK.NS,0.002924476347822891
2023-04-12,HDFCBANK.NS,0.012986217129708821
2023-04-13,HDFCBANK.NS,0.004480934564908612
2023-04-17,HDFCBANK.NS,-0.015244129813084428
2023-04-18,HDFCBANK.NS,-0.0042300715356263785
2023-04-19,HDFCBANK.NS,0.003675569821446789
2023-04-20,HDFCBANK.NS,0.0037222029320620464
2023-04-21,HDFCBANK.NS,0.0016148998938025905
2023-04-24,HDFCBANK.NS,0.008091513809669104
2023-04-25,HDFCBANK.NS,-0.01421674593662381
2023-04-26,HDFCBANK.NS,0.004596955984636164
2023-04-27,HDFCBANK.NS,0.005503021236495265
2023-04-28,HDFCBANK.NS,0.003926219860759916
2023-05-02,HDFCBANK.NS,-0.00020738065359116042
2023-05-03,HDFCBANK.NS,0.0034968288126018265
2023-05-04,HDFCBANK.NS,0.020464828228115017
2023-05-05,HDFCBANK.NS,-0.05912143855033769
2023-05-08,HDFCBANK.NS,0.011564559699489108
2023-05-09,HDFCBANK.NS,3.043499626698143e-05
2023-05-10,HDFCBANK.NS,0.004621450645142966
2023-05-11,HDFCBANK.NS,0.0006658044925806905
2023-05-12,HDFCBANK.NS,0.008831416699414119
2023-05-15,HDFCBANK.NS,0.004796738077577745
2023-05-16,HDFCBANK.NS,-0.017006802225557838
2023-05-17,HDFCBANK.NS,-0.005372486732180826
2023-05-18,HDFCBANK.NS,0.003997710655391229
2023-05-19,HDFCBANK.NS,0.001155030038943794
2023-05-22,HDFCBANK.NS,-0.003552113364026943
2023-05-23,HDFCBANK.NS,-0.002346118364275007
2023-05-24,HDFCBANK.NS,-0.013071037736369528
2023-05-25,HDFCBANK.NS,-0.003837153765828938
2023-05-26,HDFCBANK.NS,0.0038519342297644865
2023-05-29,HDFCBANK.NS,0.012192072395444287
2023-05-30,HDFCBANK.NS,0.000764292265362343
2023-05-31,HDFCBANK.NS,-0.01582405646192908
2023-06-01,HDFCBANK.NS,-0.004252398230596199
2023-06-02,HDFCBANK.NS,0.0015586034912717928
2023-06-05,HDFCBANK.NS,-0.0013071743454325935
2023-06-06,HDFCBANK.NS,-0.003116429770577911
2023-06-07,HDFCBANK.NS,0.005189400169512526
2023-06-08,HDFCBANK.NS,0.0006220066121611634
2023-06-09,HDFCBANK.NS,0.0011810931010960424
2023-06-12,HDFCBANK.NS,-0.0060846435529389176
2023-06-13,HDFCBANK.NS,0.0016866261178911657
2023-06-14,HDFCBANK.NS,-0.001091362644215832
2023-06-15,HDFCBANK.NS,-0.012299017432105486
2023-06-16,HDFCBANK.NS,0.013084258103723156
2023-06-19,HDFCBANK.NS,0.0008735139067617137
2023-06-20,HDFCBANK.NS,0.0020883181341850854
2023-06-21,HDFCBANK.NS,0.017480544687985988
2023-06-22,HDFCBANK.NS,0.004891171508567771
2023-06-23,HDFCBANK.NS,-6.082720091415972e-05
2023-06-26,HDFCBANK.NS,-0.004837207892835371
2023-06-27,HDFCBANK.NS,0.014093073320702088
2023-06-28,HDFCBANK.NS,0.010581242666378943
2023-06-30,HDFCBANK.NS,0.015064284003352801
2023-07-03,HDFCBANK.NS,0.010814637445652586
2023-07-04,HDFCBANK.NS,0.004884231948634854
2023-07-05,HDFCBANK.NS,-0.03176710096914592
2023-07-06,HDFCBANK.NS,0.0010159272827761079
2023-07-07,HDFCBANK.NS,-0.008716403334888101
2023-07-10,HDFCBANK.NS,-0.0023789889087609817
2023-07-11,HDFCBANK.NS,-0.004859746442756996
2023-07-12,HDFCBANK.NS,-0.009372769360203925
2023-07-13,HDFCBANK.NS,0.004990982367961472
2023-07-14,HDFCBANK.NS,0.0020717960298846094
2023-07-17,HDFCBANK.NS,0.020918227068447814
2023-07-18,HDFCBANK.NS,-0.0008338938553241748
2023-07-19,HDFCBANK.NS,0.0045305368619597
2023-07-20,HDFCBANK.NS,0.002166058077826216
2023-07-21,HDFCBANK.NS,-0.007698001480384908
2023-07-24,HDFCBANK.NS,0.0015813960400195004
2023-07-25,HDFCBANK.NS,0.010843631379372054
2023-07-26,HDFCBANK.NS,-0.0034775577619732267
2023-07-27,HDFCBANK.NS,-0.01038027282466536
2023-07-28,HDFCBANK.NS,-0.017721079390024208
2023-07-31,HDFCBANK.NS,0.004685093502814208
2023-08-01,HDFCBANK.NS,0.0066921324823698836
2023-08-02,HDFCBANK.NS,-0.013084674387125905
2023-08-03,HDFCBANK.NS,-0.007223392615627877
2023-08-04,HDFCBANK.NS,0.01445978350461452
2023-08-07,HDFCBANK.NS,-0.0005749613847895185
2023-08-08,HDFCBANK.NS,-0.0008175476674867621
2023-08-09,HDFCBANK.NS,0.00036364360086027503
2023-08-10,HDFCBANK.NS,-0.008876112943994263
2023-08-11,HDFCBANK.NS,-0.010422671401578487
2023-08-14,HDFCBANK.NS,-0.004880173076212468
2023-08-16,HDFCBANK.NS,-0.0029176691110281983
2023-08-17,HDFCBANK.NS,-0.0055409678833925335
2023-08-18,HDFCBANK.NS,-0.004100700324231821
2023-08-21,HDFCBANK.NS,-0.0007857928650008006
2023-08-22,HDFCBANK.NS,-0.004278105585482805
2023-08-23,HDFCBANK.NS,0.002464159053757964
2023-08-24,HDFCBANK.NS,-0.004600987564692627
2023-08-25,HDFCBANK.NS,-0.011270846753492436
2023-08-28,HDFCBANK.NS,0.01040666026256809
2023-08-29,HDFCBANK.NS,0.007954396341705028
2023-08-30,HDFCBANK.NS,-0.0072942823995999495
2023-08-31,HDFCBANK.NS,-0.004592386282534777
2023-09-01,HDFCBANK.NS,0.00206815368034885
2023-09-04,HDFCBANK.NS,0.006255221922703225
2023-09-05,HDFCBANK.NS,-0.0060900723339091245
2023-09-06,HDFCBANK.NS,0.013080179863227626
2023-09-07,HDFCBANK.NS,0.00962079322214815
2023-09-08,HDFCBANK.NS,0.007790948268512787
2023-09-11,HDFCBANK.NS,0.00517434045074272
2023-09-12,HDFCBANK.NS,0.003125367957673486
2023-09-13,HDFCBANK.NS,0.004276376012948946
2023-09-14,HDFCBANK.NS,-0.0006083094988433846
2023-09-15,HDFCBANK.NS,0.01147359870096798
2023-09-18,HDFCBANK.NS,-0.019678020864675738
2023-09-20,HDFCBANK.NS,-0.04011546342806371
2023-09-21,HDFCBANK.NS,-0.006618901265668664
2023-09-22,HDFCBANK.NS,-0.015257315829895424
2023-09-25,HDFCBANK.NS,0.0008825388581643612
2023-09-26,HDFCBANK.NS,0.004343582243019339
2023-09-27,HDFCBANK.NS,-0.0070237366479023455
2023-09-28,HDFCBANK.NS,-0.0020630870514004584
2023-09-29,HDFCBANK.NS,0.0017064367917385415
2023-10-03,HDFCBANK.NS,-0.011957019862517959
2023-10-04,HDFCBANK.NS,0.014256821261805719
2023-10-05,HDFCBANK.NS,0.004053447729039705
2023-10-06,HDFCBANK.NS,-0.0011069192068208222
2023-10-09,HDFCBANK.NS,-0.011603303843784385
2023-10-10,HDFCBANK.NS,0.005671871779678428
2023-10-11,HDFCBANK.NS,0.009673082753162143
2023-10-12,HDFCBANK.NS,0.006657573501259062
2023-10-13,HDFCBANK.NS,-0.009097639002514923
2023-10-16,HDFCBANK.NS,-0.0040045739306934225
2023-10-17,HDFCBANK.NS,0.007583666168335279
2023-10-18,HDFCBANK.NS,-0.013917695205975855
2023-10-19,HDFCBANK.NS,-0.0031584463419147557
2023-10-20,HDFCBANK.NS,0.005181753793369603
2023-10-23,HDFCBANK.NS,-0.010999474299262069
2023-10-25,HDFCBANK.NS,-0.006341123148965733
2023-10-26,HDFCBANK.NS,-0.02211825966317238
2023-10-27,HDFCBANK.NS,0.003929205893174803
2023-10-30,HDFCBANK.NS,0.01085658435613901
2023-10-31,HDFCBANK.NS,-0.0057908394904824245
2023-11-01,HDFCBANK.NS,-0.0013545546901455596
2023-11-02,HDFCBANK.NS,0.0015259409969481386
2023-11-03,HDFCBANK.NS,0.004740138818351003
2023-11-06,HDFCBANK.NS,0.007245155855096774
2023-11-07,HDFCBANK.NS,-0.00485112077617933
2023-11-08,HDFCBANK.NS,0.0028912750567322565
2023-11-09,HDFCBANK.NS,-0.003955632879163562
2023-11-10,HDFCBANK.NS,0.003937653882006842
2023-11-13,HDFCBANK.NS,-0.0018102253918035327
2023-11-15,HDFCBANK.NS,0.010478220764579271
2023-11-16,HDFCBANK.NS,0.0026255989815031633
2023-11-17,HDFCBANK.NS,-0.00215467235893807
2023-11-20,HDFCBANK.NS,6.642454824201671e-05
2023-11-21,HDFCBANK.NS,0.008470635406328197
2023-11-22,HDFCBANK.NS,-0.0035573652079775586
2023-11-23,HDFCBANK.NS,0.0057849325427474785
2023-11-24,HDFCBANK.NS,0.00709914310864046
2023-11-28,HDFCBANK.NS,-0.0022517794052934192
2023-11-29,HDFCBANK.NS,0.019952245126670265
2023-11-30,HDFCBANK.NS,-0.00022446562579447882
2023-12-01,HDFCBANK.NS,-0.002181180592481069
2023-12-04,HDFCBANK.NS,0.0347177569450936
2023-12-05,HDFCBANK.NS,0.008885253225355605
2023-12-06,HDFCBANK.NS,0.0025251572208835338
2023-12-07,HDFCBANK.NS,0.0016279040817437362
2023-12-08,HDFCBANK.NS,0.013953203521303248
2023-12-11,HDFCBANK.NS,-0.0013307229838203094
2023-12-12,HDFCBANK.NS,-0.009933388500340756
2023-12-13,HDFCBANK.NS,-0.0022635208779743232
2023-12-14,HDFCBANK.NS,0.011803298615386204
2023-12-15,HDFCBANK.NS,0.0038784500314357206
2023-12-18,HDFCBANK.NS,-0.0005131735421162187
2023-12-19,HDFCBANK.NS,-0.0016910834332215519
2023-12-20,HDFCBANK.NS,0.002480474030721158
2023-12-21,HDFCBANK.NS,0.017923929494191304
2023-12-22,HDFCBANK.NS,-0.009397033286759338
2023-12-26,HDFCBANK.NS,0.00694255962859236
2023-12-27,HDFCBANK.NS,0.012392700086993447
2023-12-28,HDFCBANK.NS,0.0011448077942677326
2023-12-29,HDFCBANK.NS,0.0023456971118605008
2024-01-01,HDFCBANK.NS,-0.0065233432289381055
2024-01-02,HDFCBANK.NS,0.0005888934776381305
2024-01-03,HDFCBANK.NS,-0.015419899681206162
2024-01-04,HDFCBANK.NS,0.01072984094083096
2024-01-05,HDFCBANK.NS,-0.005115784687559244
2024-01-08,HDFCBANK.NS,-0.011146118502106783
2024-01-09,HDFCBANK.NS,-0.0077849959734297425
2024-01-10,HDFCBANK.NS,0.003302000104135061
2024-01-11,HDFCBANK.NS,-0.004196957261272671
2024-01-12,HDFCBANK.NS,-0.004730169089220748
2024-01-15,HDFCBANK.NS,0.01925426431659738
2024-01-16,HDFCBANK.NS,0.003796015901832428
2024-01-17,HDFCBANK.NS,-0.0843581707140737
2024-01-18,HDFCBANK.NS,-0.03339835810467484
2024-01-19,HDFCBANK.NS,-0.010429633445729114
2024-01-23,HDFCBANK.NS,-0.029442796116891712
2024-01-24,HDFCBANK.NS,0.020002136348098443
2024-01-25,HDFCBANK.NS,-0.014424067345181646
2024-01-29,HDFCBANK.NS,0.013764025133433888
2024-01-30,HDFCBANK.NS,-0.007115096698332324
2024-01-31,HDFCBANK.NS,0.012635878545325552
2024-02-01,HDFCBANK.NS,0.0025981516057225207
2024-02-02,HDFCBANK.NS,-0.013775668502195915
2024-02-05,HDFCBANK.NS,-0.0008989723100490954
2024-02-06,HDFCBANK.NS,-0.0005190850348983922
2024-02-07,HDFCBANK.NS,-0.009798507480980434
2024-02-08,HDFCBANK.NS,-0.01881177891695085
2024-02-09,HDFCBANK.NS,0.0003919509202625626
2024-02-12,HDFCBANK.NS,-0.009689352965584153
2024-02-13,HDFCBANK.NS,0.003201403720773488
2024-02-14,HDFCBANK.NS,-0.007458067846042193
2024-02-15,HDFCBANK.NS,0.02167551673828627
2024-02-16,HDFCBANK.NS,0.004137035737020511
2024-02-19,HDFCBANK.NS,-0.0019720042115504155
2024-02-20,HDFCBANK.NS,0.026250846011627527
2024-02-21,HDFCBANK.NS,-0.01041739937110664
2024-02-22,HDFCBANK.NS,-0.013619132997560457
2024-02-23,HDFCBANK.NS,0.0007396194017106339
2024-02-26,HDFCBANK.NS,0.001196729038015265
2024-02-27,HDFCBANK.NS,-0.0015116531957050094
2024-02-28,HDFCBANK.NS,-0.007569622797024778
2024-02-29,HDFCBANK.NS,-0.00425713062016897
2024-03-01,HDFCBANK.NS,0.019488367614470148
2024-03-04,HDFCBANK.NS,0.0013628874170015237
2024-03-05,HDFCBANK.NS,0.005688577295892339
2024-03-06,HDFCBANK.NS,0.0012145608700784294
2024-03-07,HDFCBANK.NS,0.0024261750029341833
2024-03-11,HDFCBANK.NS,-0.012654676071339854
2024-03-12,HDFCBANK.NS,0.022237007223846916
2024-03-13,HDFCBANK.NS,0.0005823545322203305
2024-03-14,HDFCBANK.NS,-0.003389532429084685
2024-03-15,HDFCBANK.NS,-0.0019237533764442372
2024-03-18,HDFCBANK.NS,-0.00454340376209994
2024-03-19,HDFCBANK.NS,0.00228202803940758
2024-03-20,HDFCBANK.NS,-0.012626299421169329
2024-03-21,HDFCBANK.NS,0.010272143300587233
2024-03-22,HDFCBANK.NS,-0.0020058961881809223
2024-03-26,HDFCBANK.NS,-0.01209408564101655
2024-03-27,HDFCBANK.NS,0.010733777533153743
2024-03-28,HDFCBANK.NS,0.0049976216326867995
2024-04-01,HDFCBANK.NS,0.01560879563841655
2024-04-02,HDFCBANK.NS,0.006562410346183212
2024-04-03,HDFCBANK.NS,0.0014525719545988025
2024-04-04,HDFCBANK.NS,0.03056056484220293
2024-04-05,HDFCBANK.NS,0.014368992925499535
2024-04-08,HDFCBANK.NS,-0.0019038257230984401
2024-04-09,HDFCBANK.NS,0.0012608775850062592
2024-04-10,HDFCBANK.NS,-0.007878384848729936
2024-04-12,HDFCBANK.NS,-0.011325560380489708
2024-04-15,HDFCBANK.NS,-0.015964976318864954
2024-04-16,HDFCBANK.NS,0.009734427847353233
2024-04-18,HDFCBANK.NS,-0.009640582294599964
2024-04-19,HDFCBANK.NS,0.024486585168852715
2024-04-22,HDFCBANK.NS,-0.0124731254797954
2024-04-23,HDFCBANK.NS,-0.0030419096246979693
2024-04-24,HDFCBANK.NS,0.0027195381084721415
2024-04-25,HDFCBANK.NS,-0.0006283992872649913
2024-04-26,HDFCBANK.NS,-0.0006287944212312047
2024-04-29,HDFCBANK.NS,0.013048053076409438
2024-04-30,HDFCBANK.NS,-0.0061458152429306745
2024-05-02,HDFCBANK.NS,0.007992911393462254
2024-05-03,HDFCBANK.NS,-0.00825584885890851
2024-05-06,HDFCBANK.NS,0.0020071392979252867
2024-05-07,HDFCBANK.NS,-0.0108363706271567
2024-05-08,HDFCBANK.NS,-0.01560269536173342
2024-05-09,HDFCBANK.NS,-0.023707566745532982
2024-05-10,HDFCBANK.NS,-0.006632107485967209
2024-05-13,HDFCBANK.NS,0.012066190480111816
2024-05-14,HDFCBANK.NS,0.0039168192213536734
2024-05-15,HDFCBANK.NS,-0.01536668053129897
2024-05-16,HDFCBANK.NS,0.015119916579770631
2024-05-17,HDFCBANK.NS,0.0026365181208269917
2024-05-21,HDFCBANK.NS,-0.0036199213483979475
2024-05-22,HDFCBANK.NS,0.00027413101889539604
2024-05-23,HDFCBANK.NS,0.022889271883020035
2024-05-24,HDFCBANK.NS,0.016481291697918232
2024-05-27,HDFCBANK.NS,0.006920643512998925
2024-05-28,HDFCBANK.NS,0.001832852600392565
2024-05-29,HDFCBANK.NS,-0.01450503180129048
2024-05-30,HDFCBANK.NS,0.004342588706339523
2024-05-31,HDFCBANK.NS,0.011024242341706403
2024-06-03,HDFCBANK.NS,0.026541674152179118
2024-06-04,HDFCBANK.NS,-0.05664033171571914
2024-06-05,HDFCBANK.NS,0.046286635393600006
2024-06-06,HDFCBANK.NS,0.0050907991333779545
2024-06-07,HDFCBANK.NS,0.008751698942996544
2024-06-10,HDFCBANK.NS,-0.007658770740645249
2024-06-11,HDFCBANK.NS,0.002241721572113553
2024-06-12,HDFCBANK.NS,0.0059751887104935175
2024-06-13,HDFCBANK.NS,0.004192723364086159
2024-06-14,HDFCBANK.NS,0.010216684747153204
2024-06-18,HDFCBANK.NS,0.006825740025936833
2024-06-19,HDFCBANK.NS,0.03112944721844757
2024-06-20,HDFCBANK.NS,0.006936695219321942
2024-06-21,HDFCBANK.NS,-0.002156513396583515
2024-06-24,HDFCBANK.NS,0.0039922103641378826
2024-06-25,HDFCBANK.NS,0.02328985326672739
2024-06-26,HDFCBANK.NS,-0.0057556757685200965
2024-06-27,HDFCBANK.NS,-0.003144270106339997
2024-06-28,HDFCBANK.NS,-0.00728118115035481
2024-07-01,HDFCBANK.NS,0.01270928953746231
2024-07-02,HDFCBANK.NS,0.01489562816173362
2024-07-03,HDFCBANK.NS,0.02198662276950647
2024-07-04,HDFCBANK.NS,-0.023464223801850537
2024-07-05,HDFCBANK.NS,-0.045769069108482774
2024-07-08,HDFCBANK.NS,-0.0077361811715742634
2024-07-09,HDFCBANK.NS,0.0007032283188499466
2024-07-10,HDFCBANK.NS,-0.006355040888519681
2024-07-11,HDFCBANK.NS,-0.002582836993378357
2024-07-12,HDFCBANK.NS,0.0004932034932927376
2024-07-15,HDFCBANK.NS,-0.00036973907930681893
2024-07-16,HDFCBANK.NS,-0.0014487242594826144
2024-07-18,HDFCBANK.NS,-0.0030559970192158836
2024-07-19,HDFCBANK.NS,-0.004644537882843691
2024-07-22,HDFCBANK.NS,0.021931188284166847
2024-07-23,HDFCBANK.NS,-0.014702763201213997
2024-07-24,HDFCBANK.NS,-0.008866766787854474
2024-07-25,HDFCBANK.NS,0.007823899738652829
2024-07-26,HDFCBANK.NS,0.000958832643532137
2024-07-29,HDFCBANK.NS,-0.008095649592614884
2024-07-30,HDFCBANK.NS,0.006541852079731791
2024-07-31,HDFCBANK.NS,0.00012376662178925635
2024-08-01,HDFCBANK.NS,0.014265851046340705
2024-08-02,HDFCBANK.NS,0.012417607383212736
2024-08-05,HDFCBANK.NS,-0.026157986785667275
2024-08-06,HDFCBANK.NS,-0.00900513620803034
2024-08-07,HDFCBANK.NS,0.013927085628377744
2024-08-08,HDFCBANK.NS,0.01182627112526946
2024-08-09,HDFCBANK.NS,0.004565654241755812
2024-08-12,HDFCBANK.NS,0.005999287787538776
2024-08-13,HDFCBANK.NS,-0.0342750588825107
2024-08-14,HDFCBANK.NS,0.0028693224777653903
2024-08-16,HDFCBANK.NS,0.01511377411359316
2024-08-19,HDFCBANK.NS,-0.00033694428407493593
2024-08-20,HDFCBANK.NS,0.0037693617478467
2024-08-21,HDFCBANK.NS,-0.007266228673472708
2024-08-22,HDFCBANK.NS,0.0033829498307398342
2024-08-23,HDFCBANK.NS,-0.0038313000753539272
2024-08-26,HDFCBANK.NS,0.009168888277930165
2024-08-27,HDFCBANK.NS,-0.001341474579942492
2024-08-28,HDFCBANK.NS,-0.0003969008786826045
2024-08-29,HDFCBANK.NS,0.0008857572926592727
2024-08-30,HDFCBANK.NS,-0.0010070027554194283
2024-09-02,HDFCBANK.NS,-0.006078607791425217
2024-09-03,HDFCBANK.NS,0.00639234440283265
2024-09-04,HDFCBANK.NS,0.0027178509839320686
2024-09-05,HDFCBANK.NS,0.0022231101444754042
2024-09-06,HDFCBANK.NS,-0.005165760279701281
2024-09-09,HDFCBANK.NS,0.00583405058981068
2024-09-10,HDFCBANK.NS,0.002338278521674786
2024-09-11,HDFCBANK.NS,-0.003908232355131269
2024-09-12,HDFCBANK.NS,0.01380859592113337
2024-09-13,HDFCBANK.NS,-0.0003900302553609958
2024-09-16,HDFCBANK.NS,0.003001290642904886
2024-09-17,HDFCBANK.NS,-0.0012866347925275523
2024-09-18,HDFCBANK.NS,0.015580057070502695
2024-09-19,HDFCBANK.NS,0.008083520637934827
2024-09-20,HDFCBANK.NS,0.019139567557433512
2024-09-23,HDFCBANK.NS,0.010682344462352944
2024-09-24,HDFCBANK.NS,0.004688032600915992
2024-09-25,HDFCBANK.NS,0.006249781653600017
2024-09-26,HDFCBANK.NS,0.00244504280008484
2024-09-27,HDFCBANK.NS,-0.017269857636080244
2024-09-30,HDFCBANK.NS,-0.011753616123575172
2024-10-01,HDFCBANK.NS,-0.0033775569361913504
2024-10-03,HDFCBANK.NS,-0.02560534840814288
2024-10-04,HDFCBANK.NS,-0.014476798802578794
2024-10-07,HDFCBANK.NS,-0.024040041624602604
2024-10-08,HDFCBANK.NS,0.020552601679104443
2024-10-09,HDFCBANK.NS,-0.010841600123974171
2024-10-10,HDFCBANK.NS,0.017910173323173018
2024-10-11,HDFCBANK.NS,-0.006857569926997931
2024-10-14,HDFCBANK.NS,0.022471214770404258
2024-10-15,HDFCBANK.NS,-0.0023695279058407737
2024-10-16,HDFCBANK.NS,0.0093225304137452
2024-10-17,HDFCBANK.NS,-0.01567832900842403
2024-10-18,HDFCBANK.NS,0.005199743624258568
2024-10-21,HDFCBANK.NS,0.02785621563517604
2024-10-22,HDFCBANK.NS,-0.008185285326211655
2024-10-23,HDFCBANK.NS,0.012393922250635958
2024-10-24,HDFCBANK.NS,0.007979015552677327
2024-10-25,HDFCBANK.NS,-0.003572142950184043
2024-10-28,HDFCBANK.NS,-0.005277086792103036
2024-10-29,HDFCBANK.NS,0.010177617870497313
2024-10-30,HDFCBANK.NS,-0.00984673359043231
2024-10-31,HDFCBANK.NS,0.0006341379000458502
2024-11-01,HDFCBANK.NS,0.000921874575827264
2024-11-04,HDFCBANK.NS,-0.01335409692634082
2024-11-05,HDFCBANK.NS,0.025523598753360188
2024-11-06,HDFCBANK.NS,-0.0014790656893634013
2024-11-07,HDFCBANK.NS,-0.004956531076413584
2024-11-08,HDFCBANK.NS,0.0045231468454343116
2024-11-11,HDFCBANK.NS,0.0067543093197584
2024-11-12,HDFCBANK.NS,-0.027232121568565137
2024-11-13,HDFCBANK.NS,-0.021446849396546952
2024-11-14,HDFCBANK.NS,0.006780280476757827
2024-11-18,HDFCBANK.NS,0.0072958059878525106
2024-11-19,HDFCBANK.NS,0.021787593071366018
2024-11-21,HDFCBANK.NS,-0.0006026969884488365
2024-11-22,HDFCBANK.NS,0.002527006970739487
2024-11-25,HDFCBANK.NS,0.022914757424061794
2024-11-26,HDFCBANK.NS,-2.7960774246826858e-05
2024-11-27,HDFCBANK.NS,0.01498137787711773
2024-11-28,HDFCBANK.NS,-0.01056669640683694
2024-11-29,HDFCBANK.NS,0.001617279298763652
2024-12-02,HDFCBANK.NS,0.00481606976898763
2024-12-03,HDFCBANK.NS,0.011968802704418469
2024-12-04,HDFCBANK.NS,0.018507324018033566
2024-12-05,HDFCBANK.NS,0.003037484268705981
2024-12-06,HDFCBANK.NS,-0.0053061902259480265
2024-12-09,HDFCBANK.NS,0.007624551876611152
2024-12-10,HDFCBANK.NS,-0.0010160558363970784
2024-12-11,HDFCBANK.NS,-0.002676516281432839
2024-12-12,HDFCBANK.NS,-0.002066435315542736
2024-12-13,HDFCBANK.NS,0.006723141051499182
2024-12-16,HDFCBANK.NS,-0.003499425045078164
2024-12-17,HDFCBANK.NS,-0.017129504615203017
2024-12-18,HDFCBANK.NS,-0.012300585751056858
2024-12-19,HDFCBANK.NS,-0.009499062039927342
2024-12-20,HDFCBANK.NS,-0.012266517981600278
2024-12-23,HDFCBANK.NS,0.01665255433248669
2024-12-24,HDFCBANK.NS,-0.001610230102200183
2024-12-26,HDFCBANK.NS,-0.00408763455076655
2024-12-27,HDFCBANK.NS,0.004188189306156609
2024-12-30,HDFCBANK.NS,-0.011316544187925714
2024-12-31,HDFCBANK.NS,-0.0028404571453838345
2025-01-01,HDFCBANK.NS,0.005584242632143965
2025-01-02,HDFCBANK.NS,0.006170242602720588
2025-01-03,HDFCBANK.NS,-0.024836264155052246
2025-01-06,HDFCBANK.NS,-0.022124372428633965
2025-01-07,HDFCBANK.NS,0.0016954249716822911
2025-01-08,HDFCBANK.NS,-0.011147411762451154
2025-01-09,HDFCBANK.NS,-0.01564067711520689
2025-01-10,HDFCBANK.NS,-0.006625523746620177
2025-01-13,HDFCBANK.NS,-0.015633031183982182
2025-01-14,HDFCBANK.NS,0.009657540690915623
2025-01-15,HDFCBANK.NS,-0.002155913282185784
2025-01-16,HDFCBANK.NS,0.005477617682077884
2025-01-17,HDFCBANK.NS,-0.009261250189713133
2025-01-20,HDFCBANK.NS,0.008859019398197665
2025-01-21,HDFCBANK.NS,-0.005359561293527659
2025-01-22,HDFCBANK.NS,0.014399673686378511
2025-01-23,HDFCBANK.NS,-0.0006902700281251617
2025-01-24,HDFCBANK.NS,-0.009069598993640349
2025-01-27,HDFCBANK.NS,-0.012122681178368455
2025-01-28,HDFCBANK.NS,0.024911016302355593
2025-01-29,HDFCBANK.NS,0.004130761681761186
2025-01-30,HDFCBANK.NS,0.008465957645321653
2025-01-31,HDFCBANK.NS,0.004286136565178733
2025-02-01,HDFCBANK.NS,-0.0045916402225901765
2025-02-03,HDFCBANK.NS,-0.007658388211253864
2025-02-04,HDFCBANK.NS,0.025566164728285212
2025-02-05,HDFCBANK.NS,0.009820456839040759
2025-02-06,HDFCBANK.NS,0.0034813710368417627
2025-02-07,HDFCBANK.NS,-0.006365212455967106
2025-02-10,HDFCBANK.NS,-0.009810994084547664
2025-02-11,HDFCBANK.NS,-0.008363675119299141
2025-02-12,HDFCBANK.NS,0.0031738711276452225
2025-02-13,HDFCBANK.NS,-0.005331671781060754
2025-02-14,HDFCBANK.NS,-0.0016787274947909214
2025-02-17,HDFCBANK.NS,0.013275511298409315
2025-02-18,HDFCBANK.NS,0.0033191098629985483
2025-02-19,HDFCBANK.NS,0.0024084630313394584
2025-02-20,HDFCBANK.NS,-0.023216753543056967
2025-02-21,HDFCBANK.NS,0.0032007732156993374
2025-02-24,HDFCBANK.NS,-0.009098980451440197
2025-02-25,HDFCBANK.NS,0.0031304037185773126
2025-02-27,HDFCBANK.NS,0.01090734737256227
2025-02-28,HDFCBANK.NS,0.0186394273842041
2025-03-03,HDFCBANK.NS,-0.017807651322547025
2025-03-04,HDFCBANK.NS,0.0049660315179647085
2025-03-05,HDFCBANK.NS,-0.011695906432748537
2025-03-06,HDFCBANK.NS,0.0007100302792160118
2025-03-07,HDFCBANK.NS,-0.0011529985975483603
2025-03-10,HDFCBANK.NS,-0.0010359627053425635
2025-03-11,HDFCBANK.NS,-0.001185185185185178
2025-03-12,HDFCBANK.NS,0.015218050675800843
2025-03-13,HDFCBANK.NS,-0.0026590589739102777
2025-03-17,HDFCBANK.NS,0.0022266781216964127
2025-03-18,HDFCBANK.NS,0.0
2025-03-19,HDFCBANK.NS,0.019702964622804853
2025-03-20,HDFCBANK.NS,0.014133378108546424
2025-03-21,HDFCBANK.NS,0.0009045798365723279
2025-03-24,HDFCBANK.NS,0.01674811467955606
2025-03-25,HDFCBANK.NS,0.011916639539930607
2025-03-26,HDFCBANK.NS,-0.00818024252281202
2025-03-27,HDFCBANK.NS,0.010406535246564319
2025-03-28,HDFCBANK.NS,0.001561331045583536
2025-04-01,HDFCBANK.NS,-0.033010599057971324
2025-04-02,HDFCBANK.NS,0.01643241747280988
2025-04-03,HDFCBANK.NS,-0.0011408808505044554
2025-04-04,HDFCBANK.NS,0.012508050002819182
2025-04-07,HDFCBANK.NS,-0.03279595887023867
2025-04-08,HDFCBANK.NS,0.006514236536533824
2025-04-09,HDFCBANK.NS,-0.0023457730304341506
2025-04-11,HDFCBANK.NS,0.023654390934844116
2025-04-15,HDFCBANK.NS,0.03218487583454399
2025-04-16,HDFCBANK.NS,0.0070244921520945525
2025-04-17,HDFCBANK.NS,0.0152821891224042
2025-04-21,HDFCBANK.NS,0.010699126730204345
2025-04-22,HDFCBANK.NS,0.017954426871609197
2025-04-23,HDFCBANK.NS,-0.019268964519896015
2025-04-24,HDFCBANK.NS,-0.0036904077633139742
2025-04-25,HDFCBANK.NS,-0.002921586766274187
2025-04-28,HDFCBANK.NS,0.004709083418760862
2025-04-29,HDFCBANK.NS,-0.0059368308684690785
2025-04-30,HDFCBANK.NS,0.008486981746370192
2025-05-02,HDFCBANK.NS,-0.0016103769277597824
2025-05-05,HDFCBANK.NS,0.007752757284346767
2025-05-06,HDFCBANK.NS,-0.0026332597726522744
2025-05-07,HDFCBANK.NS,0.007195747147806353
2025-05-08,HDFCBANK.NS,-0.00878905006194175
2025-05-09,HDFCBANK.NS,-0.020119288995657292
2025-05-12,HDFCBANK.NS,0.03571995647147097
2025-05-13,HDFCBANK.NS,-0.017678303928640893
2025-05-14,HDFCBANK.NS,-0.006241547983138251
2025-05-15,HDFCBANK.NS,0.012142820861846149
2025-05-16,HDFCBANK.NS,0.00046535439085104713
2025-05-19,HDFCBANK.NS,0.0020675040579689608
2025-05-20,HDFCBANK.NS,-0.01227623013216994
2025-05-21,HDFCBANK.NS,0.006214436399990975
2025-05-22,HDFCBANK.NS,-0.0035810796342148343
2025-05-23,HDFCBANK.NS,0.007135762798928136
2025-05-26,HDFCBANK.NS,0.0034133097172477367
2025-05-27,HDFCBANK.NS,-0.007164159722483521
2025-05-28,HDFCBANK.NS,-0.0014535891383216093
2025-05-29,HDFCBANK.NS,0.0020795425006499
2025-05-30,HDFCBANK.NS,0.009027250020265942
2025-06-02,HDFCBANK.NS,-0.006581340257826973
2025-06-03,HDFCBANK.NS,-0.0038817867060556566
2025-06-04,HDFCBANK.NS,0.008625156290404501
2025-06-05,HDFCBANK.NS,0.004327232961752081
2025-06-06,HDFCBANK.NS,0.014926126359430025
2025-06-09,HDFCBANK.NS,0.00010111348214714155
2025-06-10,HDFCBANK.NS,-0.006872492505003769
2025-06-11,HDFCBANK.NS,-0.00758155194823662
2025-06-12,HDFCBANK.NS,-0.003589007338175576
2025-06-13,HDFCBANK.NS,-0.013275727335602894
2025-06-16,HDFCBANK.NS,0.009282461960131272
2025-06-17,HDFCBANK.NS,-0.0029968217190040614
2025-06-18,HDFCBANK.NS,0.002228466460681533
2025-06-19,HDFCBANK.NS,0.0007239383610260219
2025-06-20,HDFCBANK.NS,0.015191392343297139
2025-06-23,HDFCBANK.NS,-0.008296394952364228
2025-06-24,HDFCBANK.NS,0.0064155203466285116
2025-06-25,HDFCBANK.NS,0.009842381823407687
2025-06-26,HDFCBANK.NS,0.02100802882639763
2025-06-27,HDFCBANK.NS,-0.0034128124678114435
2025-06-30,HDFCBANK.NS,-0.006650466153008905
2025-07-01,HDFCBANK.NS,0.005296015781132812
2025-07-02,HDFCBANK.NS,-0.012971510313913193
2025-07-03,HDFCBANK.NS,0.000553864846897012
2025-07-04,HDFCBANK.NS,0.0011071779322722186
2025-07-07,HDFCBANK.NS,-0.0009551220868776467
2025-07-08,HDFCBANK.NS,0.007044379504889786
2025-07-09,HDFCBANK.NS,0.004896535744113306
2025-07-10,HDFCBANK.NS,-0.002486078023762217
2025-07-11,HDFCBANK.NS,-0.011215233051350193
2025-07-14,HDFCBANK.NS,-0.0003528513329152938
2025-07-15,HDFCBANK.NS,0.006303580433686395
2025-07-16,HDFCBANK.NS,0.00040092649868461727
2025-07-17,HDFCBANK.NS,-0.004708723230047784
2025-07-18,HDFCBANK.NS,-0.01484724930168524
2025-07-21,HDFCBANK.NS,0.022018992054952724
2025-07-22,HDFCBANK.NS,0.0032991630022181084
2025-07-23,HDFCBANK.NS,0.008569614593894936
2025-07-24,HDFCBANK.NS,-0.004989427166242955
2025-07-25,HDFCBANK.NS,-0.004766148256707181
2025-07-28,HDFCBANK.NS,0.0019455374945429593
2025-07-29,HDFCBANK.NS,0.0065222681533172455
2025-07-30,HDFCBANK.NS,0.0020775985817720333
2025-07-31,HDFCBANK.NS,-0.0037516524203099477
2025-08-01,HDFCBANK.NS,-0.0029729462616011615
2025-08-04,HDFCBANK.NS,-0.010038739519952156
2025-08-05,HDFCBANK.NS,-0.007228927918706107
2025-08-06,HDFCBANK.NS,0.0038936454982034796
2025-08-07,HDFCBANK.NS,0.005087379911111745
2025-08-08,HDFCBANK.NS,-0.010774781866765504
2025-08-11,HDFCBANK.NS,0.010993439841674002
2025-08-12,HDFCBANK.NS,-0.012878308020789153
2025-08-13,HDFCBANK.NS,0.005279468138062349
2025-08-14,HDFCBANK.NS,0.0054536820135935304
2025-08-18,HDFCBANK.NS,0.0062779368958214565
2025-08-19,HDFCBANK.NS,-0.006238770289635487
2025-08-20,HDFCBANK.NS,-0.0014564936214260804
2025-08-21,HDFCBANK.NS,0.0015089025619539065
2025-08-22,HDFCBANK.NS,-0.013358766692557755
2025-08-25,HDFCBANK.NS,-0.0002545047369507669
2025-08-26,HDFCBANK.NS,-0.008808068312638473
2025-08-28,HDFCBANK.NS,-0.016026336788397155
2025-08-29,HDFCBANK.NS,-0.006473180503288378
2025-09-01,HDFCBANK.NS,-0.00105086173356006
2025-09-02,HDFCBANK.NS,-0.006416974271619913
2025-09-03,HDFCBANK.NS,0.01053468735524743
2025-09-04,HDFCBANK.NS,0.007124509095290055
2025-09-05,HDFCBANK.NS,0.002236696399544824
2025-09-08,HDFCBANK.NS,0.002698749761314234
2025-09-09,HDFCBANK.NS,-0.0008798919109084258
2025-09-10,HDFCBANK.NS,0.0007770812630454316
2025-09-11,HDFCBANK.NS,0.00196703937351983
2025-09-12,HDFCBANK.NS,-0.000516635675043009
2025-09-15,HDFCBANK.NS,-0.0002584513627157392
2025-09-16,HDFCBANK.NS,-0.00020682716463060746
2025-09-17,HDFCBANK.NS,-0.00036197506828850035
2025-09-18,HDFCBANK.NS,0.0107605012044103
2025-09-19,HDFCBANK.NS,-0.010236462022813364
2025-09-22,HDFCBANK.NS,-0.0027924419679971058
2025-09-23,HDFCBANK.NS,-0.007259904492198821
2025-09-24,HDFCBANK.NS,-0.006425014976631949
2025-09-25,HDFCBANK.NS,-0.001261776165747075
2025-09-26,HDFCBANK.NS,-0.005053416767219265
2025-09-29,HDFCBANK.NS,0.005555261698125147
2025-09-30,HDFCBANK.NS,0.0007366223466518385
2025-10-01,HDFCBANK.NS,0.014984227129337446
2025-10-03,HDFCBANK.NS,-0.00010357481060607743
2025-10-06,HDFCBANK.NS,0.008599686663228967
2025-10-07,HDFCBANK.NS,0.009296818202765733
2025-10-08,HDFCBANK.NS,-0.0038676720539122522
2025-10-09,HDFCBANK.NS,-0.0016348590999663015
2025-10-10,HDFCBANK.NS,0.0038891095313415835
2025-10-13,HDFCBANK.NS,-0.003975965253331659
2025-10-14,HDFCBANK.NS,0.00015355620681933857
2025-10-15,HDFCBANK.NS,0.001125697752089927
2025-10-16,HDFCBANK.NS,0.016457935687132608
2025-10-17,HDFCBANK.NS,0.008246605730743095
2025-10-20,HDFCBANK.NS,0.00039900695120764773
2025-10-21,HDFCBANK.NS,0.004736028657646996
2025-10-23,HDFCBANK.NS,0.0010915704799172588
2025-10-24,HDFCBANK.NS,-0.013927426608823623
2025-10-27,HDFCBANK.NS,0.008243289476784321
2025-10-28,HDFCBANK.NS,0.0005982108566080502
2025-10-29,HDFCBANK.NS,0.004284776887323094
2025-10-30,HDFCBANK.NS,-0.009624399867882771
2025-10-31,HDFCBANK.NS,-0.010870146126042535
2025-11-03,HDFCBANK.NS,0.00541885616047999
2025-11-04,HDFCBANK.NS,-0.00745481713802465
2025-11-06,HDFCBANK.NS,-0.0006089577121923817
2025-11-07,HDFCBANK.NS,-0.0023866719776828305
2025-11-10,HDFCBANK.NS,0.0022396541121558755
2025-11-11,HDFCBANK.NS,0.007313369433246564
2025-11-12,HDFCBANK.NS,-0.0022184251083501305
2025-11-13,HDFCBANK.NS,-0.002880217873610369
2025-11-14,HDFCBANK.NS,0.002989865807409231
2025-11-17,HDFCBANK.NS,0.007023052120546103
2025-11-18,HDFCBANK.NS,-0.004114169521006739
2025-11-19,HDFCBANK.NS,0.0021663190613752104
2025-11-20,HDFCBANK.NS,0.014327368137732943
2025-11-21,HDFCBANK.NS,-0.010705246621725006
2025-11-24,HDFCBANK.NS,0.0011021858970474696
2025-11-25,HDFCBANK.NS,-0.009357990684709216
2025-11-26,HDFCBANK.NS,0.014245339255392064
2025-11-27,HDFCBANK.NS,0.005578220390228594
2025-11-28,HDFCBANK.NS,-0.0018821440456290306
2025-12-01,HDFCBANK.NS,-0.005458515416102205
2025-12-02,HDFCBANK.NS,-0.012274212246913607
2025-12-03,HDFCBANK.NS,0.010810277166086735
2025-12-04,HDFCBANK.NS,-0.0032983386236569157
2025-12-05,HDFCBANK.NS,0.006117103400788082
2025-12-08,HDFCBANK.NS,-0.00019935434014228814
2025-12-09,HDFCBANK.NS,-0.005981457627386777
2025-12-10,HDFCBANK.NS,-0.007321219508283461
2025-12-11,HDFCBANK.NS,0.010608203808339711
2025-12-12,HDFCBANK.NS,0.0011996523259776293
2025-12-15,HDFCBANK.NS,-0.005391936509298589
2025-12-16,HDFCBANK.NS,-0.0018070352746569762
2025-12-17,HDFCBANK.NS,-0.010359034415590718
2025-12-18,HDFCBANK.NS,-0.004369906293667403
2025-12-19,HDFCBANK.NS,0.0059201671130970634
2025-12-22,HDFCBANK.NS,0.0022323817422944536
2025-12-23,HDFCBANK.NS,0.009010796060454851
2025-12-24,HDFCBANK.NS,0.00060208372044257
2025-12-26,HDFCBANK.NS,-0.005114356757583871
2025-12-29,HDFCBANK.NS,-0.0004031482600027614
2025-12-30,HDFCBANK.NS,-0.0008066832541308022
2025-12-31,HDFCBANK.NS,0.0003027427445529973
2021-01-04,ICICIBANK.NS,0.007962108449348415
2021-01-05,ICICIBANK.NS,0.010438193841544763
2021-01-06,ICICIBANK.NS,0.01758959926855508
2021-01-07,ICICIBANK.NS,-0.010243344605913474
2021-01-08,ICICIBANK.NS,0.0017557055071062422
2021-01-11,ICICIBANK.NS,0.004888893042600095
2021-01-12,ICICIBANK.NS,0.006058358213721693
2021-01-13,ICICIBANK.NS,0.015510948905109512
2021-01-14,ICICIBANK.NS,-0.0057502465535153036
2021-01-15,ICICIBANK.NS,-0.018615557600233923
2021-01-18,ICICIBANK.NS,-0.018139918206146355
2021-01-19,ICICIBANK.NS,0.024946051174968176
2021-01-20,ICICIBANK.NS,0.008326448332560243
2021-01-21,ICICIBANK.NS,0.0030853216098569725
2021-01-22,ICICIBANK.NS,-0.03419580965556934
2021-01-25,ICICIBANK.NS,0.007961783621561969
2021-01-27,ICICIBANK.NS,-0.029179467639115164
2021-01-28,ICICIBANK.NS,0.011295155910449273
2021-01-29,ICICIBANK.NS,0.016564126833885418
2021-02-01,ICICIBANK.NS,0.1243947631153981
2021-02-02,ICICIBANK.NS,0.022441185933933516
2021-02-03,ICICIBANK.NS,0.008099133713019846
2021-02-04,ICICIBANK.NS,0.0095605566649688
2021-02-05,ICICIBANK.NS,-0.022521030803471564
2021-02-08,ICICIBANK.NS,0.02515664016559338
2021-02-09,ICICIBANK.NS,0.005956162873910653
2021-02-10,ICICIBANK.NS,-0.001894609959943394
2021-02-11,ICICIBANK.NS,-0.002372854452375228
2021-02-12,ICICIBANK.NS,0.026876953168476048
2021-02-15,ICICIBANK.NS,0.040688754809251826
2021-02-16,ICICIBANK.NS,-0.02314717165744562
2021-02-17,ICICIBANK.NS,-0.0015189489436981951
2021-02-18,ICICIBANK.NS,-0.019319923394771177
2021-02-19,ICICIBANK.NS,-0.03195538019224864
2021-02-22,ICICIBANK.NS,-0.02275460697828291
2021-02-23,ICICIBANK.NS,0.01057639167868163
2021-02-24,ICICIBANK.NS,0.04024012377767505
2021-02-25,ICICIBANK.NS,-0.020433592395577183
2021-02-26,ICICIBANK.NS,-0.048168789808917145
2021-03-01,ICICIBANK.NS,0.01773312519604775
2021-03-02,ICICIBANK.NS,0.003534190022760564
2021-03-03,ICICIBANK.NS,0.03538079539056094
2021-03-04,ICICIBANK.NS,-0.017955981686941902
2021-03-05,ICICIBANK.NS,-0.01820376607808094
2021-03-08,ICICIBANK.NS,-0.002297193184052193
2021-03-09,ICICIBANK.NS,0.02804043768647202
2021-03-10,ICICIBANK.NS,0.0007998720517168323
2021-03-12,ICICIBANK.NS,-0.02038043557795588
2021-03-15,ICICIBANK.NS,-0.015256548842966233
2021-03-16,ICICIBANK.NS,-0.01416733685661764
2021-03-17,ICICIBANK.NS,-0.009160453979677796
2021-03-18,ICICIBANK.NS,-0.018490287386026316
2021-03-19,ICICIBANK.NS,0.013912978167641477
2021-03-22,ICICIBANK.NS,-0.022500659094347175
2021-03-23,ICICIBANK.NS,0.022582634809249935
2021-03-24,ICICIBANK.NS,-0.032230599637078194
2021-03-25,ICICIBANK.NS,0.00713654236646466
2021-03-26,ICICIBANK.NS,0.012247397689623574
2021-03-30,ICICIBANK.NS,0.022297164784797596
2021-03-31,ICICIBANK.NS,-0.015808667559585543
2021-04-01,ICICIBANK.NS,0.021130474736309468
2021-04-05,ICICIBANK.NS,-0.038946876620476134
2021-04-06,ICICIBANK.NS,-0.009365383957877449
2021-04-07,ICICIBANK.NS,0.020763384861426815
2021-04-08,ICICIBANK.NS,-0.0016446155403436746
2021-04-09,ICICIBANK.NS,-0.018207039670098957
2021-04-12,ICICIBANK.NS,-0.04883437622384268
2021-04-13,ICICIBANK.NS,0.04094325186661285
2021-04-15,ICICIBANK.NS,0.02604359125387723
2021-04-16,ICICIBANK.NS,-0.014342836969604589
2021-04-19,ICICIBANK.NS,-0.012699553844267353
2021-04-20,ICICIBANK.NS,-0.001161276309178172
2021-04-22,ICICIBANK.NS,0.035950702018952674
2021-04-23,ICICIBANK.NS,-0.015970303530818408
2021-04-26,ICICIBANK.NS,0.0371084532431305
2021-04-27,ICICIBANK.NS,0.012942014430772586
2021-04-28,ICICIBANK.NS,0.03774526193893535
2021-04-29,ICICIBANK.NS,0.00016099883322495678
2021-04-30,ICICIBANK.NS,-0.03371150019392377
2021-05-03,ICICIBANK.NS,-0.0062447960033306105
2021-05-04,ICICIBANK.NS,-0.008713887234237494
2021-05-05,ICICIBANK.NS,0.019017834895023844
2021-05-06,ICICIBANK.NS,0.008958235772090095
2021-05-07,ICICIBANK.NS,-0.0018086757629318662
2021-05-10,ICICIBANK.NS,0.010130167454095007
2021-05-11,ICICIBANK.NS,-0.005544271364145925
2021-05-12,ICICIBANK.NS,-0.024760147889535622
2021-05-14,ICICIBANK.NS,0.004287495238282979
2021-05-17,ICICIBANK.NS,0.04403145543355458
2021-05-18,ICICIBANK.NS,0.015394542971355119
2021-05-19,ICICIBANK.NS,-0.012239418589060413
2021-05-20,ICICIBANK.NS,-0.010952172815413275
2021-05-21,ICICIBANK.NS,0.03855486188550694
2021-05-24,ICICIBANK.NS,0.007626995541759385
2021-05-25,ICICIBANK.NS,0.004557059269773012
2021-05-26,ICICIBANK.NS,0.0033830728099777385
2021-05-27,ICICIBANK.NS,-0.0003831417624521327
2021-05-28,ICICIBANK.NS,-0.014105039796138419
2021-05-31,ICICIBANK.NS,0.030635273432854326
2021-06-01,ICICIBANK.NS,-0.019087173766974774
2021-06-02,ICICIBANK.NS,-0.0026918936559299222
2021-06-03,ICICIBANK.NS,0.0029305536910761987
2021-06-04,ICICIBANK.NS,-0.011610900104527144
2021-06-07,ICICIBANK.NS,0.008557647262387613
2021-06-08,ICICIBANK.NS,-0.008947836599417225
2021-06-09,ICICIBANK.NS,-0.009807049484270025
2021-06-10,ICICIBANK.NS,0.0067600204262923125
2021-06-11,ICICIBANK.NS,-0.007339181804890682
2021-06-14,ICICIBANK.NS,-0.0008651687626358706
2021-06-15,ICICIBANK.NS,0.015980418781011307
2021-06-16,ICICIBANK.NS,-0.008058286541761994
2021-06-17,ICICIBANK.NS,-0.011091979154409848
2021-06-18,ICICIBANK.NS,-0.004107386391686396
2021-06-21,ICICIBANK.NS,0.0013483114736987378
2021-06-22,ICICIBANK.NS,-0.0006337020420792427
2021-06-23,ICICIBANK.NS,-0.009748694011114334
2021-06-24,ICICIBANK.NS,0.014967144874712845
2021-06-25,ICICIBANK.NS,0.023578601837167312
2021-06-28,ICICIBANK.NS,0.0020030628551135354
2021-06-29,ICICIBANK.NS,-0.015685087495770578
2021-06-30,ICICIBANK.NS,-0.01437267852330959
2021-07-01,ICICIBANK.NS,-7.932925374587452e-05
2021-07-02,ICICIBANK.NS,0.01490057030648484
2021-07-05,ICICIBANK.NS,0.011870325007321325
2021-07-06,ICICIBANK.NS,0.003781758585103656
2021-07-07,ICICIBANK.NS,0.005689700563563882
2021-07-08,ICICIBANK.NS,-0.01850149172161697
2021-07-09,ICICIBANK.NS,-0.005218938298299225
2021-07-12,ICICIBANK.NS,0.012058589545424603
2021-07-13,ICICIBANK.NS,0.02893618910178919
2021-07-14,ICICIBANK.NS,-0.0009023785398577511
2021-07-15,ICICIBANK.NS,0.004666270392137184
2021-07-16,ICICIBANK.NS,-0.010712449297018978
2021-07-19,ICICIBANK.NS,-0.006663582402315349
2021-07-20,ICICIBANK.NS,-0.021344716387999285
2021-07-22,ICICIBANK.NS,0.021888124721281654
2021-07-23,ICICIBANK.NS,0.0315573013519479
2021-07-26,ICICIBANK.NS,0.00014775080518769634
2021-07-27,ICICIBANK.NS,0.0010343734126800896
2021-07-28,ICICIBANK.NS,0.011218503873338115
2021-07-29,ICICIBANK.NS,0.0035763991689490293
2021-07-30,ICICIBANK.NS,-0.0072727272727273196
2021-08-02,ICICIBANK.NS,-0.0016116858402014378
2021-08-03,ICICIBANK.NS,0.013208100495357478
2021-08-04,ICICIBANK.NS,0.03512456422721133
2021-08-05,ICICIBANK.NS,-0.017071310138181195
2021-08-06,ICICIBANK.NS,-0.00683320906762841
2021-08-09,ICICIBANK.NS,0.0074535239588680025
2021-08-10,ICICIBANK.NS,-0.0027743490639654533
2021-08-11,ICICIBANK.NS,-0.010486569218253639
2021-08-12,ICICIBANK.NS,0.011246468070441606
2021-08-13,ICICIBANK.NS,0.0049191021987973205
2021-08-16,ICICIBANK.NS,-0.0030504588764802554
2021-08-17,ICICIBANK.NS,-0.0020636336108298403
2021-08-18,ICICIBANK.NS,-0.018397068153863216
2021-08-20,ICICIBANK.NS,-0.011041661660211255
2021-08-23,ICICIBANK.NS,0.0029381518497633152
2021-08-24,ICICIBANK.NS,0.017211073370300145
2021-08-25,ICICIBANK.NS,-0.00489599590222034
2021-08-26,ICICIBANK.NS,0.011214818228637125
2021-08-27,ICICIBANK.NS,0.001359490875252778
2021-08-30,ICICIBANK.NS,0.01986427211727393
2021-08-31,ICICIBANK.NS,0.007566682819551307
2021-09-01,ICICIBANK.NS,0.0011821662409075007
2021-09-02,ICICIBANK.NS,0.007292679291507342
2021-09-03,ICICIBANK.NS,-0.0011722217368476118
2021-09-06,ICICIBANK.NS,-0.004348976159042284
2021-09-07,ICICIBANK.NS,-0.0058933645650960376
2021-09-08,ICICIBANK.NS,0.005649306256167108
2021-09-09,ICICIBANK.NS,-0.0009709580347856406
2021-09-13,ICICIBANK.NS,-0.01784099352438384
2021-09-14,ICICIBANK.NS,7.066410975897774e-05
2021-09-15,ICICIBANK.NS,0.009753287525404719
2021-09-16,ICICIBANK.NS,0.017988432925406972
2021-09-17,ICICIBANK.NS,-0.009694702522861975
2021-09-20,ICICIBANK.NS,-0.01409431933619787
2021-09-21,ICICIBANK.NS,0.0026055994168134866
2021-09-22,ICICIBANK.NS,-0.011940718257387739
2021-09-23,ICICIBANK.NS,0.019407158438714767
2021-09-24,ICICIBANK.NS,0.008298482854994793
2021-09-27,ICICIBANK.NS,0.009751694686948698
2021-09-28,ICICIBANK.NS,-0.01760270628210614
2021-09-29,ICICIBANK.NS,-0.010667258110062638
2021-09-30,ICICIBANK.NS,-0.01219171869494362
2021-10-01,ICICIBANK.NS,-0.01212813055018469
2021-10-04,ICICIBANK.NS,0.011338249292852653
2021-10-05,ICICIBANK.NS,-0.00442735870758193
2021-10-06,ICICIBANK.NS,-0.010902274927709565
2021-10-07,ICICIBANK.NS,0.01841916201164784
2021-10-08,ICICIBANK.NS,0.001708932193349888
2021-10-11,ICICIBANK.NS,0.014074442757025851
2021-10-12,ICICIBANK.NS,-0.006589110174491375
2021-10-13,ICICIBANK.NS,0.0019052168608635345
2021-10-14,ICICIBANK.NS,0.024438305919597614
2021-10-18,ICICIBANK.NS,0.024955348162646995
2021-10-19,ICICIBANK.NS,0.00268294314474371
2021-10-20,ICICIBANK.NS,-0.002140660371881209
2021-10-21,ICICIBANK.NS,0.012938291519660527
2021-10-22,ICICIBANK.NS,0.005029765444035439
2021-10-25,ICICIBANK.NS,0.10852104008795238
2021-10-26,ICICIBANK.NS,-0.014613267927508722
2021-10-27,ICICIBANK.NS,0.0067518391862764204
2021-10-28,ICICIBANK.NS,-0.04347303927301649
2021-10-29,ICICIBANK.NS,0.004194285131761344
2021-11-01,ICICIBANK.NS,0.00230663505922446
2021-11-02,ICICIBANK.NS,-0.0036696257214090533
2021-11-03,ICICIBANK.NS,-0.018727760498644885
2021-11-04,ICICIBANK.NS,-0.004898576959471601
2021-11-08,ICICIBANK.NS,-0.002493224949168593
2021-11-09,ICICIBANK.NS,0.008203503401429835
2021-11-10,ICICIBANK.NS,-0.007183222257443389
2021-11-11,ICICIBANK.NS,-0.012101436690467482
2021-11-12,ICICIBANK.NS,0.0066756929125877384
2021-11-15,ICICIBANK.NS,-0.0042492761997307005
2021-11-16,ICICIBANK.NS,-0.011961722676861686
2021-11-17,ICICIBANK.NS,-0.0035992409448806217
2021-11-18,ICICIBANK.NS,0.0021017163362004876
2021-11-22,ICICIBANK.NS,-0.014287618384118073
2021-11-23,ICICIBANK.NS,-0.00019950055061501715
2021-11-24,ICICIBANK.NS,0.011105987753190272
2021-11-25,ICICIBANK.NS,-0.012036338157240922
2021-11-26,ICICIBANK.NS,-0.038412856740356105
2021-11-29,ICICIBANK.NS,-0.005261683368511738
2021-11-30,ICICIBANK.NS,-0.005637595615935909
2021-12-01,ICICIBANK.NS,0.018688369954998008
2021-12-02,ICICIBANK.NS,-0.007283204210612126
2021-12-03,ICICIBANK.NS,-0.008444125712816053
2021-12-06,ICICIBANK.NS,-0.009423426099444465
2021-12-07,ICICIBANK.NS,0.0353745853751144
2021-12-08,ICICIBANK.NS,0.0255223567370797
2021-12-09,ICICIBANK.NS,0.0021236733927396667
2021-12-10,ICICIBANK.NS,0.003973509933774766
2021-12-13,ICICIBANK.NS,-0.00527704485488123
2021-12-14,ICICIBANK.NS,0.0061671411327088865
2021-12-15,ICICIBANK.NS,-0.008436069607992813
2021-12-16,ICICIBANK.NS,-0.01475570034687601
2021-12-17,ICICIBANK.NS,-0.017337969638809292
2021-12-20,ICICIBANK.NS,-0.02519562802897335
2021-12-21,ICICIBANK.NS,0.014648867103439711
2021-12-22,ICICIBANK.NS,0.017283282611211703
2021-12-23,ICICIBANK.NS,-0.002046943265539114
2021-12-24,ICICIBANK.NS,-0.005743213834457639
2021-12-27,ICICIBANK.NS,0.012240441084997
2021-12-28,ICICIBANK.NS,-0.00027175571607507276
2021-12-29,ICICIBANK.NS,-0.00013587331828768257
2021-12-30,ICICIBANK.NS,0.0
2021-12-31,ICICIBANK.NS,0.006048677631092625
2022-01-03,ICICIBANK.NS,0.033168934652678894
2022-01-04,ICICIBANK.NS,0.010657726230949516
2022-01-05,ICICIBANK.NS,0.019667480995269937
2022-01-06,ICICIBANK.NS,-0.00380686510560313
2022-01-07,ICICIBANK.NS,0.010445210285378259
2022-01-10,ICICIBANK.NS,0.022061140876142415
2022-01-11,ICICIBANK.NS,-0.0001233124710915412
2022-01-12,ICICIBANK.NS,0.01615984110455826
2022-01-13,ICICIBANK.NS,0.0011532773378224448
2022-01-14,ICICIBANK.NS,-0.005699056793334156
2022-01-17,ICICIBANK.NS,-0.0008536734232088561
2022-01-18,ICICIBANK.NS,0.004638090869749867
2022-01-19,ICICIBANK.NS,-0.01761632903667376
2022-01-20,ICICIBANK.NS,0.0020405941922849724
2022-01-21,ICICIBANK.NS,-0.007096575131132377
2022-01-24,ICICIBANK.NS,-0.007520183707854233
2022-01-25,ICICIBANK.NS,0.004007780271912065
2022-01-27,ICICIBANK.NS,-0.008731990004137269
2022-01-28,ICICIBANK.NS,-0.016988610816383254
2022-01-31,ICICIBANK.NS,0.009793206349375083
2022-02-01,ICICIBANK.NS,0.027256592713897243
2022-02-02,ICICIBANK.NS,0.004257697468845079
2022-02-03,ICICIBANK.NS,-0.005898602510560624
2022-02-04,ICICIBANK.NS,-0.004821094449856345
2022-02-07,ICICIBANK.NS,-0.02316621782708772
2022-02-08,ICICIBANK.NS,0.007756835448323507
2022-02-09,ICICIBANK.NS,0.012996830022673489
2022-02-10,ICICIBANK.NS,0.003363243956261197
2022-02-11,ICICIBANK.NS,-0.018249549605252935
2022-02-14,ICICIBANK.NS,-0.04691448679643917
2022-02-15,ICICIBANK.NS,0.02965367549947473
2022-02-16,ICICIBANK.NS,-0.01546292144675776
2022-02-17,ICICIBANK.NS,-0.01793077995669501
2022-02-18,ICICIBANK.NS,-0.0019323665210261298
2022-02-21,ICICIBANK.NS,0.007410852733395368
2022-02-22,ICICIBANK.NS,-0.004175259279070809
2022-02-23,ICICIBANK.NS,-0.008917892074926437
2022-02-24,ICICIBANK.NS,-0.04995964597313041
2022-02-25,ICICIBANK.NS,0.03201860700763648
2022-02-28,ICICIBANK.NS,0.01732761403408145
2022-03-02,ICICIBANK.NS,-0.037498365643395704
2022-03-03,ICICIBANK.NS,-0.02315169386332183
2022-03-04,ICICIBANK.NS,-0.014678505197165959
2022-03-07,ICICIBANK.NS,-0.049851011411236934
2022-03-08,ICICIBANK.NS,0.017208413001912115
2022-03-09,ICICIBANK.NS,0.0036842288827536596
2022-03-10,ICICIBANK.NS,0.013708836933945756
2022-03-11,ICICIBANK.NS,0.001921443799933753
2022-03-14,ICICIBANK.NS,0.026921373864493114
2022-03-15,ICICIBANK.NS,0.0017236962289630675
2022-03-16,ICICIBANK.NS,0.015272137071653313
2022-03-17,ICICIBANK.NS,0.01709036099708694
2022-03-21,ICICIBANK.NS,-0.012984274271540586
2022-03-22,ICICIBANK.NS,0.01048190250725467
2022-03-23,ICICIBANK.NS,0.00013920298557268396
2022-03-24,ICICIBANK.NS,-0.01962964753662433
2022-03-25,ICICIBANK.NS,-0.007029270265868637
2022-03-28,ICICIBANK.NS,0.01587411596129784
2022-03-29,ICICIBANK.NS,0.006968413285223463
2022-03-30,ICICIBANK.NS,0.021809082744747466
2022-03-31,ICICIBANK.NS,-0.0008209558093458247
2022-04-01,ICICIBANK.NS,0.008147353562215853
2022-04-04,ICICIBANK.NS,0.01405769179753813
2022-04-05,ICICIBANK.NS,-0.006429129319488247
2022-04-06,ICICIBANK.NS,-0.00026963091173182185
2022-04-07,ICICIBANK.NS,0.009371645679383978
2022-04-08,ICICIBANK.NS,0.007681517725961484
2022-04-11,ICICIBANK.NS,0.007026366006548823
2022-04-12,ICICIBANK.NS,0.0055950502061583585
2022-04-13,ICICIBANK.NS,-0.002094620196472774
2022-04-18,ICICIBANK.NS,-0.005837995679936037
2022-04-19,ICICIBANK.NS,0.01121668004344456
2022-04-20,ICICIBANK.NS,-0.014028448611830502
2022-04-21,ICICIBANK.NS,0.009000050165882678
2022-04-22,ICICIBANK.NS,-0.019282418367727594
2022-04-25,ICICIBANK.NS,0.00608571877802655
2022-04-26,ICICIBANK.NS,0.0020606059130747756
2022-04-27,ICICIBANK.NS,-0.0226202159774046
2022-04-28,ICICIBANK.NS,0.014184894847123486
2022-04-29,ICICIBANK.NS,-0.0051529632540842085
2022-05-02,ICICIBANK.NS,-0.003094292789911024
2022-05-04,ICICIBANK.NS,-0.022604588394062097
2022-05-05,ICICIBANK.NS,0.006282344208448309
2022-05-06,ICICIBANK.NS,-0.01310371563244539
2022-05-09,ICICIBANK.NS,-0.012374034638946818
2022-05-10,ICICIBANK.NS,0.0013373861331489323
2022-05-11,ICICIBANK.NS,0.004077076428836701
2022-05-12,ICICIBANK.NS,-0.025763125314437474
2022-05-13,ICICIBANK.NS,-0.02651625830801385
2022-05-16,ICICIBANK.NS,0.008341366527953253
2022-05-17,ICICIBANK.NS,0.039531478770131745
2022-05-18,ICICIBANK.NS,-0.0037324287522007005
2022-05-19,ICICIBANK.NS,-0.02410403390322491
2022-05-20,ICICIBANK.NS,0.027886426684645027
2022-05-23,ICICIBANK.NS,0.0021140159619559284
2022-05-24,ICICIBANK.NS,-0.004078424061165431
2022-05-25,ICICIBANK.NS,0.007343007826876136
2022-05-26,ICICIBANK.NS,0.02123785649760257
2022-05-27,ICICIBANK.NS,0.015511307883278924
2022-05-30,ICICIBANK.NS,0.011759951812091662
2022-05-31,ICICIBANK.NS,0.005811590629174912
2022-06-01,ICICIBANK.NS,-0.0002655923203283006
2022-06-02,ICICIBANK.NS,-0.0038530848601515677
2022-06-03,ICICIBANK.NS,-0.007269105978034318
2022-06-06,ICICIBANK.NS,0.0032916999156431537
2022-06-07,ICICIBANK.NS,-0.015400066956812841
2022-06-08,ICICIBANK.NS,-0.007820469228153715
2022-06-09,ICICIBANK.NS,0.0044551062371487316
2022-06-10,ICICIBANK.NS,-0.017400204708290734
2022-06-13,ICICIBANK.NS,-0.0444444444444444
2022-06-14,ICICIBANK.NS,-0.003633720930232509
2022-06-15,ICICIBANK.NS,0.0025528811086799053
2022-06-16,ICICIBANK.NS,-0.012731902510003668
2022-06-17,ICICIBANK.NS,0.012306522602708148
2022-06-20,ICICIBANK.NS,-0.0013102764954435742
2022-06-21,ICICIBANK.NS,0.014796943214927527
2022-06-22,ICICIBANK.NS,-0.013647464923416286
2022-06-23,ICICIBANK.NS,0.018278545403988655
2022-06-24,ICICIBANK.NS,0.020453389535319166
2022-06-27,ICICIBANK.NS,0.005466344259833722
2022-06-28,ICICIBANK.NS,-0.009827821890159294
2022-06-29,ICICIBANK.NS,-0.010629294555428492
2022-06-30,ICICIBANK.NS,0.00633228346784942
2022-07-01,ICICIBANK.NS,-0.00466627225114169
2022-07-04,ICICIBANK.NS,0.02301456259411294
2022-07-05,ICICIBANK.NS,-0.0009026015844222357
2022-07-06,ICICIBANK.NS,0.00903467911559308
2022-07-07,ICICIBANK.NS,0.022108943485204424
2022-07-08,ICICIBANK.NS,0.018463628311362834
2022-07-11,ICICIBANK.NS,0.018261198319510008
2022-07-12,ICICIBANK.NS,-0.01247560180108842
2022-07-13,ICICIBANK.NS,-0.008816965379356945
2022-07-14,ICICIBANK.NS,-0.0010621186670253246
2022-07-15,ICICIBANK.NS,-0.0015949125041108125
2022-07-18,ICICIBANK.NS,0.027689014183929883
2022-07-19,ICICIBANK.NS,0.011204694836868478
2022-07-20,ICICIBANK.NS,0.0031383476529240895
2022-07-21,ICICIBANK.NS,0.0037032620412134065
2022-07-22,ICICIBANK.NS,0.01787530253558356
2022-07-25,ICICIBANK.NS,0.0010624793876177208
2022-07-26,ICICIBANK.NS,-0.005743584069009322
2022-07-27,ICICIBANK.NS,0.005274409483129627
2022-07-28,ICICIBANK.NS,0.017613960756948766
2022-07-29,ICICIBANK.NS,0.0049103856124264045
2022-08-01,ICICIBANK.NS,0.005863729503154724
2022-08-02,ICICIBANK.NS,-0.0068618220142550035
2022-08-03,ICICIBANK.NS,0.00862120182570325
2022-08-04,ICICIBANK.NS,-0.005516474127435167
2022-08-05,ICICIBANK.NS,0.021883586963768575
2022-08-08,ICICIBANK.NS,-0.0014912908396513824
2022-08-10,ICICIBANK.NS,0.014098796368796629
2022-08-11,ICICIBANK.NS,0.012901339861008942
2022-08-12,ICICIBANK.NS,0.017099001975460215
2022-08-16,ICICIBANK.NS,0.00554663249144749
2022-08-17,ICICIBANK.NS,0.004549331816889435
2022-08-18,ICICIBANK.NS,0.0020945095793234447
2022-08-19,ICICIBANK.NS,-0.016608238139588227
2022-08-22,ICICIBANK.NS,-0.02085250908199454
2022-08-23,ICICIBANK.NS,0.013669726505206814
2022-08-24,ICICIBANK.NS,0.010880846293854107
2022-08-25,ICICIBANK.NS,-0.0010878417729424106
2022-08-26,ICICIBANK.NS,-0.0017194933707569415
2022-08-29,ICICIBANK.NS,-0.017224551209187866
2022-08-30,ICICIBANK.NS,0.03674710884404675
2022-09-01,ICICIBANK.NS,-0.014594852231704092
2022-09-02,ICICIBANK.NS,-0.0022301723867130807
2022-09-05,ICICIBANK.NS,0.011519930664512179
2022-09-06,ICICIBANK.NS,0.0013598642307568465
2022-09-07,ICICIBANK.NS,-0.008430953433143706
2022-09-08,ICICIBANK.NS,0.025793169677104988
2022-09-09,ICICIBANK.NS,0.002725870316317325
2022-09-12,ICICIBANK.NS,0.006601955292129036
2022-09-13,ICICIBANK.NS,0.0030864062558342287
2022-09-14,ICICIBANK.NS,0.008901072072458716
2022-09-15,ICICIBANK.NS,-0.0005446029989063517
2022-09-16,ICICIBANK.NS,-0.00926329580008134
2022-09-19,ICICIBANK.NS,-0.010889851110737814
2022-09-20,ICICIBANK.NS,0.01951733491405694
2022-09-21,ICICIBANK.NS,-0.001636214889555454
2022-09-22,ICICIBANK.NS,-0.012947255488595988
2022-09-23,ICICIBANK.NS,-0.02341158273465871
2022-09-26,ICICIBANK.NS,-0.024029483941095164
2022-09-27,ICICIBANK.NS,-0.009871668451894466
2022-09-28,ICICIBANK.NS,-0.0035774885187253025
2022-09-29,ICICIBANK.NS,-0.006592084268319587
2022-09-30,ICICIBANK.NS,0.02144800931663049
2022-10-03,ICICIBANK.NS,-0.01583529514392401
2022-10-04,ICICIBANK.NS,0.02275010241474318
2022-10-06,ICICIBANK.NS,0.020515170047957332
2022-10-07,ICICIBANK.NS,-0.0032751983444373467
2022-10-10,ICICIBANK.NS,-0.000906450403981407
2022-10-11,ICICIBANK.NS,-0.012645335315069506
2022-10-12,ICICIBANK.NS,-0.0025844246072780352
2022-10-13,ICICIBANK.NS,-0.016986238745555493
2022-10-14,ICICIBANK.NS,0.01950565240191504
2022-10-17,ICICIBANK.NS,0.017178985586936202
2022-10-18,ICICIBANK.NS,0.013217365618714894
2022-10-19,ICICIBANK.NS,-0.005351821493438824
2022-10-20,ICICIBANK.NS,-0.0038672248248959873
2022-10-21,ICICIBANK.NS,0.020818094291054745
2022-10-24,ICICIBANK.NS,0.021110029061924385
2022-10-25,ICICIBANK.NS,-0.0013494548380360571
2022-10-27,ICICIBANK.NS,-0.0007026251418660312
2022-10-28,ICICIBANK.NS,-0.017903557324779773
2022-10-31,ICICIBANK.NS,0.0009363183829411703
2022-11-01,ICICIBANK.NS,-0.00011008761940123346
2022-11-02,ICICIBANK.NS,-0.0042922776620054615
2022-11-03,ICICIBANK.NS,0.00436610164002893
2022-11-04,ICICIBANK.NS,-0.0036868282959151566
2022-11-07,ICICIBANK.NS,0.0134762094018952
2022-11-09,ICICIBANK.NS,-0.007629427792915533
2022-11-10,ICICIBANK.NS,0.0002196729346857218
2022-11-11,ICICIBANK.NS,-0.004556960973356228
2022-11-14,ICICIBANK.NS,-0.012795737402388707
2022-11-15,ICICIBANK.NS,0.01871612913741738
2022-11-16,ICICIBANK.NS,0.0020839786700308505
2022-11-17,ICICIBANK.NS,0.006786353297628889
2022-11-18,ICICIBANK.NS,0.0005979428139464282
2022-11-21,ICICIBANK.NS,0.0011409234052039974
2022-11-22,ICICIBANK.NS,0.002496188118110032
2022-11-23,ICICIBANK.NS,0.004059759608576741
2022-11-24,ICICIBANK.NS,0.012291728102712618
2022-11-25,ICICIBANK.NS,-0.009106873318745823
2022-11-28,ICICIBANK.NS,0.007631986148831205
2022-11-29,ICICIBANK.NS,0.009974370964820345
2022-11-30,ICICIBANK.NS,0.006495932837668361
2022-12-01,ICICIBANK.NS,-0.01332774885260446
2022-12-02,ICICIBANK.NS,-0.010210632308500611
2022-12-05,ICICIBANK.NS,0.0032237267125556635
2022-12-06,ICICIBANK.NS,-0.011728739779585662
2022-12-07,ICICIBANK.NS,-0.0005419172890799295
2022-12-08,ICICIBANK.NS,0.01057311689190188
2022-12-09,ICICIBANK.NS,-0.0021461529644851707
2022-12-12,ICICIBANK.NS,0.00043011438692919235
2022-12-13,ICICIBANK.NS,0.0028485697611899674
2022-12-14,ICICIBANK.NS,-0.012004943523754252
2022-12-15,ICICIBANK.NS,-0.01404937586876187
2022-12-16,ICICIBANK.NS,-0.00748238103466814
2022-12-19,ICICIBANK.NS,0.004933494686287343
2022-12-20,ICICIBANK.NS,0.003585415584127949
2022-12-21,ICICIBANK.NS,-0.019182161122209496
2022-12-22,ICICIBANK.NS,-0.0017931920268282608
2022-12-23,ICICIBANK.NS,-0.013192611775573737
2022-12-26,ICICIBANK.NS,0.016270323581458745
2022-12-27,ICICIBANK.NS,0.008340810686536804
2022-12-28,ICICIBANK.NS,-0.0018875391783143014
2022-12-29,ICICIBANK.NS,0.010122893889946027
2022-12-30,ICICIBANK.NS,-0.018941701930789256
2023-01-02,ICICIBANK.NS,0.01302131328393874
2023-01-03,ICICIBANK.NS,-0.0012189446575588958
2023-01-04,ICICIBANK.NS,-0.002496255684188986
2023-01-05,ICICIBANK.NS,-0.022188801816921178
2023-01-06,ICICIBANK.NS,-0.010294089264408224
2023-01-09,ICICIBANK.NS,0.0037352029550528076
2023-01-10,ICICIBANK.NS,-0.013740196181890485
2023-01-11,ICICIBANK.NS,0.005746807160079026
2023-01-12,ICICIBANK.NS,-0.006521947891630964
2023-01-13,ICICIBANK.NS,0.014872465496858611
2023-01-16,ICICIBANK.NS,-0.009388072691545846
2023-01-17,ICICIBANK.NS,-0.00011554531746604813
2023-01-18,ICICIBANK.NS,0.005028001460074538
2023-01-19,ICICIBANK.NS,-0.003852760880894146
2023-01-20,ICICIBANK.NS,0.004848988112326369
2023-01-23,ICICIBANK.NS,0.0015511422519256524
2023-01-24,ICICIBANK.NS,-0.0010898384693444063
2023-01-25,ICICIBANK.NS,-0.017743338739053982
2023-01-27,ICICIBANK.NS,-0.044545745504160905
2023-01-30,ICICIBANK.NS,0.007709236048533796
2023-01-31,ICICIBANK.NS,0.010200393945431152
2023-02-01,ICICIBANK.NS,0.019293169037076785
2023-02-02,ICICIBANK.NS,0.011734196667010588
2023-02-03,ICICIBANK.NS,0.006877215539113468
2023-02-06,ICICIBANK.NS,-0.011692493318671171
2023-02-07,ICICIBANK.NS,-0.0011128173754797466
2023-02-08,ICICIBANK.NS,0.007446467998754036
2023-02-09,ICICIBANK.NS,0.001978829304321472
2023-02-10,ICICIBANK.NS,-0.00807389905389122
2023-02-13,ICICIBANK.NS,-0.003747673787399375
2023-02-14,ICICIBANK.NS,0.017222080712919974
2023-02-15,ICICIBANK.NS,0.0063561771380908905
2023-02-16,ICICIBANK.NS,-0.001550270561393785
2023-02-17,ICICIBANK.NS,-0.00782102213755509
2023-02-20,ICICIBANK.NS,-0.012229813400041256
2023-02-21,ICICIBANK.NS,0.0024645425199663062
2023-02-22,ICICIBANK.NS,-0.017501770069523026
2023-02-23,ICICIBANK.NS,0.0005957700327674509
2023-02-24,ICICIBANK.NS,-5.952699371092329e-05
2023-02-27,ICICIBANK.NS,0.019888069506081907
2023-02-28,ICICIBANK.NS,-0.0018099588789544097
2023-03-01,ICICIBANK.NS,0.0016962183405777598
2023-03-02,ICICIBANK.NS,-0.002685960324368075
2023-03-03,ICICIBANK.NS,0.017037456432047682
2023-03-06,ICICIBANK.NS,-0.0009210613139279955
2023-03-08,ICICIBANK.NS,0.005012936428622883
2023-03-09,ICICIBANK.NS,-0.018518477045083692
2023-03-10,ICICIBANK.NS,-0.015538276305032461
2023-03-13,ICICIBANK.NS,-0.016910935248484416
2023-03-14,ICICIBANK.NS,0.002353876284895362
2023-03-15,ICICIBANK.NS,-0.0053591272387705224
2023-03-16,ICICIBANK.NS,-0.002421600606464347
2023-03-17,ICICIBANK.NS,0.014989653137491343
2023-03-20,ICICIBANK.NS,0.00023917752709268214
2023-03-21,ICICIBANK.NS,0.019068697440682625
2023-03-22,ICICIBANK.NS,0.009150618922530551
2023-03-23,ICICIBANK.NS,-0.005521971556141758
2023-03-24,ICICIBANK.NS,-0.003565360628261516
2023-03-27,ICICIBANK.NS,-0.004340699320808494
2023-03-28,ICICIBANK.NS,0.0071285350606227205
2023-03-29,ICICIBANK.NS,-0.004387247733255384
2023-03-31,ICICIBANK.NS,0.030846063454759154
2023-04-03,ICICIBANK.NS,0.007466500761434958
2023-04-05,ICICIBANK.NS,0.0009051683684297984
2023-04-06,ICICIBANK.NS,-0.010852335350313269
2023-04-10,ICICIBANK.NS,-0.007485700334821432
2023-04-11,ICICIBANK.NS,0.01548737638088138
2023-04-12,ICICIBANK.NS,0.009354801872787588
2023-04-13,ICICIBANK.NS,0.009942116882783791
2023-04-17,ICICIBANK.NS,0.0025583846417895906
2023-04-18,ICICIBANK.NS,-0.004937326381117657
2023-04-19,ICICIBANK.NS,-0.0055192633178599015
2023-04-20,ICICIBANK.NS,0.0028030047444413952
2023-04-21,ICICIBANK.NS,-0.009783094545119497
2023-04-24,ICICIBANK.NS,0.02156605324837413
2023-04-25,ICICIBANK.NS,0.009615929491054054
2023-04-26,ICICIBANK.NS,0.0016421259838572677
2023-04-27,ICICIBANK.NS,0.0037160099825617188
2023-04-28,ICICIBANK.NS,-0.0007621834708804176
2023-05-02,ICICIBANK.NS,0.004849290092610703
2023-05-03,ICICIBANK.NS,0.0008133608283888982
2023-05-04,ICICIBANK.NS,-0.0012461000263624955
2023-05-05,ICICIBANK.NS,0.005695996452716567
2023-05-08,ICICIBANK.NS,0.011812947907470894
2023-05-09,ICICIBANK.NS,-0.0037317410266478612
2023-05-10,ICICIBANK.NS,0.0017657998028637323
2023-05-11,ICICIBANK.NS,0.0033652309760610066
2023-05-12,ICICIBANK.NS,0.005004271876005051
2023-05-15,ICICIBANK.NS,0.00195992746910445
2023-05-16,ICICIBANK.NS,0.000634391314763505
2023-05-17,ICICIBANK.NS,-0.007396840683242867
2023-05-18,ICICIBANK.NS,0.007611672539409531
2023-05-19,ICICIBANK.NS,0.008240874583168356
2023-05-22,ICICIBANK.NS,-0.004139172437973682
2023-05-23,ICICIBANK.NS,0.0032093953874672287
2023-05-24,ICICIBANK.NS,-0.013373190343513808
2023-05-25,ICICIBANK.NS,-0.0008505276217085633
2023-05-26,ICICIBANK.NS,0.011544434646954649
2023-05-29,ICICIBANK.NS,-0.002682221268777485
2023-05-30,ICICIBANK.NS,0.0018984208686605442
2023-05-31,ICICIBANK.NS,-0.0008421367258157897
2023-06-01,ICICIBANK.NS,-0.01374919506131933
2023-06-02,ICICIBANK.NS,0.0021899891908894187
2023-06-05,ICICIBANK.NS,0.009166951300042525
2023-06-06,ICICIBANK.NS,-0.004911565264391293
2023-06-07,ICICIBANK.NS,-0.0020167322239070806
2023-06-08,ICICIBANK.NS,-0.0024462750086226004
2023-06-09,ICICIBANK.NS,0.00015989271244554182
2023-06-12,ICICIBANK.NS,-0.0022386606399071862
2023-06-13,ICICIBANK.NS,0.008120065694551704
2023-06-14,ICICIBANK.NS,-0.003974352232012146
2023-06-15,ICICIBANK.NS,-0.014045554776001001
2023-06-16,ICICIBANK.NS,0.008202068661061546
2023-06-19,ICICIBANK.NS,-0.01182828906934319
2023-06-20,ICICIBANK.NS,0.002599754444495117
2023-06-21,ICICIBANK.NS,-0.0009183464935960117
2023-06-22,ICICIBANK.NS,0.0011354901904485626
2023-06-23,ICICIBANK.NS,-0.002430461787739646
2023-06-26,ICICIBANK.NS,0.004277219498680207
2023-06-27,ICICIBANK.NS,0.009326608728293717
2023-06-28,ICICIBANK.NS,0.0014421927746004481
2023-06-30,ICICIBANK.NS,-0.0030402011669762308
2023-07-03,ICICIBANK.NS,0.008506326144559484
2023-07-04,ICICIBANK.NS,0.0022810720300330267
2023-07-05,ICICIBANK.NS,0.014078530349435514
2023-07-06,ICICIBANK.NS,0.0014614033549713579
2023-07-07,ICICIBANK.NS,-0.013550135156541798
2023-07-10,ICICIBANK.NS,0.0021132712895250982
2023-07-11,ICICIBANK.NS,-0.0036377183869883423
2023-07-12,ICICIBANK.NS,-0.0005820284521550478
2023-07-13,ICICIBANK.NS,0.01196525571881435
2023-07-14,ICICIBANK.NS,0.004551611939286104
2023-07-17,ICICIBANK.NS,0.009009972943125444
2023-07-18,ICICIBANK.NS,0.006968101491628076
2023-07-19,ICICIBANK.NS,-0.0020503357168194514
2023-07-20,ICICIBANK.NS,0.02275408403220136
2023-07-21,ICICIBANK.NS,0.0014062117802269292
2023-07-24,ICICIBANK.NS,-0.005015045135406182
2023-07-25,ICICIBANK.NS,0.0027217864990234375
2023-07-26,ICICIBANK.NS,0.0017593243978324402
2023-07-27,ICICIBANK.NS,-0.0062221005881658575
2023-07-28,ICICIBANK.NS,0.0060085960182088005
2023-07-31,ICICIBANK.NS,0.0021079859066506224
2023-08-01,ICICIBANK.NS,-0.003756385901887538
2023-08-02,ICICIBANK.NS,-0.007641622521963765
2023-08-03,ICICIBANK.NS,-0.02224024716099482
2023-08-04,ICICIBANK.NS,0.0056994818652849055
2023-08-07,ICICIBANK.NS,0.005306568175231785
2023-08-08,ICICIBANK.NS,0.00435607020309603
2023-08-09,ICICIBANK.NS,-0.007347700814005487
2023-08-10,ICICIBANK.NS,-0.00884140692214086
2023-08-11,ICICIBANK.NS,-0.011668914308562983
2023-08-14,ICICIBANK.NS,0.0070315499592799036
2023-08-16,ICICIBANK.NS,-0.0031785606083784
2023-08-17,ICICIBANK.NS,-0.005070544261304266
2023-08-18,ICICIBANK.NS,-0.0010508064670262662
2023-08-21,ICICIBANK.NS,0.004786185952893707
2023-08-22,ICICIBANK.NS,-0.0033500964888364404
2023-08-23,ICICIBANK.NS,0.015598713850774715
2023-08-24,ICICIBANK.NS,0.002172039793268965
2023-08-25,ICICIBANK.NS,0.001496477825237319
2023-08-28,ICICIBANK.NS,0.00015453769078055402
2023-08-29,ICICIBANK.NS,-0.0028849495937205427
2023-08-30,ICICIBANK.NS,-0.009144898564647397
2023-08-31,ICICIBANK.NS,-0.00015645469834479897
2023-09-01,ICICIBANK.NS,0.01037810921202742
2023-09-04,ICICIBANK.NS,-0.0013936581026956496
2023-09-05,ICICIBANK.NS,0.0010854901066068567
2023-09-06,ICICIBANK.NS,-0.011255704398249744
2023-09-07,ICICIBANK.NS,0.008511774844973896
2023-09-08,ICICIBANK.NS,0.005074264231370362
2023-09-11,ICICIBANK.NS,0.007933658548119782
2023-09-12,ICICIBANK.NS,0.012522361359570633
2023-09-13,ICICIBANK.NS,-0.0007067261050289764
2023-09-14,ICICIBANK.NS,-0.002121616096015466
2023-09-15,ICICIBANK.NS,0.004809152517256887
2023-09-18,ICICIBANK.NS,-0.002267116703436156
2023-09-20,ICICIBANK.NS,-0.0030801734552302618
2023-09-21,ICICIBANK.NS,-0.028212567423704926
2023-09-22,ICICIBANK.NS,-0.009381841045058348
2023-09-25,ICICIBANK.NS,0.006366397843505789
2023-09-26,ICICIBANK.NS,-0.00799912539781189
2023-09-27,ICICIBANK.NS,-0.005902852902959221
2023-09-28,ICICIBANK.NS,-0.0005301664859966859
2023-09-29,ICICIBANK.NS,0.00986637923721978
2023-10-03,ICICIBANK.NS,-0.0121861921668025
2023-10-04,ICICIBANK.NS,-0.010900776489488617
2023-10-05,ICICIBANK.NS,0.011612265937014143
2023-10-06,ICICIBANK.NS,0.004623517812587075
2023-10-09,ICICIBANK.NS,-0.006982687828878342
2023-10-10,ICICIBANK.NS,0.0134242882472142
2023-10-11,ICICIBANK.NS,0.0019974383457983524
2023-10-12,ICICIBANK.NS,0.0012066146716198656
2023-10-13,ICICIBANK.NS,-0.003091445854892627
2023-10-16,ICICIBANK.NS,0.00010515780760789184
2023-10-17,ICICIBANK.NS,0.002627706470303748
2023-10-18,ICICIBANK.NS,-0.010640553678879727
2023-10-19,ICICIBANK.NS,-0.008476821192052952
2023-10-20,ICICIBANK.NS,-0.0032059845044082325
2023-10-23,ICICIBANK.NS,-0.0030018630854663497
2023-10-25,ICICIBANK.NS,-0.014893313016066001
2023-10-26,ICICIBANK.NS,-0.008132246883982286
2023-10-27,ICICIBANK.NS,0.004512161421644567
2023-10-30,ICICIBANK.NS,0.013311448276157156
2023-10-31,ICICIBANK.NS,-0.010325493108484962
2023-11-01,ICICIBANK.NS,-0.0014202084750551958
2023-11-02,ICICIBANK.NS,0.006454815921291601
2023-11-03,ICICIBANK.NS,0.015055139303395748
2023-11-06,ICICIBANK.NS,0.012475931212632796
2023-11-07,ICICIBANK.NS,0.0028028593206321784
2023-11-08,ICICIBANK.NS,-0.013026026689121117
2023-11-09,ICICIBANK.NS,0.0017098323119824066
2023-11-10,ICICIBANK.NS,0.0013335467355388708
2023-11-13,ICICIBANK.NS,-0.00442143989649646
2023-11-15,ICICIBANK.NS,0.007116446350297512
2023-11-16,ICICIBANK.NS,-0.005419164507747709
2023-11-17,ICICIBANK.NS,-0.01511754745092142
2023-11-20,ICICIBANK.NS,-0.00043387035797448625
2023-11-21,ICICIBANK.NS,0.005046354460150004
2023-11-22,ICICIBANK.NS,-0.00361729367697905
2023-11-23,ICICIBANK.NS,0.00027092928745586775
2023-11-24,ICICIBANK.NS,0.006933937610035246
2023-11-28,ICICIBANK.NS,-0.004196281807202773
2023-11-29,ICICIBANK.NS,0.015234981724405738
2023-11-30,ICICIBANK.NS,-0.0049488755850664035
2023-12-01,ICICIBANK.NS,0.012567516815431778
2023-12-04,ICICIBANK.NS,0.047005386528154336
2023-12-05,ICICIBANK.NS,0.02244753806091837
2023-12-06,ICICIBANK.NS,-0.010064642640654986
2023-12-07,ICICIBANK.NS,-0.0042362322452030865
2023-12-08,ICICIBANK.NS,0.011861837423360777
2023-12-11,ICICIBANK.NS,0.00618291551758432
2023-12-12,ICICIBANK.NS,-0.0013764265190349123
2023-12-13,ICICIBANK.NS,-0.0017721647842235955
2023-12-14,ICICIBANK.NS,0.01947923811463914
2023-12-15,ICICIBANK.NS,0.003627920390294248
2023-12-18,ICICIBANK.NS,-0.01537498730640574
2023-12-19,ICICIBANK.NS,-0.005874002573102777
2023-12-20,ICICIBANK.NS,-0.008666096496313447
2023-12-21,ICICIBANK.NS,-0.0022351362891086524
2023-12-22,ICICIBANK.NS,-0.01005579089565023
2023-12-26,ICICIBANK.NS,0.0008045738738713393
2023-12-27,ICICIBANK.NS,0.007185232227397531
2023-12-28,ICICIBANK.NS,0.0036418302958967086
2023-12-29,ICICIBANK.NS,-0.009245500151510821
2024-01-01,ICICIBANK.NS,0.002809601541961415
2024-01-02,ICICIBANK.NS,-0.01716032018722169
2024-01-03,ICICIBANK.NS,0.0018325149330300494
2024-01-04,ICICIBANK.NS,0.003150283684314248
2024-01-05,ICICIBANK.NS,0.006635250601200848
2024-01-08,ICICIBANK.NS,-0.01177418945688169
2024-01-09,ICICIBANK.NS,-0.0022912423625254252
2024-01-10,ICICIBANK.NS,0.013574879094635062
2024-01-11,ICICIBANK.NS,-0.001913260563175534
2024-01-12,ICICIBANK.NS,0.012460248480787195
2024-01-15,ICICIBANK.NS,0.0063278281872820585
2024-01-16,ICICIBANK.NS,-0.0007921847921069647
2024-01-17,ICICIBANK.NS,-0.027055139114247728
2024-01-18,ICICIBANK.NS,0.0046854856999618555
2024-01-19,ICICIBANK.NS,0.013027867328186726
2024-01-23,ICICIBANK.NS,0.029873935404745477
2024-01-24,ICICIBANK.NS,-0.02900737107498974
2024-01-25,ICICIBANK.NS,0.010758606754072586
2024-01-29,ICICIBANK.NS,0.006386466784565004
2024-01-30,ICICIBANK.NS,0.0004919322982979146
2024-01-31,ICICIBANK.NS,0.011063034447739595
2024-02-01,ICICIBANK.NS,-0.002917862110356606
2024-02-02,ICICIBANK.NS,-0.0011218108439492447
2024-02-05,ICICIBANK.NS,-0.00048828125
2024-02-06,ICICIBANK.NS,0.0028334386068027406
2024-02-07,ICICIBANK.NS,-0.004140685793948773
2024-02-08,ICICIBANK.NS,-0.0321381752545814
2024-02-09,ICICIBANK.NS,0.02163148153049499
2024-02-12,ICICIBANK.NS,-0.0144454699166493
2024-02-13,ICICIBANK.NS,0.02379280472634293
2024-02-14,ICICIBANK.NS,0.002843718816214702
2024-02-15,ICICIBANK.NS,-0.00591570130121799
2024-02-16,ICICIBANK.NS,0.006491885533314479
2024-02-19,ICICIBANK.NS,0.020034204739799666
2024-02-20,ICICIBANK.NS,0.004790419161676551
2024-02-21,ICICIBANK.NS,0.003051204931465934
2024-02-22,ICICIBANK.NS,0.010219117352517015
2024-02-23,ICICIBANK.NS,-0.0013173072438803501
2024-02-26,ICICIBANK.NS,-0.0066900003105528905
2024-02-27,ICICIBANK.NS,0.005691519899360786
2024-02-28,ICICIBANK.NS,-0.013205056258043912
2024-02-29,ICICIBANK.NS,0.0057350413687931034
2024-03-01,ICICIBANK.NS,0.03297859233270328
2024-03-04,ICICIBANK.NS,0.005014215704717717
2024-03-05,ICICIBANK.NS,-0.00393640028737674
2024-03-06,ICICIBANK.NS,0.008317564773384856
2024-03-07,ICICIBANK.NS,-0.008340191976739075
2024-03-11,ICICIBANK.NS,-0.008502229344315326
2024-03-12,ICICIBANK.NS,-0.001715004792507635
2024-03-13,ICICIBANK.NS,0.006593282023407365
2024-03-14,ICICIBANK.NS,-0.0003228706136838566
2024-03-15,ICICIBANK.NS,-0.0029992617877668826
2024-03-18,ICICIBANK.NS,0.0007867594808586009
2024-03-19,ICICIBANK.NS,0.0025434703331417285
2024-03-20,ICICIBANK.NS,0.0005074485473524071
2024-03-21,ICICIBANK.NS,-0.0024895815323882076
2024-03-22,ICICIBANK.NS,0.007857274557537375
2024-03-26,ICICIBANK.NS,-0.006053469100862574
2024-03-27,ICICIBANK.NS,4.618328908367886e-05
2024-03-28,ICICIBANK.NS,0.00881204044117645
2024-04-01,ICICIBANK.NS,0.0058080813155947375
2024-04-02,ICICIBANK.NS,-0.016778131980689448
2024-04-03,ICICIBANK.NS,-0.0036995932118425445
2024-04-04,ICICIBANK.NS,0.0015317717126401842
2024-04-05,ICICIBANK.NS,0.004217499125078739
2024-04-08,ICICIBANK.NS,0.003461325378895097
2024-04-09,ICICIBANK.NS,0.01830476380183854
2024-04-10,ICICIBANK.NS,0.002122736536098957
2024-04-12,ICICIBANK.NS,-0.004506940589478314
2024-04-15,ICICIBANK.NS,-0.02358751199950926
2024-04-16,ICICIBANK.NS,-0.010478904820925616
2024-04-18,ICICIBANK.NS,-0.010871184223260832
2024-04-19,ICICIBANK.NS,0.01118011215503234
2024-04-22,ICICIBANK.NS,0.018177582023014782
2024-04-23,ICICIBANK.NS,0.0033129117057524304
2024-04-24,ICICIBANK.NS,0.005961935335932145
2024-04-25,ICICIBANK.NS,0.015500341919306937
2024-04-26,ICICIBANK.NS,-0.0052525033319303915
2024-04-29,ICICIBANK.NS,0.047161295106599166
2024-04-30,ICICIBANK.NS,-0.008404085501721448
2024-05-02,ICICIBANK.NS,-0.009518491837450016
2024-05-03,ICICIBANK.NS,0.0022818884265833894
2024-05-06,ICICIBANK.NS,0.0037213780642635363
2024-05-07,ICICIBANK.NS,-0.012562177266575048
2024-05-08,ICICIBANK.NS,-0.007862906813408399
2024-05-09,ICICIBANK.NS,-0.006500488716050801
2024-05-10,ICICIBANK.NS,0.0012100902709837325
2024-05-13,ICICIBANK.NS,0.009802560935709526
2024-05-14,ICICIBANK.NS,-0.006604566641733145
2024-05-15,ICICIBANK.NS,0.0033911263149615234
2024-05-16,ICICIBANK.NS,0.0059590638036843835
2024-05-17,ICICIBANK.NS,-0.00048631696598655516
2024-05-21,ICICIBANK.NS,-0.008447632753759371
2024-05-22,ICICIBANK.NS,-0.008787168040499949
2024-05-23,ICICIBANK.NS,0.021060233037735854
2024-05-24,ICICIBANK.NS,-0.002247729244711283
2024-05-27,ICICIBANK.NS,-0.0018992909903166044
2024-05-28,ICICIBANK.NS,-0.0025226566941700668
2024-05-29,ICICIBANK.NS,-0.022139360444472622
2024-05-30,ICICIBANK.NS,0.01061701558246364
2024-05-31,ICICIBANK.NS,0.00659971085436073
2024-06-03,ICICIBANK.NS,0.034744167945571114
2024-06-04,ICICIBANK.NS,-0.07633624898976288
2024-06-05,ICICIBANK.NS,0.034719375554127074
2024-06-06,ICICIBANK.NS,0.0015784963346976433
2024-06-07,ICICIBANK.NS,0.010176446784369686
2024-06-10,ICICIBANK.NS,0.0018722454735384808
2024-06-11,ICICIBANK.NS,-0.0049831797587922555
2024-06-12,ICICIBANK.NS,0.001207384828478153
2024-06-13,ICICIBANK.NS,-0.010897300442224811
2024-06-14,ICICIBANK.NS,-0.0015351525799018884
2024-06-18,ICICIBANK.NS,0.01555641549502984
2024-06-19,ICICIBANK.NS,0.019236742267965123
2024-06-20,ICICIBANK.NS,0.01079129554211078
2024-06-21,ICICIBANK.NS,0.0015992181084463208
2024-06-24,ICICIBANK.NS,0.00988214812981636
2024-06-25,ICICIBANK.NS,0.023801364128728686
2024-06-26,ICICIBANK.NS,0.01673696702313099
2024-06-27,ICICIBANK.NS,0.0015599543629412072
2024-06-28,ICICIBANK.NS,-0.01664074794807502
2024-07-01,ICICIBANK.NS,0.010211737453576175
2024-07-02,ICICIBANK.NS,-0.01753517384833503
2024-07-03,ICICIBANK.NS,0.009239039329382193
2024-07-04,ICICIBANK.NS,0.026131845083261496
2024-07-05,ICICIBANK.NS,0.0003244318037813887
2024-07-08,ICICIBANK.NS,0.0013377852938234458
2024-07-09,ICICIBANK.NS,0.010687786445901404
2024-07-10,ICICIBANK.NS,-0.0040457030467654365
2024-07-11,ICICIBANK.NS,-0.003820785220850831
2024-07-12,ICICIBANK.NS,-0.004481349248357525
2024-07-15,ICICIBANK.NS,-0.0023927919407654707
2024-07-16,ICICIBANK.NS,0.008089819616405647
2024-07-18,ICICIBANK.NS,0.00838779273270629
2024-07-19,ICICIBANK.NS,-0.001319702751038876
2024-07-22,ICICIBANK.NS,-0.006006486888525453
2024-07-23,ICICIBANK.NS,-0.01160216261596625
2024-07-24,ICICIBANK.NS,-0.0030568575504381634
2024-07-25,ICICIBANK.NS,-0.020523283389973446
2024-07-26,ICICIBANK.NS,0.007763524975601843
2024-07-29,ICICIBANK.NS,0.0045559975335163205
2024-07-30,ICICIBANK.NS,-0.002679970422081235
2024-07-31,ICICIBANK.NS,0.004506241235453068
2024-08-01,ICICIBANK.NS,-0.003950982576068407
2024-08-02,ICICIBANK.NS,-0.011197361400864025
2024-08-05,ICICIBANK.NS,-0.020015939379755765
2024-08-06,ICICIBANK.NS,-0.004903633054509249
2024-08-07,ICICIBANK.NS,0.004799225010160724
2024-08-08,ICICIBANK.NS,-0.006695360921881055
2024-08-09,ICICIBANK.NS,0.006010647558599036
2024-08-12,ICICIBANK.NS,0.001024302891084794
2024-08-13,ICICIBANK.NS,-0.0037944006283373577
2024-08-14,ICICIBANK.NS,-0.005734541286325556
2024-08-16,ICICIBANK.NS,0.022037597424275912
2024-08-19,ICICIBANK.NS,-0.009559886785375893
2024-08-20,ICICIBANK.NS,0.0030189018488893105
2024-08-21,ICICIBANK.NS,-0.0039001024005869134
2024-08-22,ICICIBANK.NS,0.013831553251635764
2024-08-23,ICICIBANK.NS,0.01041056558494402
2024-08-26,ICICIBANK.NS,0.008142957065330192
2024-08-27,ICICIBANK.NS,0.010755729195277786
2024-08-28,ICICIBANK.NS,-0.0020385697800544555
2024-08-29,ICICIBANK.NS,-0.0015932926508752665
2024-08-30,ICICIBANK.NS,0.005974242255468498
2024-09-02,ICICIBANK.NS,0.0006101529692423835
2024-09-03,ICICIBANK.NS,0.01443148152742979
2024-09-04,ICICIBANK.NS,-0.009096718786658076
2024-09-05,ICICIBANK.NS,-0.0003235527334183308
2024-09-06,ICICIBANK.NS,-0.022492760917587118
2024-09-09,ICICIBANK.NS,0.02222404092485064
2024-09-10,ICICIBANK.NS,0.0018623877150809598
2024-09-11,ICICIBANK.NS,-0.0007678600215746956
2024-09-12,ICICIBANK.NS,0.012779592461784173
2024-09-13,ICICIBANK.NS,-0.001437566420179781
2024-09-16,ICICIBANK.NS,0.009997200978983711
2024-09-17,ICICIBANK.NS,0.004157263413307799
2024-09-18,ICICIBANK.NS,0.015968772486288696
2024-09-19,ICICIBANK.NS,0.00283310007624471
2024-09-20,ICICIBANK.NS,0.03595197459123445
2024-09-23,ICICIBANK.NS,-0.012364994853429012
2024-09-24,ICICIBANK.NS,-0.002496443579073082
2024-09-25,ICICIBANK.NS,0.003981495599275409
2024-09-26,ICICIBANK.NS,0.003927992852729378
2024-09-27,ICICIBANK.NS,-0.01689181928248873
2024-09-30,ICICIBANK.NS,-0.025715579529893784
2024-10-01,ICICIBANK.NS,0.0010997835145816204
2024-10-03,ICICIBANK.NS,-0.014163565977977743
2024-10-04,ICICIBANK.NS,-0.01321285940105632
2024-10-07,ICICIBANK.NS,-0.004718673592206124
2024-10-08,ICICIBANK.NS,0.0021881441919551214
2024-10-09,ICICIBANK.NS,0.006105490034922223
2024-10-10,ICICIBANK.NS,-0.0005224646556339918
2024-10-11,ICICIBANK.NS,-0.016485725774024962
2024-10-14,ICICIBANK.NS,0.007154538021259205
2024-10-15,ICICIBANK.NS,0.01928151004668166
2024-10-16,ICICIBANK.NS,-0.00983669899317996
2024-10-17,ICICIBANK.NS,-0.00957247651559301
2024-10-18,ICICIBANK.NS,0.02700507614213188
2024-10-21,ICICIBANK.NS,-0.004309965339561073
2024-10-22,ICICIBANK.NS,0.006711370353974289
2024-10-23,ICICIBANK.NS,-0.012544397959812659
2024-10-24,ICICIBANK.NS,0.000918843429606353
2024-10-25,ICICIBANK.NS,0.002155219454699653
2024-10-28,ICICIBANK.NS,0.029790135703261056
2024-10-29,ICICIBANK.NS,0.030165913088504137
2024-10-30,ICICIBANK.NS,-0.014791419103497905
2024-10-31,ICICIBANK.NS,-0.015165967338947262
2024-11-01,ICICIBANK.NS,-0.0003481920463339616
2024-11-04,ICICIBANK.NS,-0.011302134312113354
2024-11-05,ICICIBANK.NS,0.015267773837689402
2024-11-06,ICICIBANK.NS,0.004357233459410859
2024-11-07,ICICIBANK.NS,-0.018159500024885533
2024-11-08,ICICIBANK.NS,-0.015523560134451997
2024-11-11,ICICIBANK.NS,0.008301285653458113
2024-11-12,ICICIBANK.NS,0.0010241288173058472
2024-11-13,ICICIBANK.NS,-0.013300822240508103
2024-11-14,ICICIBANK.NS,0.002592326813893653
2024-11-18,ICICIBANK.NS,-0.0027845181876469116
2024-11-19,ICICIBANK.NS,-0.003470402293981212
2024-11-21,ICICIBANK.NS,0.0011608944604353244
2024-11-22,ICICIBANK.NS,0.021990323398707545
2024-11-25,ICICIBANK.NS,0.017917844739137934
2024-11-26,ICICIBANK.NS,0.003074676313563618
2024-11-27,ICICIBANK.NS,-0.0032568298854552813
2024-11-28,ICICIBANK.NS,-0.011032502594475191
2024-11-29,ICICIBANK.NS,0.010689159451911179
2024-12-02,ICICIBANK.NS,0.0034997684128670326
2024-12-03,ICICIBANK.NS,0.0028743340588095467
2024-12-04,ICICIBANK.NS,0.005846854380401334
2024-12-05,ICICIBANK.NS,0.015538885614635012
2024-12-06,ICICIBANK.NS,-0.005798728020950272
2024-12-09,ICICIBANK.NS,-0.004854149517873996
2024-12-10,ICICIBANK.NS,0.0061634289063006165
2024-12-11,ICICIBANK.NS,-0.002217258281137613
2024-12-12,ICICIBANK.NS,0.0013182674199623268
2024-12-13,ICICIBANK.NS,0.011773574883628068
2024-12-16,ICICIBANK.NS,0.000892223325222874
2024-12-17,ICICIBANK.NS,-0.009174634729906872
2024-12-18,ICICIBANK.NS,-0.014695389380271817
2024-12-19,ICICIBANK.NS,-0.020735836467491553
2024-12-20,ICICIBANK.NS,0.0011655917099566704
2024-12-23,ICICIBANK.NS,0.006519733200007316
2024-12-24,ICICIBANK.NS,0.0003469703538965252
2024-12-26,ICICIBANK.NS,7.706732390633242e-05
2024-12-27,ICICIBANK.NS,0.007862237202094002
2024-12-30,ICICIBANK.NS,-0.009865797814488264
2024-12-31,ICICIBANK.NS,-0.010041323720581197
2025-01-01,ICICIBANK.NS,0.0015604884031539257
2025-01-02,ICICIBANK.NS,0.005414210290727306
2025-01-03,ICICIBANK.NS,-0.019796937270367354
2025-01-06,ICICIBANK.NS,-0.0007510163278263704
2025-01-07,ICICIBANK.NS,0.011984830873080332
2025-01-08,ICICIBANK.NS,-0.012116474496775442
2025-01-09,ICICIBANK.NS,-0.0010682299394164652
2025-01-10,ICICIBANK.NS,-0.009941419982109068
2025-01-13,ICICIBANK.NS,-0.016081910612123274
2025-01-14,ICICIBANK.NS,0.00857901917310433
2025-01-15,ICICIBANK.NS,-0.001652865232136369
2025-01-16,ICICIBANK.NS,0.00876234652609531
2025-01-17,ICICIBANK.NS,-0.018933652130581957
2025-01-20,ICICIBANK.NS,0.006120200986444058
2025-01-21,ICICIBANK.NS,-0.029847056421743234
2025-01-22,ICICIBANK.NS,0.0035948055595440565
2025-01-23,ICICIBANK.NS,0.001082967954520564
2025-01-24,ICICIBANK.NS,0.006199252067297767
2025-01-27,ICICIBANK.NS,0.015506120374739307
2025-01-28,ICICIBANK.NS,0.015432284698657872
2025-01-29,ICICIBANK.NS,0.0038094473550371877
2025-01-30,ICICIBANK.NS,0.003155795226164937
2025-01-31,ICICIBANK.NS,-0.002229951268122532
2025-02-01,ICICIBANK.NS,0.002195082928494685
2025-02-03,ICICIBANK.NS,-0.0020310212488184876
2025-02-04,ICICIBANK.NS,0.012130846904928161
2025-02-05,ICICIBANK.NS,-0.00039425959568750724
2025-02-06,ICICIBANK.NS,0.0037075596933191513
2025-02-07,ICICIBANK.NS,-0.012181703632973218
2025-02-10,ICICIBANK.NS,0.004534928046112663
2025-02-11,ICICIBANK.NS,-0.007801343082844858
2025-02-12,ICICIBANK.NS,-0.0007582926935741918
2025-02-13,ICICIBANK.NS,-0.0023166834166346018
2025-02-14,ICICIBANK.NS,0.00896785247252252
2025-02-17,ICICIBANK.NS,-0.007102572292101983
2025-02-18,ICICIBANK.NS,-0.006474024240003429
2025-02-19,ICICIBANK.NS,0.01496317513801837
2025-02-20,ICICIBANK.NS,-0.009273628197820738
2025-02-21,ICICIBANK.NS,-0.013600544553053373
2025-02-24,ICICIBANK.NS,-0.011841498977359755
2025-02-25,ICICIBANK.NS,0.004760576964213836
2025-02-27,ICICIBANK.NS,-0.0013887785061322822
2025-02-28,ICICIBANK.NS,-0.01501081951727079
2025-03-03,ICICIBANK.NS,0.0017440209521768502
2025-03-04,ICICIBANK.NS,0.00348207047936544
2025-03-05,ICICIBANK.NS,0.004378657180198031
2025-03-06,ICICIBANK.NS,0.0019331230983308245
2025-03-07,ICICIBANK.NS,-0.002873445145679665
2025-03-10,ICICIBANK.NS,0.00024694474970532454
2025-03-11,ICICIBANK.NS,0.02514717820477408
2025-03-12,ICICIBANK.NS,-0.0011643433545537318
2025-03-13,ICICIBANK.NS,0.00490381277036378
2025-03-17,ICICIBANK.NS,0.015159353971178957
2025-03-18,ICICIBANK.NS,0.0
2025-03-19,ICICIBANK.NS,0.034751753810825514
2025-03-20,ICICIBANK.NS,0.006549368475998962
2025-03-21,ICICIBANK.NS,0.01619128789033275
2025-03-24,ICICIBANK.NS,0.011205456854810336
2025-03-25,ICICIBANK.NS,-0.010639526548933076
2025-03-26,ICICIBANK.NS,-0.005804812860944142
2025-03-27,ICICIBANK.NS,0.0005614192576490762
2025-03-28,ICICIBANK.NS,0.0087531896593529
2025-04-01,ICICIBANK.NS,-0.02217526974112871
2025-04-02,ICICIBANK.NS,0.009708407070551317
2025-04-03,ICICIBANK.NS,-0.0012769586267605826
2025-04-04,ICICIBANK.NS,0.004324771380413983
2025-04-07,ICICIBANK.NS,-0.03575975305468304
2025-04-08,ICICIBANK.NS,0.009591841184874994
2025-04-09,ICICIBANK.NS,0.0006923797193312264
2025-04-11,ICICIBANK.NS,0.008341001828614747
2025-04-15,ICICIBANK.NS,0.029390406007908654
2025-04-16,ICICIBANK.NS,0.004591966720785434
2025-04-17,ICICIBANK.NS,0.03708340154265399
2025-04-21,ICICIBANK.NS,0.002203808746611191
2025-04-22,ICICIBANK.NS,0.004752412356237468
2025-04-23,ICICIBANK.NS,0.005577143956274178
2025-04-24,ICICIBANK.NS,-0.015234535853868691
2025-04-25,ICICIBANK.NS,0.0014971823835137066
2025-04-28,ICICIBANK.NS,0.01708428186632016
2025-04-29,ICICIBANK.NS,0.0006998879939990044
2025-04-30,ICICIBANK.NS,-0.0019583499318103215
2025-05-02,ICICIBANK.NS,0.0021723725199280786
2025-05-05,ICICIBANK.NS,-0.000489442125602646
2025-05-06,ICICIBANK.NS,0.0015390731315936268
2025-05-07,ICICIBANK.NS,0.002654406882460103
2025-05-08,ICICIBANK.NS,6.96499820518337e-05
2025-05-09,ICICIBANK.NS,-0.03246253959312961
2025-05-12,ICICIBANK.NS,0.04291163837446188
2025-05-13,ICICIBANK.NS,-0.012357628176777657
2025-05-14,ICICIBANK.NS,-0.003075649719804008
2025-05-15,ICICIBANK.NS,0.017248701793908028
2025-05-16,ICICIBANK.NS,0.0022056458948012114
2025-05-19,ICICIBANK.NS,-0.00343878954607979
2025-05-20,ICICIBANK.NS,-0.007453449846877125
2025-05-21,ICICIBANK.NS,0.004519538465220796
2025-05-22,ICICIBANK.NS,-0.0017996647565665658
2025-05-23,ICICIBANK.NS,0.005339486424343676
2025-05-26,ICICIBANK.NS,0.0074492525824800815
2025-05-27,ICICIBANK.NS,-0.00972199877394797
2025-05-28,ICICIBANK.NS,0.0051161672353126075
2025-05-29,ICICIBANK.NS,0.0018571681670056517
2025-05-30,ICICIBANK.NS,-0.007346344779866065
2025-06-02,ICICIBANK.NS,0.003250761525208423
2025-06-03,ICICIBANK.NS,-0.008686642941011735
2025-06-04,ICICIBANK.NS,-0.004798681616876799
2025-06-05,ICICIBANK.NS,0.016631760187368894
2025-06-06,ICICIBANK.NS,0.003368093331930444
2025-06-09,ICICIBANK.NS,-0.017058233319635185
2025-06-10,ICICIBANK.NS,-0.008293855595963961
2025-06-11,ICICIBANK.NS,0.0056925823648594776
2025-06-12,ICICIBANK.NS,-0.0040531438351677496
2025-06-13,ICICIBANK.NS,-0.0063850518507631016
2025-06-16,ICICIBANK.NS,0.007626614655971808
2025-06-17,ICICIBANK.NS,-0.0025930851348235917
2025-06-18,ICICIBANK.NS,-0.007447987598094952
2025-06-19,ICICIBANK.NS,-0.0009202369958085654
2025-06-20,ICICIBANK.NS,0.011195299519001667
2025-06-23,ICICIBANK.NS,-0.004905052287682898
2025-06-24,ICICIBANK.NS,0.0028167030975052576
2025-06-25,ICICIBANK.NS,0.001193787845890526
2025-06-26,ICICIBANK.NS,0.009328044818587067
2025-06-27,ICICIBANK.NS,0.016051682286029045
2025-06-30,ICICIBANK.NS,-0.011215909514021183
2025-07-01,ICICIBANK.NS,-0.009544922093003394
2025-07-02,ICICIBANK.NS,-0.0029329267960021
2025-07-03,ICICIBANK.NS,-0.001330735641606129
2025-07-04,ICICIBANK.NS,0.011852180464760886
2025-07-07,ICICIBANK.NS,-0.004921054488469689
2025-07-08,ICICIBANK.NS,0.004388137523430702
2025-07-09,ICICIBANK.NS,-0.007004143956960807
2025-07-10,ICICIBANK.NS,-0.005447341780245307
2025-07-11,ICICIBANK.NS,-0.0015448010740747309
2025-07-14,ICICIBANK.NS,0.0007735955883332313
2025-07-15,ICICIBANK.NS,0.0054814116852599515
2025-07-16,ICICIBANK.NS,-0.0030752196420920086
2025-07-17,ICICIBANK.NS,-0.005398256527197276
2025-07-18,ICICIBANK.NS,0.005004650666538213
2025-07-21,ICICIBANK.NS,0.028054424624880836
2025-07-22,ICICIBANK.NS,0.005321276093590344
2025-07-23,ICICIBANK.NS,0.010179153263107033
2025-07-24,ICICIBANK.NS,-0.0034931823573544074
2025-07-25,ICICIBANK.NS,-0.004247032981284704
2025-07-28,ICICIBANK.NS,0.007650158428607723
2025-07-29,ICICIBANK.NS,-0.0014781464701021374
2025-07-30,ICICIBANK.NS,-0.002556807214813994
2025-07-31,ICICIBANK.NS,-0.0006745817481993432
2025-08-01,ICICIBANK.NS,-0.006615396696784348
2025-08-04,ICICIBANK.NS,-0.005708089530728544
2025-08-05,ICICIBANK.NS,-0.012848501493425868
2025-08-06,ICICIBANK.NS,-0.0005538969915550584
2025-08-07,ICICIBANK.NS,-0.0022859010900669885
2025-08-08,ICICIBANK.NS,-0.0030549359611856675
2025-08-11,ICICIBANK.NS,0.0004874651159370025
2025-08-12,ICICIBANK.NS,-0.010162867766987604
2025-08-13,ICICIBANK.NS,-0.0008438475188994321
2025-08-14,ICICIBANK.NS,0.00457488723016386
2025-08-18,ICICIBANK.NS,0.005114500461067095
2025-08-19,ICICIBANK.NS,0.0011850503771917431
2025-08-20,ICICIBANK.NS,-0.003968581110080804
2025-08-21,ICICIBANK.NS,0.010764731355286772
2025-08-22,ICICIBANK.NS,-0.006638987265516927
2025-08-25,ICICIBANK.NS,-0.0022278426537154505
2025-08-26,ICICIBANK.NS,-0.011582456148121034
2025-08-28,ICICIBANK.NS,-0.012353522731610722
2025-08-29,ICICIBANK.NS,-0.0009291164180516009
2025-09-01,ICICIBANK.NS,0.009443375812542953
2025-09-02,ICICIBANK.NS,-0.011906483932051737
2025-09-03,ICICIBANK.NS,0.0020083552762797385
2025-09-04,ICICIBANK.NS,0.006084466714388004
2025-09-05,ICICIBANK.NS,-0.0019209898056741226
2025-09-08,ICICIBANK.NS,-7.135561217985753e-05
2025-09-09,ICICIBANK.NS,0.0007129108396735084
2025-09-10,ICICIBANK.NS,0.00014253276992737263
2025-09-11,ICICIBANK.NS,-0.00163832807758868
2025-09-12,ICICIBANK.NS,0.011486854927496015
2025-09-15,ICICIBANK.NS,0.001199177047852995
2025-09-16,ICICIBANK.NS,0.0015499162561893876
2025-09-17,ICICIBANK.NS,-0.0016882558070341336
2025-09-18,ICICIBANK.NS,0.0017615558666950193
2025-09-19,ICICIBANK.NS,-0.013715974305215761
2025-09-22,ICICIBANK.NS,-0.0004991807133426507
2025-09-23,ICICIBANK.NS,-0.005137317996343205
2025-09-24,ICICIBANK.NS,-0.00831965663775136
2025-09-25,ICICIBANK.NS,-0.004990166042822319
2025-09-26,ICICIBANK.NS,-0.011775020109925372
2025-09-29,ICICIBANK.NS,-0.00845837026074081
2025-09-30,ICICIBANK.NS,-7.416036477114751e-05
2025-10-01,ICICIBANK.NS,0.017804154302670572
2025-10-03,ICICIBANK.NS,-0.00495630381058676
2025-10-06,ICICIBANK.NS,-0.001318434531342838
2025-10-07,ICICIBANK.NS,0.0091682556668371
2025-10-08,ICICIBANK.NS,-0.0040700454150528476
2025-10-09,ICICIBANK.NS,0.0043055550853958735
2025-10-10,ICICIBANK.NS,0.002979289203402846
2025-10-13,ICICIBANK.NS,-0.0006520498313584699
2025-10-14,ICICIBANK.NS,0.0034072430685010424
2025-10-15,ICICIBANK.NS,0.010331658897740681
2025-10-16,ICICIBANK.NS,0.013515463446864384
2025-10-17,ICICIBANK.NS,0.013617389467932561
2025-10-20,ICICIBANK.NS,-0.03222882329434007
2025-10-21,ICICIBANK.NS,-0.005969969457399582
2025-10-23,ICICIBANK.NS,-0.013241714057977583
2025-10-24,ICICIBANK.NS,0.01026618794550016
2025-10-27,ICICIBANK.NS,-7.256702437452578e-05
2025-10-28,ICICIBANK.NS,-0.010525551870623873
2025-10-29,ICICIBANK.NS,0.005355475723625602
2025-10-30,ICICIBANK.NS,-0.005837711513045685
2025-10-31,ICICIBANK.NS,-0.012551361772979885
2025-11-03,ICICIBANK.NS,0.0008176433107958125
2025-11-04,ICICIBANK.NS,-0.007055852516145267
2025-11-06,ICICIBANK.NS,-0.012341984964232222
2025-11-07,ICICIBANK.NS,0.01711600664046209
2025-11-10,ICICIBANK.NS,0.0037230081906181045
2025-11-11,ICICIBANK.NS,0.0076409857775407986
2025-11-12,ICICIBANK.NS,0.0004417106415148808
2025-11-13,ICICIBANK.NS,0.019869011343672582
2025-11-14,ICICIBANK.NS,-0.009308048334522812
2025-11-17,ICICIBANK.NS,0.004369992716678706
2025-11-18,ICICIBANK.NS,-0.004060896001405023
2025-11-19,ICICIBANK.NS,0.0070627282652142576
2025-11-20,ICICIBANK.NS,-7.228370161393993e-05
2025-11-21,ICICIBANK.NS,-0.009761388286334105
2025-11-24,ICICIBANK.NS,-0.000803195024415837
2025-11-25,ICICIBANK.NS,-0.007746255040061323
2025-11-26,ICICIBANK.NS,0.012667514032511429
2025-11-27,ICICIBANK.NS,0.012509055397727176
2025-11-28,ICICIBANK.NS,-0.002442107788387826
2025-12-01,ICICIBANK.NS,0.0009360071371753431
2025-12-02,ICICIBANK.NS,-0.012301255942925748
2025-12-03,ICICIBANK.NS,0.013474144209759675
2025-12-04,ICICIBANK.NS,-0.0034495500022457826
2025-12-05,ICICIBANK.NS,0.004182627123642257
2025-12-08,ICICIBANK.NS,-0.002082602810816847
2025-12-09,ICICIBANK.NS,-0.010362712051711576
2025-12-10,ICICIBANK.NS,-0.008435119253787482
2025-12-11,ICICIBANK.NS,-0.002640052545021976
2025-12-12,ICICIBANK.NS,0.004411764705882337
2025-12-15,ICICIBANK.NS,-0.0005856872826683901
2025-12-16,ICICIBANK.NS,0.0005860305132872057
2025-12-17,ICICIBANK.NS,-0.009956058262033274
2025-12-18,ICICIBANK.NS,0.003253493296828891
2025-12-19,ICICIBANK.NS,-0.0019900303250427465
2025-12-22,ICICIBANK.NS,0.010634387913515342
2025-12-23,ICICIBANK.NS,-0.004018998903909443
2025-12-24,ICICIBANK.NS,-0.0023477264650586527
2025-12-26,ICICIBANK.NS,-0.006912798997296243
2025-12-29,ICICIBANK.NS,-0.005257683247612666
2025-12-30,ICICIBANK.NS,-0.0005955846043651514
2025-12-31,ICICIBANK.NS,0.00029796976838913913
2021-01-04,INFY.NS,0.022055654651165213
2021-01-05,INFY.NS,0.004308207900737493
2021-01-06,INFY.NS,-0.009043185036810786
2021-01-07,INFY.NS,-0.015560370916283373
2021-01-08,INFY.NS,0.03957528836166979
2021-01-11,INFY.NS,0.04885296606862033
2021-01-12,INFY.NS,-0.003233506270717279
2021-01-13,INFY.NS,0.011226553245170301
2021-01-14,INFY.NS,-0.012003045179698968
2021-01-15,INFY.NS,-0.018642866711510386
2021-01-18,INFY.NS,-0.024461804184671587
2021-01-19,INFY.NS,0.00350594521150005
2021-01-20,INFY.NS,0.017316618945842466
2021-01-21,INFY.NS,0.0001866437785011943
2021-01-22,INFY.NS,0.0008584193893987901
2021-01-25,INFY.NS,-0.011746280558432631
2021-01-27,INFY.NS,-0.018187288529139756
2021-01-28,INFY.NS,-0.019062297331379763
2021-01-29,INFY.NS,-0.02910978198176306
2021-02-01,INFY.NS,0.017634457628731726
2021-02-02,INFY.NS,0.0082084030339733
2021-02-03,INFY.NS,0.010540825497787676
2021-02-04,INFY.NS,-0.004125675263613071
2021-02-05,INFY.NS,-0.005666940351235383
2021-02-08,INFY.NS,0.024722957193440198
2021-02-09,INFY.NS,0.0015342717387782923
2021-02-10,INFY.NS,-0.006931981532418807
2021-02-11,INFY.NS,-0.0029695145282973012
2021-02-12,INFY.NS,0.013267337709474969
2021-02-15,INFY.NS,-0.00011453993622667635
2021-02-16,INFY.NS,-0.014698583317029668
2021-02-17,INFY.NS,-0.0070520578222009744
2021-02-18,INFY.NS,0.008702022882109306
2021-02-19,INFY.NS,-0.000889707444924559
2021-02-22,INFY.NS,-0.02021226412864796
2021-02-23,INFY.NS,0.0009089665337065345
2021-02-24,INFY.NS,0.006277943219060722
2021-02-25,INFY.NS,0.00019618613389349449
2021-02-26,INFY.NS,-0.016672550457738522
2021-03-01,INFY.NS,0.01093110240016748
2021-03-02,INFY.NS,0.029597474348855624
2021-03-03,INFY.NS,0.029934878365753148
2021-03-04,INFY.NS,-0.009824772254447
2021-03-05,INFY.NS,-0.010260476314174816
2021-03-08,INFY.NS,0.014468025772439885
2021-03-09,INFY.NS,0.007336738782051322
2021-03-10,INFY.NS,0.016796086927885368
2021-03-12,INFY.NS,0.004897088076831535
2021-03-15,INFY.NS,-0.0009091901096097699
2021-03-16,INFY.NS,0.007571363278181531
2021-03-17,INFY.NS,0.0021676300578035157
2021-03-18,INFY.NS,-0.035976946224991035
2021-03-19,INFY.NS,0.005496952898168095
2021-03-22,INFY.NS,0.019599165914121475
2021-03-23,INFY.NS,0.0005471257464872981
2021-03-24,INFY.NS,-0.012978052710022281
2021-03-25,INFY.NS,-0.01473680603647276
2021-03-26,INFY.NS,0.0017992969379920787
2021-03-30,INFY.NS,0.036746070536215925
2021-03-31,INFY.NS,-0.01245217598497339
2021-04-01,INFY.NS,0.012536019686151478
2021-04-05,INFY.NS,0.017831413595770895
2021-04-06,INFY.NS,0.0008156779871966169
2021-04-07,INFY.NS,0.013571384204021708
2021-04-08,INFY.NS,0.006747325369544033
2021-04-09,INFY.NS,0.0008334710299933157
2021-04-12,INFY.NS,-0.010617291773153292
2021-04-13,INFY.NS,-0.020059600621383455
2021-04-15,INFY.NS,-0.02605305355760057
2021-04-16,INFY.NS,-0.005144221936432158
2021-04-19,INFY.NS,0.006500497749307499
2021-04-20,INFY.NS,-0.0082199352983916
2021-04-22,INFY.NS,-0.00018500018834244347
2021-04-23,INFY.NS,-0.012804327637049973
2021-04-26,INFY.NS,0.007309941252863439
2021-04-27,INFY.NS,0.0036842328100783472
2021-04-28,INFY.NS,0.005561735261401468
2021-04-29,INFY.NS,0.00025809408992438776
2021-04-30,INFY.NS,-0.0014745456821614322
2021-05-03,INFY.NS,-0.0016981775754213446
2021-05-04,INFY.NS,-0.01675235649278972
2021-05-05,INFY.NS,0.009101831926978221
2021-05-06,INFY.NS,0.014983209531075348
2021-05-07,INFY.NS,-0.006646538572327776
2021-05-10,INFY.NS,-0.009611474275028398
2021-05-11,INFY.NS,-0.006644040229664028
2021-05-12,INFY.NS,-0.0027430386255542505
2021-05-14,INFY.NS,-0.007987924330020713
2021-05-17,INFY.NS,0.009875417622987603
2021-05-18,INFY.NS,0.007973503378420288
2021-05-19,INFY.NS,-0.002238805970149249
2021-05-20,INFY.NS,0.001720305780198217
2021-05-21,INFY.NS,0.011349175403357004
2021-05-24,INFY.NS,-0.004761868713086037
2021-05-25,INFY.NS,0.010051501255158524
2021-05-26,INFY.NS,0.02618245083231674
2021-05-27,INFY.NS,0.003578457684737968
2021-05-28,INFY.NS,0.00199682569308246
2021-05-31,INFY.NS,-0.008042452891660168
2021-06-01,INFY.NS,-0.004699586603138961
2021-06-02,INFY.NS,-0.006163442228057869
2021-06-03,INFY.NS,0.007978819718713615
2021-06-04,INFY.NS,-0.0028784225738323066
2021-06-07,INFY.NS,0.002886731807832499
2021-06-08,INFY.NS,0.01676675878708145
2021-06-09,INFY.NS,0.0016632561219176445
2021-06-10,INFY.NS,0.006359075594925656
2021-06-11,INFY.NS,0.015867425971467286
2021-06-14,INFY.NS,0.010297894922004946
2021-06-15,INFY.NS,0.008277449159779238
2021-06-16,INFY.NS,0.004545729738038684
2021-06-17,INFY.NS,0.009928457034027671
2021-06-18,INFY.NS,0.0053500967958033385
2021-06-21,INFY.NS,-0.0019956095939320795
2021-06-22,INFY.NS,0.007698411239027925
2021-06-23,INFY.NS,-0.005754506936776704
2021-06-24,INFY.NS,0.03728831177690406
2021-06-25,INFY.NS,0.009620318413123385
2021-06-28,INFY.NS,-0.0015245219274485633
2021-06-29,INFY.NS,-0.005566865840552437
2021-06-30,INFY.NS,0.01135600233230405
2021-07-01,INFY.NS,-0.012904873345104817
2021-07-02,INFY.NS,0.00474238932214921
2021-07-05,INFY.NS,0.007111814004651995
2021-07-06,INFY.NS,-0.010608315980863314
2021-07-07,INFY.NS,0.001536310644653538
2021-07-08,INFY.NS,-0.0024606772632063123
2021-07-09,INFY.NS,0.0013775584905093563
2021-07-12,INFY.NS,-0.009629565930659778
2021-07-13,INFY.NS,-0.0018735823625055659
2021-07-14,INFY.NS,0.020680328976322437
2021-07-15,INFY.NS,0.0024732223690031585
2021-07-16,INFY.NS,-0.016036245491668932
2021-07-19,INFY.NS,-0.008839885841161799
2021-07-20,INFY.NS,0.005416162626134202
2021-07-22,INFY.NS,0.02590232642752688
2021-07-23,INFY.NS,0.00015721293401860237
2021-07-26,INFY.NS,0.008456772394678236
2021-07-27,INFY.NS,-0.0008416831257488377
2021-07-28,INFY.NS,0.0019031709867924906
2021-07-29,INFY.NS,0.007100164790362795
2021-07-30,INFY.NS,-0.004019789734075463
2021-08-02,INFY.NS,0.013070505326373771
2021-08-03,INFY.NS,0.014495358178400197
2021-08-04,INFY.NS,-0.0035947023606800466
2021-08-05,INFY.NS,0.002607275324010949
2021-08-06,INFY.NS,-0.00202600317941648
2021-08-09,INFY.NS,0.007938491118574476
2021-08-10,INFY.NS,0.008386912019694437
2021-08-11,INFY.NS,0.0001788933242659052
2021-08-12,INFY.NS,0.007183050524322665
2021-08-13,INFY.NS,0.013375932713363126
2021-08-16,INFY.NS,-0.004555499930060214
2021-08-17,INFY.NS,0.021855197997198816
2021-08-18,INFY.NS,-0.004708221012970859
2021-08-20,INFY.NS,-0.0002884421322126851
2021-08-23,INFY.NS,0.0033469222952473565
2021-08-24,INFY.NS,-0.01029476601815238
2021-08-25,INFY.NS,0.008542332830136612
2021-08-26,INFY.NS,-0.004523117994523096
2021-08-27,INFY.NS,-0.0109393429865704
2021-08-30,INFY.NS,-0.006290964239714425
2021-08-31,INFY.NS,0.004946793146378026
2021-09-01,INFY.NS,-0.016818513283771264
2021-09-02,INFY.NS,0.006764998114103804
2021-09-03,INFY.NS,0.0068379900509549785
2021-09-06,INFY.NS,0.01749331112981345
2021-09-07,INFY.NS,-0.013725150060629576
2021-09-08,INFY.NS,-0.007851653369098321
2021-09-09,INFY.NS,-0.0009744718228628102
2021-09-13,INFY.NS,0.00017737575813159268
2021-09-14,INFY.NS,-0.003398545964316879
2021-09-15,INFY.NS,0.015004552614827027
2021-09-16,INFY.NS,-0.005375530359842284
2021-09-17,INFY.NS,-0.006432633967910162
2021-09-20,INFY.NS,-0.0020398942485563287
2021-09-21,INFY.NS,0.018129558923218214
2021-09-22,INFY.NS,-0.0009019330221142763
2021-09-23,INFY.NS,0.014939730939089735
2021-09-24,INFY.NS,0.012223423236616293
2021-09-27,INFY.NS,-0.024208380396802398
2021-09-28,INFY.NS,-0.019783312520776253
2021-09-29,INFY.NS,0.0030525899404829637
2021-09-30,INFY.NS,-0.010075372331585175
2021-10-01,INFY.NS,-0.0059992401210268165
2021-10-04,INFY.NS,0.008167417581922187
2021-10-05,INFY.NS,0.008369351498510813
2021-10-06,INFY.NS,-0.011371691543443752
2021-10-07,INFY.NS,0.010426907270621566
2021-10-08,INFY.NS,0.019426360488431493
2021-10-11,INFY.NS,-0.019085201659082784
2021-10-12,INFY.NS,-0.0034299813272373747
2021-10-13,INFY.NS,0.014271682882463166
2021-10-14,INFY.NS,0.0038322308771621127
2021-10-18,INFY.NS,0.044528646023058505
2021-10-19,INFY.NS,0.01673967000045562
2021-10-20,INFY.NS,-0.01086631098583224
2021-10-21,INFY.NS,-0.027020252354730823
2021-10-22,INFY.NS,-0.019302583249042327
2021-10-25,INFY.NS,-0.007122921067682975
2021-10-26,INFY.NS,-0.002254749521920174
2021-10-27,INFY.NS,0.014820684817553609
2021-10-28,INFY.NS,-0.014488520469221111
2021-10-29,INFY.NS,-0.021216047829152318
2021-11-01,INFY.NS,0.019367440460575702
2021-11-02,INFY.NS,-0.001264683010682277
2021-11-03,INFY.NS,0.0027092146297158504
2021-11-04,INFY.NS,0.00364167469713661
2021-11-08,INFY.NS,0.016854948002060333
2021-11-09,INFY.NS,0.0028776978417266452
2021-11-10,INFY.NS,-0.0013486230048421755
2021-11-11,INFY.NS,-0.00393642817563622
2021-11-12,INFY.NS,0.027058155554463115
2021-11-15,INFY.NS,0.0039040969738328712
2021-11-16,INFY.NS,0.002881696748291196
2021-11-17,INFY.NS,-0.002706074610342779
2021-11-18,INFY.NS,-0.004503581626179143
2021-11-22,INFY.NS,-0.011239743579629202
2021-11-23,INFY.NS,-0.012788450430704756
2021-11-24,INFY.NS,-0.023547713650277635
2021-11-25,INFY.NS,0.015566052130933095
2021-11-26,INFY.NS,-0.017852995566730034
2021-11-29,INFY.NS,0.0027783235917859805
2021-11-30,INFY.NS,0.009608895017370944
2021-12-01,INFY.NS,0.0013137535211082962
2021-12-02,INFY.NS,0.01944718357405839
2021-12-03,INFY.NS,-0.007264379334691817
2021-12-06,INFY.NS,-0.023191494838871174
2021-12-07,INFY.NS,0.009644296062658375
2021-12-08,INFY.NS,0.024362428403639225
2021-12-09,INFY.NS,0.005760387673066969
2021-12-10,INFY.NS,-0.0023816673498922025
2021-12-13,INFY.NS,-0.008298977169781119
2021-12-14,INFY.NS,0.004298856444013177
2021-12-15,INFY.NS,-0.01024459834607494
2021-12-16,INFY.NS,0.0215661546921333
2021-12-17,INFY.NS,0.0277997294415806
2021-12-20,INFY.NS,-0.012054782912475637
2021-12-21,INFY.NS,0.007059842681369499
2021-12-22,INFY.NS,0.007231163481165481
2021-12-23,INFY.NS,0.018030375017510814
2021-12-24,INFY.NS,0.003176154442078749
2021-12-27,INFY.NS,0.0014220683735242101
2021-12-28,INFY.NS,0.011708584679732903
2021-12-29,INFY.NS,-0.0012976436291710636
2021-12-30,INFY.NS,0.003871510471095352
2021-12-31,INFY.NS,-0.002694336926706953
2022-01-03,INFY.NS,0.0056680975615812645
2022-01-04,INFY.NS,0.00036876044151457066
2022-01-05,INFY.NS,-0.028697048310764584
2022-01-06,INFY.NS,-0.01455559332695977
2022-01-07,INFY.NS,-0.0019254042831918783
2022-01-10,INFY.NS,0.020090365535413213
2022-01-11,INFY.NS,0.0026205460413009085
2022-01-12,INFY.NS,0.011775154059828097
2022-01-13,INFY.NS,0.010306585080562147
2022-01-14,INFY.NS,0.01716044175448128
2022-01-17,INFY.NS,0.005260851863322591
2022-01-18,INFY.NS,-0.00966744006187159
2022-01-19,INFY.NS,-0.027957803551672544
2022-01-20,INFY.NS,-0.023218497909822555
2022-01-21,INFY.NS,-0.020836760989976444
2022-01-24,INFY.NS,-0.02738416513460684
2022-01-25,INFY.NS,-0.008435066790761225
2022-01-27,INFY.NS,-0.025288185239809358
2022-01-28,INFY.NS,0.004527568030783913
2022-01-31,INFY.NS,0.02965247387491088
2022-02-01,INFY.NS,0.020648599622441255
2022-02-02,INFY.NS,0.008492946780913613
2022-02-03,INFY.NS,-0.027166877858578853
2022-02-04,INFY.NS,0.001466697354805202
2022-02-07,INFY.NS,-0.014990509420433451
2022-02-08,INFY.NS,0.0013411363429300938
2022-02-09,INFY.NS,0.011646188453583228
2022-02-10,INFY.NS,0.01859202547055694
2022-02-11,INFY.NS,-0.027266049200765696
2022-02-14,INFY.NS,-0.022743791192570306
2022-02-15,INFY.NS,0.033319492601981526
2022-02-16,INFY.NS,-0.0028476635535020778
2022-02-17,INFY.NS,-0.004903940322246503
2022-02-18,INFY.NS,-0.010349082299932588
2022-02-21,INFY.NS,0.013913706130455061
2022-02-22,INFY.NS,0.0021089874137865117
2022-02-23,INFY.NS,0.004900971614525629
2022-02-24,INFY.NS,-0.03712307546730931
2022-02-25,INFY.NS,0.009802431804402323
2022-02-28,INFY.NS,0.012392305147259863
2022-03-02,INFY.NS,-0.007460904021895254
2022-03-03,INFY.NS,0.01060014460901293
2022-03-04,INFY.NS,0.0014237576063846902
2022-03-07,INFY.NS,0.00960362460911357
2022-03-08,INFY.NS,0.022042116345705187
2022-03-09,INFY.NS,0.019767194567122726
2022-03-10,INFY.NS,0.006920919291417915
2022-03-11,INFY.NS,-0.0021359463069803297
2022-03-14,INFY.NS,0.03770579098346594
2022-03-15,INFY.NS,-0.027185647469812335
2022-03-16,INFY.NS,0.027238609392664204
2022-03-17,INFY.NS,-0.018418571175215837
2022-03-21,INFY.NS,-0.0008357202513834538
2022-03-22,INFY.NS,0.01853699289323596
2022-03-23,INFY.NS,-0.007947440821220009
2022-03-24,INFY.NS,0.007637217780045447
2022-03-25,INFY.NS,-0.005379711987295921
2022-03-28,INFY.NS,-0.0014121789161538612
2022-03-29,INFY.NS,0.00645710839868352
2022-03-30,INFY.NS,0.009517471459106641
2022-03-31,INFY.NS,0.0015231621042757215
2022-04-01,INFY.NS,-0.0017305644387668462
2022-04-04,INFY.NS,-0.010821936449179281
2022-04-05,INFY.NS,-0.011604119149496772
2022-04-06,INFY.NS,-0.017328461889773883
2022-04-07,INFY.NS,-0.009760218620567085
2022-04-08,INFY.NS,0.0019878385344767047
2022-04-11,INFY.NS,-0.02647962493347722
2022-04-12,INFY.NS,-0.013642465251543445
2022-04-13,INFY.NS,0.0035008739574686754
2022-04-18,INFY.NS,-0.07271740634434698
2022-04-19,INFY.NS,-0.036635021290028824
2022-04-20,INFY.NS,0.016453233784811117
2022-04-21,INFY.NS,0.01958814550148169
2022-04-22,INFY.NS,-0.020601739961888854
2022-04-25,INFY.NS,-0.015358400665968275
2022-04-26,INFY.NS,0.012747437528203953
2022-04-27,INFY.NS,-0.017836781259882972
2022-04-28,INFY.NS,0.01919109081707071
2022-04-29,INFY.NS,-0.009509621502578613
2022-05-02,INFY.NS,-0.01693728940136452
2022-05-04,INFY.NS,-0.0035366328175697737
2022-05-05,INFY.NS,0.032301112961958145
2022-05-06,INFY.NS,-0.026685202142781916
2022-05-09,INFY.NS,0.01782415687536698
2022-05-10,INFY.NS,-0.011048476999188539
2022-05-11,INFY.NS,-0.016902768834513804
2022-05-12,INFY.NS,-0.011756968182004224
2022-05-13,INFY.NS,-0.0029162409011584955
2022-05-16,INFY.NS,-0.010170199800471402
2022-05-17,INFY.NS,0.01970987580896888
2022-05-18,INFY.NS,-0.00609173848164124
2022-05-19,INFY.NS,-0.054366505044014746
2022-05-20,INFY.NS,0.019619521088188208
2022-05-23,INFY.NS,0.009105590336182301
2022-05-24,INFY.NS,-0.018659782047467544
2022-05-25,INFY.NS,-0.021200589054909735
2022-05-26,INFY.NS,0.009571413710059984
2022-05-27,INFY.NS,0.02626498521474252
2022-05-30,INFY.NS,0.0447874050266055
2022-05-31,INFY.NS,-0.015195226945397655
2022-06-01,INFY.NS,-0.016659967520982977
2022-06-02,INFY.NS,0.019918129383051042
2022-06-03,INFY.NS,0.009084848257211453
2022-06-06,INFY.NS,0.005487348310565077
2022-06-07,INFY.NS,-0.01526100252350171
2022-06-08,INFY.NS,-0.004446772011019173
2022-06-09,INFY.NS,0.010000000000000009
2022-06-10,INFY.NS,-0.025214489222359693
2022-06-13,INFY.NS,-0.03541444142666861
2022-06-14,INFY.NS,0.011267145544489265
2022-06-15,INFY.NS,-0.01273825763372649
2022-06-16,INFY.NS,-0.017578400266010652
2022-06-17,INFY.NS,-0.007085530124336659
2022-06-20,INFY.NS,0.019354122858006084
2022-06-21,INFY.NS,0.02528020321946589
2022-06-22,INFY.NS,-0.008724756328750805
2022-06-23,INFY.NS,0.010575718331448991
2022-06-24,INFY.NS,-0.007814366048744081
2022-06-27,INFY.NS,0.023246131821200722
2022-06-28,INFY.NS,0.0037637657127449486
2022-06-29,INFY.NS,-0.011417778019327862
2022-06-30,INFY.NS,-0.0009225871081069981
2022-07-01,INFY.NS,0.011970722831757374
2022-07-04,INFY.NS,0.00581315090172696
2022-07-05,INFY.NS,-0.008098151094170003
2022-07-06,INFY.NS,0.010637266683549695
2022-07-07,INFY.NS,0.0047262606123590345
2022-07-08,INFY.NS,0.010509108235897902
2022-07-11,INFY.NS,-0.02727057881698558
2022-07-12,INFY.NS,-0.02345317737877184
2022-07-13,INFY.NS,0.004066436594755807
2022-07-14,INFY.NS,-0.010799941924800716
2022-07-15,INFY.NS,0.001049795307855872
2022-07-18,INFY.NS,0.04163320155525607
2022-07-19,INFY.NS,-0.0038593193541702764
2022-07-20,INFY.NS,0.02098846066883331
2022-07-21,INFY.NS,0.011614845257577056
2022-07-22,INFY.NS,-0.017352713916294116
2022-07-25,INFY.NS,-0.001792520184997759
2022-07-26,INFY.NS,-0.034882915684695814
2022-07-27,INFY.NS,0.01371327848896775
2022-07-28,INFY.NS,0.03150808881238332
2022-07-29,INFY.NS,0.02128636235542758
2022-08-01,INFY.NS,0.0008711993926495687
2022-08-02,INFY.NS,-0.004803244903551773
2022-08-03,INFY.NS,0.014576315338084456
2022-08-04,INFY.NS,0.02158230595430477
2022-08-05,INFY.NS,0.010469404178010677
2022-08-08,INFY.NS,0.0017010484387285363
2022-08-10,INFY.NS,-0.010466884640390473
2022-08-11,INFY.NS,0.010920777892128308
2022-08-12,INFY.NS,-0.01595726804228581
2022-08-16,INFY.NS,0.0014741707684136074
2022-08-17,INFY.NS,0.006138650836458259
2022-08-18,INFY.NS,-0.014505866974708126
2022-08-19,INFY.NS,0.00893902198460994
2022-08-22,INFY.NS,-0.013430562582035899
2022-08-23,INFY.NS,-0.021102401856252784
2022-08-24,INFY.NS,-0.0031768829982506963
2022-08-25,INFY.NS,-0.012585349974593485
2022-08-26,INFY.NS,0.0022395839405757734
2022-08-29,INFY.NS,-0.03930205836750633
2022-08-30,INFY.NS,0.02134424571361393
2022-09-01,INFY.NS,-0.019257176020825773
2022-09-02,INFY.NS,-0.007649195154603827
2022-09-05,INFY.NS,0.0057123529443392496
2022-09-06,INFY.NS,-0.004242847488549417
2022-09-07,INFY.NS,0.0017524904617622905
2022-09-08,INFY.NS,0.012520152090235825
2022-09-09,INFY.NS,0.02422250789933611
2022-09-12,INFY.NS,0.01624048315504001
2022-09-13,INFY.NS,0.005695873114255123
2022-09-14,INFY.NS,-0.04501759212656531
2022-09-15,INFY.NS,-0.02887350879830408
2022-09-16,INFY.NS,-0.03890982558633871
2022-09-19,INFY.NS,0.00962201774094984
2022-09-20,INFY.NS,-0.0012587210951154892
2022-09-21,INFY.NS,-0.008138020547161173
2022-09-22,INFY.NS,-0.00675262212969685
2022-09-23,INFY.NS,-0.0018275522418479406
2022-09-26,INFY.NS,0.010838953720290645
2022-09-27,INFY.NS,0.009635970895218282
2022-09-28,INFY.NS,0.0008251604201205964
2022-09-29,INFY.NS,0.0028322028970235724
2022-09-30,INFY.NS,0.010581579737227509
2022-10-03,INFY.NS,-0.013937494677856876
2022-10-04,INFY.NS,0.025578492853139068
2022-10-06,INFY.NS,0.018014551252407696
2022-10-07,INFY.NS,-0.0027145470748131117
2022-10-10,INFY.NS,0.007890072786276736
2022-10-11,INFY.NS,-0.02656136118515484
2022-10-12,INFY.NS,0.0034414258854555957
2022-10-13,INFY.NS,-0.006159394595481316
2022-10-14,INFY.NS,0.0382773256225315
2022-10-17,INFY.NS,0.010649449667203603
2022-10-18,INFY.NS,0.009228497903023714
2022-10-19,INFY.NS,-0.012136729794915091
2022-10-20,INFY.NS,0.010400938267895787
2022-10-21,INFY.NS,-0.0002665230245556538
2022-10-24,INFY.NS,0.011562796125250019
2022-10-25,INFY.NS,0.005567133365025345
2022-10-27,INFY.NS,-0.0015397350331308735
2022-10-28,INFY.NS,-0.007021195915027922
2022-10-31,INFY.NS,0.016124252049603438
2022-11-01,INFY.NS,0.02298961078572348
2022-11-02,INFY.NS,-0.012523808755165344
2022-11-03,INFY.NS,-0.01451750989458711
2022-11-04,INFY.NS,-0.010942348521966405
2022-11-07,INFY.NS,-0.004326320229937286
2022-11-09,INFY.NS,0.002487644778577769
2022-11-10,INFY.NS,-0.006120963670510293
2022-11-11,INFY.NS,0.04537436441266873
2022-11-14,INFY.NS,0.009680958842455345
2022-11-15,INFY.NS,0.00548788929786892
2022-11-16,INFY.NS,0.005520733267330602
2022-11-17,INFY.NS,-0.009608200614494633
2022-11-18,INFY.NS,0.0037797655963969223
2022-11-21,INFY.NS,-0.01581528357981188
2022-11-22,INFY.NS,0.010744865566191475
2022-11-23,INFY.NS,-0.0011987157222368428
2022-11-24,INFY.NS,0.02946658478013031
2022-11-25,INFY.NS,0.0035893823847557016
2022-11-28,INFY.NS,-0.007489377199983993
2022-11-29,INFY.NS,0.003480364869467012
2022-11-30,INFY.NS,0.003621682678192739
2022-12-01,INFY.NS,0.01354783025510109
2022-12-02,INFY.NS,-0.011586477252276906
2022-12-05,INFY.NS,0.0011294801626242634
2022-12-06,INFY.NS,-0.01637443243539416
2022-12-07,INFY.NS,-0.0045880242433196106
2022-12-08,INFY.NS,0.009124898420468597
2022-12-09,INFY.NS,-0.031385967237403056
2022-12-12,INFY.NS,-0.01408277382821288
2022-12-13,INFY.NS,0.01612595270785122
2022-12-14,INFY.NS,0.004611519185455659
2022-12-15,INFY.NS,-0.024629621256650247
2022-12-16,INFY.NS,-0.011879291676809456
2022-12-19,INFY.NS,-0.009755601144583625
2022-12-20,INFY.NS,-3.312220693341139e-05
2022-12-21,INFY.NS,0.0014927353062512694
2022-12-22,INFY.NS,0.008280613159996841
2022-12-23,INFY.NS,-0.016392413154480256
2022-12-26,INFY.NS,0.003540210349713302
2022-12-27,INFY.NS,0.008286708579315016
2022-12-28,INFY.NS,-0.003102585237892641
2022-12-29,INFY.NS,0.004900191566684642
2022-12-30,INFY.NS,-0.006161310899413408
2023-01-02,INFY.NS,0.010476096896733234
2023-01-03,INFY.NS,-0.0009514115301016979
2023-01-04,INFY.NS,-0.018226001845626394
2023-01-05,INFY.NS,-0.013112186925345548
2023-01-06,INFY.NS,-0.018099208280657142
2023-01-09,INFY.NS,0.02481874433681397
2023-01-10,INFY.NS,-0.009902624982587205
2023-01-11,INFY.NS,0.0010205817315869226
2023-01-12,INFY.NS,0.006355123592820755
2023-01-13,INFY.NS,0.015568046203028763
2023-01-16,INFY.NS,0.014531290680124709
2023-01-17,INFY.NS,0.009177318911832266
2023-01-18,INFY.NS,0.003832428979579472
2023-01-19,INFY.NS,-0.004206030734640653
2023-01-20,INFY.NS,-0.008675011614884154
2023-01-23,INFY.NS,0.014715971586196197
2023-01-24,INFY.NS,0.0025193956163194198
2023-01-25,INFY.NS,-0.0057349212410914285
2023-01-27,INFY.NS,-0.015456886316226548
2023-01-30,INFY.NS,0.01293488075454663
2023-01-31,INFY.NS,-0.0032818096360023308
2023-02-01,INFY.NS,0.011312127521393656
2023-02-02,INFY.NS,0.02104959379019311
2023-02-03,INFY.NS,0.009881625517955905
2023-02-06,INFY.NS,-0.018475708626396137
2023-02-07,INFY.NS,-0.004745645308618984
2023-02-08,INFY.NS,0.017985135142631448
2023-02-09,INFY.NS,0.016661427224143432
2023-02-10,INFY.NS,-0.005225696457560325
2023-02-13,INFY.NS,-0.02555102198168635
2023-02-14,INFY.NS,0.016459886842853377
2023-02-15,INFY.NS,0.0023850926270987394
2023-02-16,INFY.NS,0.002974233652530467
2023-02-17,INFY.NS,-0.01123735762972966
2023-02-20,INFY.NS,0.005461486347440259
2023-02-21,INFY.NS,-0.008132093044648125
2023-02-22,INFY.NS,-0.011206046959085114
2023-02-23,INFY.NS,-0.007107246324251859
2023-02-24,INFY.NS,-3.2196272254148006e-05
2023-02-27,INFY.NS,-0.02666622057518253
2023-02-28,INFY.NS,-0.014410653479331348
2023-03-01,INFY.NS,0.005714093456348657
2023-03-02,INFY.NS,-0.01597541768925692
2023-03-03,INFY.NS,0.0048568585371646655
2023-03-06,INFY.NS,0.0190292039576756
2023-03-08,INFY.NS,-0.009784736129072491
2023-03-09,INFY.NS,-0.008240053031525973
2023-03-10,INFY.NS,-0.005978097433117946
2023-03-13,INFY.NS,-0.02476984950067762
2023-03-14,INFY.NS,-0.010521898016040532
2023-03-15,INFY.NS,-0.0002464616802376751
2023-03-16,INFY.NS,-0.010953438214142297
2023-03-17,INFY.NS,0.011822502581420702
2023-03-20,INFY.NS,-0.012001075064265843
2023-03-21,INFY.NS,-0.00922599865845719
2023-03-22,INFY.NS,-0.001042605323062773
2023-03-23,INFY.NS,-0.01058121372818066
2023-03-24,INFY.NS,0.004437798093374745
2023-03-27,INFY.NS,0.006011608018719139
2023-03-28,INFY.NS,-0.008171623157739671
2023-03-29,INFY.NS,0.0043191589341142755
2023-03-31,INFY.NS,0.032091287468318797
2023-04-03,INFY.NS,-0.011975192528214329
2023-04-05,INFY.NS,0.00900171773183267
2023-04-06,INFY.NS,-0.0011590912559912292
2023-04-10,INFY.NS,0.004008686316904653
2023-04-11,INFY.NS,-0.01502518320166768
2023-04-12,INFY.NS,0.015752248358628984
2023-04-13,INFY.NS,-0.027375268724754598
2023-04-17,INFY.NS,-0.09422682619109501
2023-04-18,INFY.NS,0.0008344009513392425
2023-04-19,INFY.NS,-0.021558760424345458
2023-04-20,INFY.NS,-0.007141638619157065
2023-04-21,INFY.NS,0.0032286669062040474
2023-04-24,INFY.NS,-0.0008554420325883605
2023-04-25,INFY.NS,-0.001141665463848307
2023-04-26,INFY.NS,0.0021634618019785723
2023-04-27,INFY.NS,0.015233554990060849
2023-04-28,INFY.NS,0.005215646940822438
2023-05-02,INFY.NS,0.01971658445170621
2023-05-03,INFY.NS,-0.0064972617911164265
2023-05-04,INFY.NS,0.00346690645662151
2023-05-05,INFY.NS,-0.011346293972100963
2023-05-08,INFY.NS,0.005162417699972721
2023-05-09,INFY.NS,0.004029690016054577
2023-05-10,INFY.NS,-0.005862872006097475
2023-05-11,INFY.NS,-0.005660023284434934
2023-05-12,INFY.NS,-0.008677672658163993
2023-05-15,INFY.NS,0.010560572542335
2023-05-16,INFY.NS,0.004728472489870628
2023-05-17,INFY.NS,-0.013762575134115163
2023-05-18,INFY.NS,-0.0007218096049724787
2023-05-19,INFY.NS,0.018378831792987604
2023-05-22,INFY.NS,0.018835230478538856
2023-05-23,INFY.NS,0.005607982461457883
2023-05-24,INFY.NS,-0.0010769003972765923
2023-05-25,INFY.NS,0.00438913569069288
2023-05-26,INFY.NS,0.01004329806504023
2023-05-29,INFY.NS,-0.0023150228629934544
2023-05-30,INFY.NS,0.007189554927228281
2023-05-31,INFY.NS,-0.0041922626129566876
2023-06-01,INFY.NS,0.0009102261453617366
2023-06-02,INFY.NS,-0.015536187949981017
2023-06-05,INFY.NS,0.004234026173979943
2023-06-06,INFY.NS,-0.019547719432732813
2023-06-07,INFY.NS,0.0077794770694878945
2023-06-08,INFY.NS,-0.004771249914054976
2023-06-09,INFY.NS,-0.013135404595317146
2023-06-12,INFY.NS,0.020537936729593476
2023-06-13,INFY.NS,0.009984925811066692
2023-06-14,INFY.NS,-0.0034103163238186074
2023-06-15,INFY.NS,-0.010458301546145687
2023-06-16,INFY.NS,0.003769020362063502
2023-06-19,INFY.NS,0.0018193593787168005
2023-06-20,INFY.NS,0.007264315621377415
2023-06-21,INFY.NS,-0.003107295344685679
2023-06-22,INFY.NS,-0.013699101160013272
2023-06-23,INFY.NS,-0.012914087002110164
2023-06-26,INFY.NS,0.004229229712203519
2023-06-27,INFY.NS,0.006927263350452684
2023-06-28,INFY.NS,0.011101083454522431
2023-06-30,INFY.NS,0.03258980570588932
2023-07-03,INFY.NS,-0.001347846370741257
2023-07-04,INFY.NS,0.008585194317602518
2023-07-05,INFY.NS,0.001598352878890985
2023-07-06,INFY.NS,-0.0025235836790920008
2023-07-07,INFY.NS,-0.010194265193321006
2023-07-10,INFY.NS,-0.0007892999521519339
2023-07-11,INFY.NS,0.014633375326046583
2023-07-12,INFY.NS,-0.011345044516380742
2023-07-13,INFY.NS,0.02385054045843793
2023-07-14,INFY.NS,0.044575471887924545
2023-07-17,INFY.NS,-0.0021038606562134854
2023-07-18,INFY.NS,0.03671949245788264
2023-07-19,INFY.NS,-0.00016946855224708735
2023-07-20,INFY.NS,-0.017254789663645576
2023-07-21,INFY.NS,-0.08133840939224735
2023-07-24,INFY.NS,0.0037548814145929033
2023-07-25,INFY.NS,-0.0014963340090764499
2023-07-26,INFY.NS,0.010677356706636942
2023-07-27,INFY.NS,0.0031879370619085634
2023-07-28,INFY.NS,-0.009348574944260335
2023-07-31,INFY.NS,0.011339016167008609
2023-08-01,INFY.NS,0.0070074502782035974
2023-08-02,INFY.NS,-0.00611630228873794
2023-08-03,INFY.NS,0.005490712588891888
2023-08-04,INFY.NS,0.010298267430160157
2023-08-07,INFY.NS,0.010628668098488392
2023-08-08,INFY.NS,-0.002010085303750908
2023-08-09,INFY.NS,0.003021200827008297
2023-08-10,INFY.NS,-0.0038009529082962956
2023-08-11,INFY.NS,-0.012418112665162018
2023-08-14,INFY.NS,0.015818109580764572
2023-08-16,INFY.NS,0.01790387879707378
2023-08-17,INFY.NS,-0.004899507347109644
2023-08-18,INFY.NS,-0.016117033908140344
2023-08-21,INFY.NS,0.011952746977467843
2023-08-22,INFY.NS,-0.0011740603283043605
2023-08-23,INFY.NS,0.002991950968388224
2023-08-24,INFY.NS,0.011115469268660139
2023-08-25,INFY.NS,-0.002458555816256869
2023-08-28,INFY.NS,-0.0031335478123918348
2023-08-29,INFY.NS,0.0014127785579121088
2023-08-30,INFY.NS,0.012344372516928548
2023-08-31,INFY.NS,0.00020898634477939382
2023-09-01,INFY.NS,0.005851840676998066
2023-09-04,INFY.NS,0.014717595566932973
2023-09-05,INFY.NS,0.009419185760757287
2023-09-06,INFY.NS,-0.0009805079574340958
2023-09-07,INFY.NS,-0.007614471130529155
2023-09-08,INFY.NS,0.0023189363847304634
2023-09-11,INFY.NS,0.004661115745600242
2023-09-12,INFY.NS,0.01669546901640495
2023-09-13,INFY.NS,-0.0018319899038879983
2023-09-14,INFY.NS,0.005739630744529212
2023-09-15,INFY.NS,0.003085719210811577
2023-09-18,INFY.NS,-0.013098655118817026
2023-09-20,INFY.NS,-0.0010390459695605037
2023-09-21,INFY.NS,0.00771682603589996
2023-09-22,INFY.NS,-0.0037289665962626506
2023-09-25,INFY.NS,-0.014704407740537828
2023-09-26,INFY.NS,-0.009157819608873186
2023-09-27,INFY.NS,0.0043473628040946455
2023-09-28,INFY.NS,-0.018779856051891586
2023-09-29,INFY.NS,-0.0027788392342112944
2023-10-03,INFY.NS,-0.0010101022126833836
2023-10-04,INFY.NS,0.007217556196609243
2023-10-05,INFY.NS,0.013223924885787497
2023-10-06,INFY.NS,0.01042058185029715
2023-10-09,INFY.NS,-0.0021978765857294524
2023-10-10,INFY.NS,0.01335190883739612
2023-10-11,INFY.NS,-0.0005016219026541258
2023-10-12,INFY.NS,-0.019338881117453077
2023-10-13,INFY.NS,-0.023439082624317598
2023-10-16,INFY.NS,0.0020962162937656625
2023-10-17,INFY.NS,0.005787349033587796
2023-10-18,INFY.NS,-0.001317135712200268
2023-10-19,INFY.NS,-0.00478985400033527
2023-10-20,INFY.NS,-0.004464146971070004
2023-10-23,INFY.NS,-0.013032037544885244
2023-10-25,INFY.NS,-0.02740210479319971
2023-10-26,INFY.NS,-0.007737014910744966
2023-10-27,INFY.NS,0.01537388294143982
2023-10-30,INFY.NS,-0.002390644993065405
2023-10-31,INFY.NS,-0.006281561386547785
2023-11-01,INFY.NS,-0.010413621562234132
2023-11-02,INFY.NS,0.0118155298242697
2023-11-03,INFY.NS,0.013794127706668435
2023-11-06,INFY.NS,0.010258809617423204
2023-11-07,INFY.NS,0.0007126059753472802
2023-11-08,INFY.NS,-0.009470945215179438
2023-11-09,INFY.NS,-0.011646262524712458
2023-11-10,INFY.NS,-0.004327955361406399
2023-11-13,INFY.NS,0.003433592669770613
2023-11-15,INFY.NS,0.026901059195767685
2023-11-16,INFY.NS,0.024388532019895326
2023-11-17,INFY.NS,-0.005086840239287849
2023-11-20,INFY.NS,-0.0006608975061160871
2023-11-21,INFY.NS,0.0016706281879781404
2023-11-22,INFY.NS,0.013064662146021533
2023-11-23,INFY.NS,-0.00586503535584193
2023-11-24,INFY.NS,-0.008176626245256169
2023-11-28,INFY.NS,0.003687162006257072
2023-11-29,INFY.NS,0.011714164404271976
2023-11-30,INFY.NS,-0.0030487470857134547
2023-12-01,INFY.NS,-0.0019585441625409317
2023-12-04,INFY.NS,0.008297133066638374
2023-12-05,INFY.NS,-0.007102144014378142
2023-12-06,INFY.NS,0.013996422393939945
2023-12-07,INFY.NS,-0.005697635580178773
2023-12-08,INFY.NS,0.01722491273584148
2023-12-11,INFY.NS,-0.001777168206199664
2023-12-12,INFY.NS,-0.00836409215443401
2023-12-13,INFY.NS,-0.018325969942279863
2023-12-14,INFY.NS,0.03619734380391648
2023-12-15,INFY.NS,0.05125050833837541
2023-12-18,INFY.NS,-0.008901449956160934
2023-12-19,INFY.NS,-0.0038673742143578993
2023-12-20,INFY.NS,-0.014053791778118607
2023-12-21,INFY.NS,-0.00026036475377888557
2023-12-22,INFY.NS,0.017513036727905273
2023-12-26,INFY.NS,-0.012124942700216468
2023-12-27,INFY.NS,0.014994025160266045
2023-12-28,INFY.NS,-0.002839608985515496
2023-12-29,INFY.NS,-0.01263878647901695
2024-01-01,INFY.NS,0.00547666798766433
2024-01-02,INFY.NS,-0.010925936402888747
2024-01-03,INFY.NS,-0.028936407525812835
2024-01-04,INFY.NS,0.015234866558305304
2024-01-05,INFY.NS,0.013122296752156482
2024-01-08,INFY.NS,-0.006361945573950645
2024-01-09,INFY.NS,0.0042684527131464645
2024-01-10,INFY.NS,-0.006146618788945735
2024-01-11,INFY.NS,-0.016909055088735303
2024-01-12,INFY.NS,0.07934015038291786
2024-01-15,INFY.NS,0.02439930279704705
2024-01-16,INFY.NS,-0.012438670214569902
2024-01-17,INFY.NS,0.0053016469522113585
2024-01-18,INFY.NS,0.0014632511190770803
2024-01-19,INFY.NS,0.01010591491091195
2024-01-23,INFY.NS,-0.010275992803501666
2024-01-24,INFY.NS,0.020247845510865448
2024-01-25,INFY.NS,-0.0037603251380686764
2024-01-29,INFY.NS,-0.0074890660732361836
2024-01-30,INFY.NS,-0.0031087917964268685
2024-01-31,INFY.NS,0.005722288607948212
2024-02-01,INFY.NS,-0.002318005617042318
2024-02-02,INFY.NS,0.02190635508172134
2024-02-05,INFY.NS,-0.00363186848715924
2024-02-06,INFY.NS,0.025041489581987264
2024-02-07,INFY.NS,-0.020642373112725654
2024-02-08,INFY.NS,-0.000974184155904112
2024-02-09,INFY.NS,-0.013444832059714584
2024-02-12,INFY.NS,0.006439632286349584
2024-02-13,INFY.NS,0.0026486954983946376
2024-02-14,INFY.NS,-0.010893174512099257
2024-02-15,INFY.NS,0.006091720508648368
2024-02-16,INFY.NS,0.015092343005094655
2024-02-19,INFY.NS,-0.001116577666854135
2024-02-20,INFY.NS,-0.008530666274452092
2024-02-21,INFY.NS,-0.01762346902351286
2024-02-22,INFY.NS,0.01558390021254552
2024-02-23,INFY.NS,-0.0026764207722023148
2024-02-26,INFY.NS,-0.009959120622010098
2024-02-27,INFY.NS,0.0020780960281541194
2024-02-28,INFY.NS,0.004598475911474997
2024-02-29,INFY.NS,0.0015856540996634916
2024-03-01,INFY.NS,-0.011470262836580258
2024-03-04,INFY.NS,-0.010575935526925151
2024-03-05,INFY.NS,-0.01875149773239404
2024-03-06,INFY.NS,0.006878337272409052
2024-03-07,INFY.NS,-0.0006801011548588365
2024-03-11,INFY.NS,-0.009805423034871419
2024-03-12,INFY.NS,0.007715841418413527
2024-03-13,INFY.NS,-0.0009609267520584996
2024-03-14,INFY.NS,0.026002248839048114
2024-03-15,INFY.NS,-0.011673651641034621
2024-03-18,INFY.NS,-0.019186031570341155
2024-03-19,INFY.NS,-0.02570746739123564
2024-03-20,INFY.NS,-0.004162797530027573
2024-03-21,INFY.NS,-0.00016077687890314607
2024-03-22,INFY.NS,-0.02949120539392669
2024-03-26,INFY.NS,-0.010736621555488934
2024-03-27,INFY.NS,-0.005895587501550725
2024-03-28,INFY.NS,0.00956974995843507
2024-04-01,INFY.NS,-0.0017356547321526472
2024-04-02,INFY.NS,-0.00842554147403185
2024-04-03,INFY.NS,-0.0014835965931117023
2024-04-04,INFY.NS,0.004085993758185191
2024-04-05,INFY.NS,-0.0051119767508883696
2024-04-08,INFY.NS,-0.001622624875719958
2024-04-09,INFY.NS,0.012290935880142184
2024-04-10,INFY.NS,0.007994162248625258
2024-04-12,INFY.NS,-0.014633692668960196
2024-04-15,INFY.NS,-0.011180316946245106
2024-04-16,INFY.NS,-0.03657669335503988
2024-04-18,INFY.NS,0.0033935798323214694
2024-04-19,INFY.NS,-0.005636779989431018
2024-04-22,INFY.NS,0.015234720992028272
2024-04-23,INFY.NS,0.006735316289696369
2024-04-24,INFY.NS,-0.008076833206374201
2024-04-25,INFY.NS,0.005381758638388856
2024-04-26,INFY.NS,-0.005700546734486389
2024-04-29,INFY.NS,0.0031463030938647663
2024-04-30,INFY.NS,-0.009897160600714439
2024-05-02,INFY.NS,-0.004294180033489359
2024-05-03,INFY.NS,0.0013079979639556427
2024-05-06,INFY.NS,0.006778207480738763
2024-05-07,INFY.NS,0.01055468581256025
2024-05-08,INFY.NS,-0.0094728497215667
2024-05-09,INFY.NS,0.008582638254694741
2024-05-10,INFY.NS,-0.010176807972733126
2024-05-13,INFY.NS,-0.001017666655444005
2024-05-14,INFY.NS,0.0008781481912805145
2024-05-15,INFY.NS,-0.003334035349754072
2024-05-16,INFY.NS,0.02352197300087777
2024-05-17,INFY.NS,-0.006226942518895995
2024-05-21,INFY.NS,-0.007027642505653908
2024-05-22,INFY.NS,0.014398789570497783
2024-05-23,INFY.NS,0.012097865682720199
2024-05-24,INFY.NS,-0.004957924957268323
2024-05-27,INFY.NS,0.004265920486074881
2024-05-28,INFY.NS,-0.0029224364217630416
2024-05-29,INFY.NS,-0.010974470618170584
2024-05-30,INFY.NS,-0.016196285737505978
2024-05-31,INFY.NS,-0.014396250278997047
2024-06-03,INFY.NS,-0.0007107825592770345
2024-06-04,INFY.NS,-0.008713279598316692
2024-06-05,INFY.NS,0.026154307418176703
2024-06-06,INFY.NS,0.02947348096890412
2024-06-07,INFY.NS,0.04167089528676349
2024-06-10,INFY.NS,-0.022072232736574326
2024-06-11,INFY.NS,-0.0026671111851975793
2024-06-12,INFY.NS,-0.007053350378154799
2024-06-13,INFY.NS,0.0058914626229928935
2024-06-14,INFY.NS,-0.0033802516301508767
2024-06-18,INFY.NS,0.006246172748551215
2024-06-19,INFY.NS,0.00877721588748992
2024-06-20,INFY.NS,0.0026797557769866476
2024-06-21,INFY.NS,0.01141607923921062
2024-06-24,INFY.NS,-0.00362101320194419
2024-06-25,INFY.NS,0.009691206837056487
2024-06-26,INFY.NS,-0.0008106618499841289
2024-06-27,INFY.NS,0.021191682643481924
2024-06-28,INFY.NS,-0.004194855364890837
2024-07-01,INFY.NS,0.015350278492500369
2024-07-02,INFY.NS,0.019015589056766702
2024-07-03,INFY.NS,0.003917198972683167
2024-07-04,INFY.NS,0.014286591895788625
2024-07-05,INFY.NS,-0.0019386745796241556
2024-07-08,INFY.NS,0.008619426181709855
2024-07-09,INFY.NS,-0.002708151496333744
2024-07-10,INFY.NS,-0.005370681159184376
2024-07-11,INFY.NS,0.002699803532155265
2024-07-12,INFY.NS,0.035729443076618184
2024-07-15,INFY.NS,-0.002745699530816381
2024-07-16,INFY.NS,0.011130312209090443
2024-07-18,INFY.NS,0.018539439236843647
2024-07-19,INFY.NS,0.01985148395918168
2024-07-22,INFY.NS,0.009983560557484061
2024-07-23,INFY.NS,0.014385536725479486
2024-07-24,INFY.NS,-0.0016060064254876938
2024-07-25,INFY.NS,-0.004961954158085202
2024-07-26,INFY.NS,0.02961889993766209
2024-07-29,INFY.NS,-0.004151391094136314
2024-07-30,INFY.NS,0.003233418260416787
2024-07-31,INFY.NS,-0.004741243000457862
2024-08-01,INFY.NS,-0.008376836298173429
2024-08-02,INFY.NS,-0.016949165944003308
2024-08-05,INFY.NS,-0.03805179475939502
2024-08-06,INFY.NS,-0.0004566749340577658
2024-08-07,INFY.NS,0.02315690102991197
2024-08-08,INFY.NS,-0.02707001888712135
2024-08-09,INFY.NS,0.015833390815122028
2024-08-12,INFY.NS,0.01505013379306086
2024-08-13,INFY.NS,2.7777209933521618e-05
2024-08-14,INFY.NS,0.014353695251043908
2024-08-16,INFY.NS,0.01958039279960233
2024-08-19,INFY.NS,0.003146990403137151
2024-08-20,INFY.NS,0.00396820149613375
2024-08-21,INFY.NS,0.00026706549142208047
2024-08-22,INFY.NS,0.004031638289625938
2024-08-23,INFY.NS,-0.009652984663774733
2024-08-26,INFY.NS,0.0075452709372942905
2024-08-27,INFY.NS,0.012765477632501465
2024-08-28,INFY.NS,0.020525235777645534
2024-08-29,INFY.NS,-0.002965293214581388
2024-08-30,INFY.NS,0.00535338956559106
2024-09-02,INFY.NS,0.010701265293331153
2024-09-03,INFY.NS,-0.011835072537541347
2024-09-04,INFY.NS,-0.009684506801352244
2024-09-05,INFY.NS,0.005565852695236684
2024-09-06,INFY.NS,-0.01619121559777137
2024-09-09,INFY.NS,-0.003785761897258322
2024-09-10,INFY.NS,0.009315717513328492
2024-09-11,INFY.NS,-0.0011243133186029652
2024-09-12,INFY.NS,0.02109778092962844
2024-09-13,INFY.NS,-0.0032556465148578795
2024-09-16,INFY.NS,0.0031634301174294777
2024-09-17,INFY.NS,0.0011793610194206217
2024-09-18,INFY.NS,-0.030933918672309213
2024-09-19,INFY.NS,0.001083384896209516
2024-09-20,INFY.NS,0.006097586910494446
2024-09-23,INFY.NS,-0.004879994137806598
2024-09-24,INFY.NS,0.0011337100737796035
2024-09-25,INFY.NS,-0.0017380842727515722
2024-09-26,INFY.NS,0.0026116979076402647
2024-09-27,INFY.NS,0.003420602552295815
2024-09-30,INFY.NS,-0.016336711374885238
2024-10-01,INFY.NS,0.015328428435822827
2024-10-03,INFY.NS,-0.005749967869485673
2024-10-04,INFY.NS,0.013071722658110296
2024-10-07,INFY.NS,0.008419583561507737
2024-10-08,INFY.NS,0.007367005966128826
2024-10-09,INFY.NS,0.0021554238108489887
2024-10-10,INFY.NS,-0.017283318397132263
2024-10-11,INFY.NS,0.008389773624772001
2024-10-14,INFY.NS,0.0122991313773948
2024-10-15,INFY.NS,0.0002042086931834941
2024-10-16,INFY.NS,-0.020007182292285153
2024-10-17,INFY.NS,0.02499869830233825
2024-10-18,INFY.NS,-0.04496722783285034
2024-10-21,INFY.NS,-0.014284941442163746
2024-10-22,INFY.NS,-0.0006207121382066916
2024-10-23,INFY.NS,0.01177362773577828
2024-10-24,INFY.NS,-0.00536460376702963
2024-10-25,INFY.NS,-0.0006976288806957998
2024-10-28,INFY.NS,0.0017722008921776666
2024-10-29,INFY.NS,-0.013965168519987636
2024-10-30,INFY.NS,-0.020225124914169834
2024-10-31,INFY.NS,-0.024887617886657387
2024-11-01,INFY.NS,0.0020486416764475823
2024-11-04,INFY.NS,0.0015901688769330846
2024-11-05,INFY.NS,-0.005358247447833087
2024-11-06,INFY.NS,0.03961920073796099
2024-11-07,INFY.NS,-0.011323081042186156
2024-11-08,INFY.NS,0.014919110182900042
2024-11-11,INFY.NS,0.01647587377717885
2024-11-12,INFY.NS,0.0046772073309913065
2024-11-13,INFY.NS,-0.00021405415432929065
2024-11-14,INFY.NS,-0.0020605735044051388
2024-11-18,INFY.NS,-0.028478773036756833
2024-11-19,INFY.NS,0.007342211591063297
2024-11-21,INFY.NS,0.005096615332579768
2024-11-22,INFY.NS,0.03718543625101822
2024-11-25,INFY.NS,-0.006597476056314888
2024-11-26,INFY.NS,0.018230446172591508
2024-11-27,INFY.NS,0.00018188581009637161
2024-11-28,INFY.NS,-0.03525589794021178
2024-11-29,INFY.NS,0.0006462990634186205
2024-12-02,INFY.NS,0.011814771661132095
2024-12-03,INFY.NS,0.0065432101491220696
2024-12-04,INFY.NS,-0.0015062499987903433
2024-12-05,INFY.NS,0.024136549205207025
2024-12-06,INFY.NS,-0.006434582178964421
2024-12-09,INFY.NS,0.0006502288723082561
2024-12-10,INFY.NS,0.012944155172740945
2024-12-11,INFY.NS,0.013137961532645015
2024-12-12,INFY.NS,0.006509118064495389
2024-12-13,INFY.NS,0.006391520468985945
2024-12-16,INFY.NS,-0.009826425375584313
2024-12-17,INFY.NS,-0.0017424171900247698
2024-12-18,INFY.NS,0.0012901188200051816
2024-12-19,INFY.NS,-0.016648598052561803
2024-12-20,INFY.NS,-0.012357377125269742
2024-12-23,INFY.NS,0.001118551823090952
2024-12-24,INFY.NS,-0.007924959524522768
2024-12-26,INFY.NS,-0.000864317001576409
2024-12-27,INFY.NS,0.0049019479219152284
2024-12-30,INFY.NS,-0.005608451806443204
2024-12-31,INFY.NS,-0.01364113326337879
2025-01-01,INFY.NS,0.0013297872340425343
2025-01-02,INFY.NS,0.04002654745600931
2025-01-03,INFY.NS,-0.009755586906101565
2025-01-06,INFY.NS,-0.00046422922711153447
2025-01-07,INFY.NS,-0.0036122507357069233
2025-01-08,INFY.NS,0.0011912105327742673
2025-01-09,INFY.NS,-0.008199040625800125
2025-01-10,INFY.NS,0.025895739362285397
2025-01-13,INFY.NS,-0.002414906387002924
2025-01-14,INFY.NS,-0.011288300323583966
2025-01-15,INFY.NS,0.004948313365284784
2025-01-16,INFY.NS,-0.010873784000571485
2025-01-17,INFY.NS,-0.058596283471776145
2025-01-20,INFY.NS,-0.0011842256198593137
2025-01-21,INFY.NS,-0.0069487108128591935
2025-01-22,INFY.NS,0.03096018299090786
2025-01-23,INFY.NS,0.004847962636600478
2025-01-24,INFY.NS,0.005360636983971601
2025-01-27,INFY.NS,-0.028499801414842763
2025-01-28,INFY.NS,0.004253567508232692
2025-01-29,INFY.NS,0.028145921573985433
2025-01-30,INFY.NS,-0.011322285091362128
2025-01-31,INFY.NS,0.010672382686288673
2025-02-01,INFY.NS,-0.015134627355671948
2025-02-03,INFY.NS,0.006454788883666129
2025-02-04,INFY.NS,0.019052218681755884
2025-02-05,INFY.NS,-0.0009216346929631358
2025-02-06,INFY.NS,0.009804683644180745
2025-02-07,INFY.NS,-0.006264192230869714
2025-02-10,INFY.NS,-0.012265897242916046
2025-02-11,INFY.NS,-0.0024730225460348754
2025-02-12,INFY.NS,-0.0066643562697177305
2025-02-13,INFY.NS,-0.010680849181922913
2025-02-14,INFY.NS,0.00713415131645867
2025-02-17,INFY.NS,-0.007595332579457326
2025-02-18,INFY.NS,0.0052379645486566595
2025-02-19,INFY.NS,-0.022219770203677047
2025-02-20,INFY.NS,0.007924660480997936
2025-02-21,INFY.NS,-0.005561200053853632
2025-02-24,INFY.NS,-0.02804409058626034
2025-02-25,INFY.NS,0.002040686829408278
2025-02-27,INFY.NS,-0.0019233481007316922
2025-02-28,INFY.NS,-0.04341670664642838
2025-03-03,INFY.NS,0.012383732309496409
2025-03-04,INFY.NS,-0.011881029525855458
2025-03-05,INFY.NS,0.01374160427702309
2025-03-06,INFY.NS,0.0025416158842754832
2025-03-07,INFY.NS,-0.01739661159813477
2025-03-10,INFY.NS,0.009163672106687448
2025-03-11,INFY.NS,-0.02342118588824249
2025-03-12,INFY.NS,-0.042579442127790745
2025-03-13,INFY.NS,-0.006914542646265898
2025-03-17,INFY.NS,0.006456355603261965
2025-03-18,INFY.NS,0.0
2025-03-19,INFY.NS,-0.0022011885742713178
2025-03-20,INFY.NS,0.018278654380566417
2025-03-21,INFY.NS,-0.0142366372472853
2025-03-24,INFY.NS,0.0001255540898210672
2025-03-25,INFY.NS,0.0224140330697693
2025-03-26,INFY.NS,-0.017808345893056687
2025-03-27,INFY.NS,0.002563442296675822
2025-03-28,INFY.NS,-0.020516992555427827
2025-04-01,INFY.NS,-0.0281093965732645
2025-04-02,INFY.NS,0.01549297373996894
2025-04-03,INFY.NS,-0.03460956911853841
2025-04-04,INFY.NS,-0.029969913522176705
2025-04-07,INFY.NS,-0.03781904969568828
2025-04-08,INFY.NS,0.022946159891265472
2025-04-09,INFY.NS,-0.01756725699781203
2025-04-11,INFY.NS,0.0040963170193171194
2025-04-15,INFY.NS,0.011742203981322419
2025-04-16,INFY.NS,-0.009046300430618825
2025-04-17,INFY.NS,0.004529066962448036
2025-04-21,INFY.NS,0.022190912293061027
2025-04-22,INFY.NS,-0.01943483885036179
2025-04-23,INFY.NS,0.03661791804747905
2025-04-24,INFY.NS,-0.0023730422008708674
2025-04-25,INFY.NS,0.005980648777899056
2025-04-28,INFY.NS,0.001283626859032383
2025-04-29,INFY.NS,0.010390678542433918
2025-04-30,INFY.NS,0.001736210741861477
2025-05-02,INFY.NS,0.004533063754946776
2025-05-05,INFY.NS,0.0011281114502177392
2025-05-06,INFY.NS,0.0019223282917899542
2025-05-07,INFY.NS,-0.0021170699119252845
2025-05-08,INFY.NS,0.00205527778663539
2025-05-09,INFY.NS,-0.0025142574875888224
2025-05-12,INFY.NS,0.07913242953042521
2025-05-13,INFY.NS,-0.03583505313986468
2025-05-14,INFY.NS,0.015172796888024198
2025-05-15,INFY.NS,0.012936432598660286
2025-05-16,INFY.NS,-0.014321125595745499
2025-05-19,INFY.NS,-0.01893199265597245
2025-05-20,INFY.NS,0.000512839295276013
2025-05-21,INFY.NS,0.005062171304402563
2025-05-22,INFY.NS,-0.013388587822760645
2025-05-23,INFY.NS,0.011179353039176165
2025-05-26,INFY.NS,0.010033199566700235
2025-05-27,INFY.NS,-0.006580211587511875
2025-05-28,INFY.NS,0.0010827802487882732
2025-05-29,INFY.NS,0.008779696099450618
2025-05-30,INFY.NS,-0.014442497960811429
2025-06-02,INFY.NS,-0.005695208691262832
2025-06-03,INFY.NS,-0.006950732712532992
2025-06-04,INFY.NS,0.005314291102965107
2025-06-05,INFY.NS,0.0019985158289284044
2025-06-06,INFY.NS,0.00611207598376029
2025-06-09,INFY.NS,0.005819142666453336
2025-06-10,INFY.NS,0.014686232581465397
2025-06-11,INFY.NS,0.02199246590597581
2025-06-12,INFY.NS,-0.013794372102738484
2025-06-13,INFY.NS,-0.004102931546752897
2025-06-16,INFY.NS,0.01360802049196308
2025-06-17,INFY.NS,0.009914998831017874
2025-06-18,INFY.NS,-0.0042685528969981235
2025-06-19,INFY.NS,-0.008879906781312674
2025-06-20,INFY.NS,0.0027805239323506203
2025-06-23,INFY.NS,-0.023969452109723788
2025-06-24,INFY.NS,-0.0015151669280697444
2025-06-25,INFY.NS,0.021054659422202082
2025-06-26,INFY.NS,0.0006811415996705872
2025-06-27,INFY.NS,-0.004950495049504955
2025-06-30,INFY.NS,-0.003855691027285446
2025-07-01,INFY.NS,0.003121488230480418
2025-07-02,INFY.NS,0.0023026830093597628
2025-07-03,INFY.NS,0.005091556145218945
2025-07-04,INFY.NS,0.013591153804676903
2025-07-07,INFY.NS,-0.008350064959829928
2025-07-08,INFY.NS,0.007191119343500363
2025-07-09,INFY.NS,-0.0030511992121707854
2025-07-10,INFY.NS,-0.010956664552086326
2025-07-11,INFY.NS,-0.012934783873301936
2025-07-14,INFY.NS,-0.015424148980733188
2025-07-15,INFY.NS,0.009743314196054786
2025-07-16,INFY.NS,0.014064107701492912
2025-07-17,INFY.NS,-0.015175088030087047
2025-07-18,INFY.NS,0.0016419170103805225
2025-07-21,INFY.NS,-0.001134812928263007
2025-07-22,INFY.NS,-0.008458009216104179
2025-07-23,INFY.NS,0.0022916643516384116
2025-07-24,INFY.NS,-0.013972689742775435
2025-07-25,INFY.NS,-0.023703735154991912
2025-07-28,INFY.NS,0.0001979605712152388
2025-07-29,INFY.NS,-0.0015171826043041126
2025-07-30,INFY.NS,0.003501386667827955
2025-07-31,INFY.NS,-0.006583278472679366
2025-08-01,INFY.NS,-0.026110022805873045
2025-08-04,INFY.NS,0.007417000949334174
2025-08-05,INFY.NS,-0.013644006195119851
2025-08-06,INFY.NS,-0.016161129129036778
2025-08-07,INFY.NS,0.00013925889120014467
2025-08-08,INFY.NS,-0.00960404244808355
2025-08-11,INFY.NS,0.003583708575244371
2025-08-12,INFY.NS,-0.002870729397920324
2025-08-13,INFY.NS,0.00175549472850145
2025-08-14,INFY.NS,0.014790393906512822
2025-08-18,INFY.NS,-0.008219867890523425
2025-08-19,INFY.NS,0.002925164388525303
2025-08-20,INFY.NS,0.03902774386935759
2025-08-21,INFY.NS,0.00013372092548924464
2025-08-22,INFY.NS,-0.005947623809714586
2025-08-25,INFY.NS,0.02998317686449581
2025-08-26,INFY.NS,-0.0016317473009840322
2025-08-28,INFY.NS,-0.01928608817393551
2025-08-29,INFY.NS,-0.0203319781990442
2025-09-01,INFY.NS,0.020277660127371533
2025-09-02,INFY.NS,-0.0004669022480915386
2025-09-03,INFY.NS,-0.013077985070068077
2025-09-04,INFY.NS,-0.010884981307338282
2025-09-05,INFY.NS,-0.012576913475093932
2025-09-08,INFY.NS,-0.008099094122668404
2025-09-09,INFY.NS,0.049829034264452066
2025-09-10,INFY.NS,0.01881268752191989
2025-09-11,INFY.NS,-0.014941944916387895
2025-09-12,INFY.NS,0.010531910265825006
2025-09-15,INFY.NS,-0.011274220927585565
2025-09-16,INFY.NS,0.001922583112652143
2025-09-17,INFY.NS,0.007344653759883357
2025-09-18,INFY.NS,0.011954775932744521
2025-09-19,INFY.NS,-0.000259654952876609
2025-09-22,INFY.NS,-0.02642510872754411
2025-09-23,INFY.NS,-0.0013337779259753324
2025-09-24,INFY.NS,-0.0019365772381051416
2025-09-25,INFY.NS,-0.006556889413818268
2025-09-26,INFY.NS,-0.024178356164789028
2025-09-29,INFY.NS,-0.004900252237078129
2025-09-30,INFY.NS,0.0
2025-10-01,INFY.NS,0.002774309796459651
2025-10-03,INFY.NS,0.0005532762005788783
2025-10-06,INFY.NS,0.02032353443263002
2025-10-07,INFY.NS,-0.01185636856368566
2025-10-08,INFY.NS,0.025025711347274493
2025-10-09,INFY.NS,0.009565250052257612
2025-10-10,INFY.NS,0.0037103129959383807
2025-10-13,INFY.NS,-0.014324425963740173
2025-10-14,INFY.NS,-0.0022099697734537793
2025-10-15,INFY.NS,-0.010403382606893885
2025-10-16,INFY.NS,-0.0019669183166318716
2025-10-17,INFY.NS,-0.020659207892669063
2025-10-20,INFY.NS,0.013739538660441974
2025-10-21,INFY.NS,0.007871859680892657
2025-10-23,INFY.NS,0.03810104228180955
2025-10-24,INFY.NS,-0.0020281161831452454
2025-10-27,INFY.NS,-0.01370134002855461
2025-10-28,INFY.NS,-0.0028581248442173246
2025-10-29,INFY.NS,0.006799142497118327
2025-10-30,INFY.NS,-0.010990449760074128
2025-10-31,INFY.NS,-0.007698486828288442
2025-11-03,INFY.NS,0.002158774247093209
2025-11-04,INFY.NS,-0.011847846237588389
2025-11-06,INFY.NS,-0.0008175442620259599
2025-11-07,INFY.NS,0.006886273943201626
2025-11-10,INFY.NS,0.024850995367312834
2025-11-11,INFY.NS,0.011100131369755628
2025-11-12,INFY.NS,0.01398412184599862
2025-11-13,INFY.NS,-0.006380036511745346
2025-11-14,INFY.NS,-0.025295108811056677
2025-11-17,INFY.NS,0.003193988955187743
2025-11-18,INFY.NS,-0.0140620532735386
2025-11-19,INFY.NS,0.03680028947351355
2025-11-20,INFY.NS,-0.0029848651345208976
2025-11-21,INFY.NS,0.0055320533680442985
2025-11-24,INFY.NS,0.001941747572815622
2025-11-25,INFY.NS,-0.011240325848877575
2025-11-26,INFY.NS,0.01783617487493694
2025-11-27,INFY.NS,0.005456062562934294
2025-11-28,INFY.NS,-0.004021992294389598
2025-12-01,INFY.NS,0.00249985544201925
2025-12-02,INFY.NS,-0.0019181585677748858
2025-12-03,INFY.NS,0.011338854049887992
2025-12-04,INFY.NS,0.01197189142878785
2025-12-05,INFY.NS,0.011642448591748122
2025-12-08,INFY.NS,-0.0033411103247680263
2025-12-09,INFY.NS,-0.007325582611392156
2025-12-10,INFY.NS,-0.008880519807301424
2025-12-11,INFY.NS,0.008329095636787631
2025-12-12,INFY.NS,0.00012512588978408345
2025-12-15,INFY.NS,0.005381114953697752
2025-12-16,INFY.NS,-0.008650749310220696
2025-12-17,INFY.NS,0.005712835360954127
2025-12-18,INFY.NS,0.015480679667993158
2025-12-19,INFY.NS,0.007314913933228695
2025-12-22,INFY.NS,0.031061222878332684
2025-12-23,INFY.NS,-0.01260649092423538
2025-12-24,INFY.NS,-0.0029371361689429776
2025-12-26,INFY.NS,-0.004388630949248906
2025-12-29,INFY.NS,-0.006883657135511423
2025-12-30,INFY.NS,-0.014045100183458059
2025-12-31,INFY.NS,-0.003823354258274958
2021-01-04,RELIANCE.NS,0.0016855302320109011
2021-01-05,RELIANCE.NS,-0.012431873479480382
2021-01-06,RELIANCE.NS,-0.026372010631973364
2021-01-07,RELIANCE.NS,-0.0016194496455139706
2021-01-08,RELIANCE.NS,0.011799153433837084
2021-01-11,RELIANCE.NS,-0.01884985812986395
2021-01-12,RELIANCE.NS,0.03151933510633853
2021-01-13,RELIANCE.NS,-0.009325317568512292
2021-01-14,RELIANCE.NS,0.011244106283356814
2021-01-15,RELIANCE.NS,-0.011807603823801305
2021-01-18,RELIANCE.NS,0.02400059032840285
2021-01-19,RELIANCE.NS,0.01635630100761487
2021-01-20,RELIANCE.NS,0.018994215761052535
2021-01-21,RELIANCE.NS,0.021754985589943265
2021-01-22,RELIANCE.NS,-0.023721036857036304
2021-01-25,RELIANCE.NS,-0.05298596292825475
2021-01-27,RELIANCE.NS,-0.023699137010891325
2021-01-28,RELIANCE.NS,-0.009736120999136011
2021-01-29,RELIANCE.NS,-0.01843809233846372
2021-02-01,RELIANCE.NS,0.028963888893077216
2021-02-02,RELIANCE.NS,0.01609243831175
2021-02-03,RELIANCE.NS,0.00251844175536875
2021-02-04,RELIANCE.NS,-0.003289067853345151
2021-02-05,RELIANCE.NS,-0.0002858410796449107
2021-02-08,RELIANCE.NS,0.014398987369897975
2021-02-09,RELIANCE.NS,0.0024084178395196165
2021-02-10,RELIANCE.NS,0.00927842837069659
2021-02-11,RELIANCE.NS,0.04122982002468767
2021-02-12,RELIANCE.NS,-0.006858970639079032
2021-02-15,RELIANCE.NS,-0.004408312432754746
2021-02-16,RELIANCE.NS,0.013234304917417061
2021-02-17,RELIANCE.NS,0.011531936893920625
2021-02-18,RELIANCE.NS,-0.00746430684099153
2021-02-19,RELIANCE.NS,0.0060937088345569546
2021-02-22,RELIANCE.NS,-0.03470655818663315
2021-02-23,RELIANCE.NS,0.007644066599963528
2021-02-24,RELIANCE.NS,0.018557443176964394
2021-02-25,RELIANCE.NS,0.04044152397822298
2021-02-26,RELIANCE.NS,-0.027304308503919628
2021-03-01,RELIANCE.NS,0.007622955772678797
2021-03-02,RELIANCE.NS,0.0020459491239350758
2021-03-03,RELIANCE.NS,0.04563155480294889
2021-03-04,RELIANCE.NS,-0.0119204485041573
2021-03-05,RELIANCE.NS,0.0013098051028970215
2021-03-08,RELIANCE.NS,0.005691525509124773
2021-03-09,RELIANCE.NS,-2.2876285470707636e-05
2021-03-10,RELIANCE.NS,-0.004153257476491201
2021-03-12,RELIANCE.NS,-0.020325806668841095
2021-03-15,RELIANCE.NS,-0.013426283112198623
2021-03-16,RELIANCE.NS,-0.003935696595031124
2021-03-17,RELIANCE.NS,-0.02154147006075957
2021-03-18,RELIANCE.NS,-0.022502242464098043
2021-03-19,RELIANCE.NS,0.03628487323676266
2021-03-22,RELIANCE.NS,-0.009414038961924942
2021-03-23,RELIANCE.NS,0.012170322309908332
2021-03-24,RELIANCE.NS,-0.019257499018153323
2021-03-25,RELIANCE.NS,-0.027279847277196123
2021-03-26,RELIANCE.NS,0.001606877189981093
2021-03-30,RELIANCE.NS,0.017371466095883692
2021-03-31,RELIANCE.NS,-0.012910869872660102
2021-04-01,RELIANCE.NS,0.009360508009248258
2021-04-05,RELIANCE.NS,-0.014466916703095856
2021-04-06,RELIANCE.NS,-0.004165407247906816
2021-04-07,RELIANCE.NS,0.009348350768569658
2021-04-08,RELIANCE.NS,0.0012482190938496451
2021-04-09,RELIANCE.NS,-0.011618901661089587
2021-04-12,RELIANCE.NS,-0.035771043170736094
2021-04-13,RELIANCE.NS,0.010805008756376022
2021-04-15,RELIANCE.NS,0.006470637688652525
2021-04-16,RELIANCE.NS,-0.006274765297439977
2021-04-19,RELIANCE.NS,-0.01573418340176136
2021-04-20,RELIANCE.NS,-0.0002891685111764408
2021-04-22,RELIANCE.NS,0.002761460677463523
2021-04-23,RELIANCE.NS,-0.0010752914195837349
2021-04-26,RELIANCE.NS,0.017591258734775295
2021-04-27,RELIANCE.NS,0.026214644507349227
2021-04-28,RELIANCE.NS,0.004349651487200568
2021-04-29,RELIANCE.NS,0.013393116982897135
2021-04-30,RELIANCE.NS,-0.014599451107579542
2021-05-03,RELIANCE.NS,-0.01777387731717861
2021-05-04,RELIANCE.NS,-0.021668699256284896
2021-05-05,RELIANCE.NS,0.0018262025179582864
2021-05-06,RELIANCE.NS,0.0056767720376909026
2021-05-07,RELIANCE.NS,0.00038840595552147583
2021-05-10,RELIANCE.NS,-0.002873060761007462
2021-05-11,RELIANCE.NS,0.003608179363817632
2021-05-12,RELIANCE.NS,-0.01034585850956693
2021-05-14,RELIANCE.NS,0.01262320925967475
2021-05-17,RELIANCE.NS,0.011898004272020257
2021-05-18,RELIANCE.NS,0.014079085182280515
2021-05-19,RELIANCE.NS,0.004577577183205728
2021-05-20,RELIANCE.NS,-0.005833595638074729
2021-05-21,RELIANCE.NS,0.008638070539813025
2021-05-24,RELIANCE.NS,-0.008439272504792705
2021-05-25,RELIANCE.NS,-0.011331282303765677
2021-05-26,RELIANCE.NS,0.003514734371180994
2021-05-27,RELIANCE.NS,0.003071032376009475
2021-05-28,RELIANCE.NS,0.06006780748179219
2021-05-31,RELIANCE.NS,0.031267870976051215
2021-06-01,RELIANCE.NS,0.003980963224500034
2021-06-02,RELIANCE.NS,0.01491537920997188
2021-06-03,RELIANCE.NS,0.0038160020586248677
2021-06-04,RELIANCE.NS,-0.008666516834967997
2021-06-07,RELIANCE.NS,0.016845422263986443
2021-06-08,RELIANCE.NS,-0.0057465790864018595
2021-06-09,RELIANCE.NS,-0.017881330156834907
2021-06-10,RELIANCE.NS,0.003678178756082451
2021-06-11,RELIANCE.NS,0.013811233390942146
2021-06-14,RELIANCE.NS,0.01434609655410779
2021-06-15,RELIANCE.NS,0.0022718050157155556
2021-06-16,RELIANCE.NS,-0.01706669064870836
2021-06-17,RELIANCE.NS,0.0018312585786985913
2021-06-18,RELIANCE.NS,0.004513340355358331
2021-06-21,RELIANCE.NS,0.005211956254983274
2021-06-22,RELIANCE.NS,-0.0051402420525877845
2021-06-23,RELIANCE.NS,-0.009165405478636424
2021-06-24,RELIANCE.NS,-0.023511012393192643
2021-06-25,RELIANCE.NS,-0.02277690458060344
2021-06-28,RELIANCE.NS,-0.008767112268294852
2021-06-29,RELIANCE.NS,0.000862883828764538
2021-06-30,RELIANCE.NS,0.010944552495229853
2021-07-01,RELIANCE.NS,-0.006017078057468872
2021-07-02,RELIANCE.NS,0.014823948083621863
2021-07-05,RELIANCE.NS,0.009934029274451195
2021-07-06,RELIANCE.NS,-0.011812865705698727
2021-07-07,RELIANCE.NS,-0.006941836290228154
2021-07-08,RELIANCE.NS,-0.008269935487947078
2021-07-09,RELIANCE.NS,-0.010226514677270093
2021-07-12,RELIANCE.NS,0.006228295708037734
2021-07-13,RELIANCE.NS,0.007485249859994658
2021-07-14,RELIANCE.NS,-0.006524765247274522
2021-07-15,RELIANCE.NS,-0.0017497331305101893
2021-07-16,RELIANCE.NS,0.014430781704496853
2021-07-19,RELIANCE.NS,-0.006367145334734703
2021-07-20,RELIANCE.NS,-0.0024536550550769975
2021-07-22,RELIANCE.NS,0.012847477599959856
2021-07-23,RELIANCE.NS,-0.007073123807106452
2021-07-26,RELIANCE.NS,-0.013700906696398896
2021-07-27,RELIANCE.NS,-0.010520771603487744
2021-07-28,RELIANCE.NS,-0.008588781277325652
2021-07-29,RELIANCE.NS,0.00780423656516227
2021-07-30,RELIANCE.NS,-0.008742187872885054
2021-08-02,RELIANCE.NS,0.018277394388244605
2021-08-03,RELIANCE.NS,0.0073582306756945215
2021-08-04,RELIANCE.NS,0.007663790074232679
2021-08-05,RELIANCE.NS,0.014497919551027527
2021-08-06,RELIANCE.NS,-0.02117840907400892
2021-08-09,RELIANCE.NS,-0.005696404596855831
2021-08-10,RELIANCE.NS,0.005247560546840946
2021-08-11,RELIANCE.NS,0.014008317989059105
2021-08-12,RELIANCE.NS,-0.0032116218034240474
2021-08-13,RELIANCE.NS,0.01665478021256006
2021-08-16,RELIANCE.NS,0.012979762898970737
2021-08-17,RELIANCE.NS,-0.004255795060780554
2021-08-18,RELIANCE.NS,0.0038812404227823727
2021-08-20,RELIANCE.NS,-0.011230488188669674
2021-08-23,RELIANCE.NS,0.006563475070485714
2021-08-24,RELIANCE.NS,0.009873522858423689
2021-08-25,RELIANCE.NS,0.00865497835377238
2021-08-26,RELIANCE.NS,0.012644160725068021
2021-08-27,RELIANCE.NS,-0.0013674548358045824
2021-08-30,RELIANCE.NS,0.019237677389996266
2021-08-31,RELIANCE.NS,-0.005329769978103083
2021-09-01,RELIANCE.NS,0.003963371030025531
2021-09-02,RELIANCE.NS,0.012041867163192999
2021-09-03,RELIANCE.NS,0.041012890605545804
2021-09-06,RELIANCE.NS,0.015532815746304607
2021-09-07,RELIANCE.NS,0.006307686603622242
2021-09-08,RELIANCE.NS,-0.0039125135740543104
2021-09-09,RELIANCE.NS,-0.002364888166616619
2021-09-13,RELIANCE.NS,-0.02228316816135678
2021-09-14,RELIANCE.NS,-0.00130717525450319
2021-09-15,RELIANCE.NS,0.004158840711006695
2021-09-16,RELIANCE.NS,0.020981342540336012
2021-09-17,RELIANCE.NS,-0.015505330079763069
2021-09-20,RELIANCE.NS,0.0015896692631522935
2021-09-21,RELIANCE.NS,0.0043226452746414346
2021-09-22,RELIANCE.NS,0.01072902716630586
2021-09-23,RELIANCE.NS,0.02443941051925913
2021-09-24,RELIANCE.NS,-0.0028917493941837957
2021-09-27,RELIANCE.NS,0.016816334601590155
2021-09-28,RELIANCE.NS,0.009348642994013279
2021-09-29,RELIANCE.NS,-0.007927604346438244
2021-09-30,RELIANCE.NS,-0.003402182339770965
2021-10-01,RELIANCE.NS,0.0017664303271645032
2021-10-04,RELIANCE.NS,0.012858138098505556
2021-10-05,RELIANCE.NS,0.02075384853863871
2021-10-06,RELIANCE.NS,-0.018913849343885403
2021-10-07,RELIANCE.NS,0.004902670920807761
2021-10-08,RELIANCE.NS,0.03842715130835428
2021-10-11,RELIANCE.NS,-0.006963102882221572
2021-10-12,RELIANCE.NS,0.005711250972964876
2021-10-13,RELIANCE.NS,0.010176977725938618
2021-10-14,RELIANCE.NS,0.002022270891253841
2021-10-18,RELIANCE.NS,0.002666333632084905
2021-10-19,RELIANCE.NS,0.008956201372537276
2021-10-20,RELIANCE.NS,-0.011512337759790103
2021-10-21,RELIANCE.NS,-0.028847553420216165
2021-10-22,RELIANCE.NS,0.0018684488929050502
2021-10-25,RELIANCE.NS,-0.009743519840502035
2021-10-26,RELIANCE.NS,0.02277270240216378
2021-10-27,RELIANCE.NS,-0.012645343621609628
2021-10-28,RELIANCE.NS,-0.010961459820564734
2021-10-29,RELIANCE.NS,-0.023993606048033578
2021-11-01,RELIANCE.NS,0.0006111446927818953
2021-11-02,RELIANCE.NS,-0.014579614159224152
2021-11-03,RELIANCE.NS,-0.0068777532404799
2021-11-04,RELIANCE.NS,0.006140253250567218
2021-11-08,RELIANCE.NS,0.0012405832900841407
2021-11-09,RELIANCE.NS,0.007893844615366463
2021-11-10,RELIANCE.NS,0.011182920622693215
2021-11-11,RELIANCE.NS,0.0018236194821896756
2021-11-12,RELIANCE.NS,0.015090680033204462
2021-11-15,RELIANCE.NS,-0.00590024512696552
2021-11-16,RELIANCE.NS,-0.023236833507633392
2021-11-17,RELIANCE.NS,-0.021406758348136767
2021-11-18,RELIANCE.NS,0.0037742816610961682
2021-11-22,RELIANCE.NS,-0.04429300276111392
2021-11-23,RELIANCE.NS,0.009349504929776709
2021-11-24,RELIANCE.NS,-0.014439199286914839
2021-11-25,RELIANCE.NS,0.060198078251967324
2021-11-26,RELIANCE.NS,-0.03223081332853328
2021-11-29,RELIANCE.NS,0.01197871921476068
2021-11-30,RELIANCE.NS,-0.014786003262497793
2021-12-01,RELIANCE.NS,0.025609116293820344
2021-12-02,RELIANCE.NS,0.006424741204257733
2021-12-03,RELIANCE.NS,-0.030046089783191676
2021-12-06,RELIANCE.NS,-0.01895570678969838
2021-12-07,RELIANCE.NS,0.008147839563567683
2021-12-08,RELIANCE.NS,0.015219263244935721
2021-12-09,RELIANCE.NS,0.01585953006409513
2021-12-10,RELIANCE.NS,0.0010177809081228784
2021-12-13,RELIANCE.NS,-0.02004921730882203
2021-12-14,RELIANCE.NS,-0.01224245299556892
2021-12-15,RELIANCE.NS,-0.002919959979600817
2021-12-16,RELIANCE.NS,0.012936050010833533
2021-12-17,RELIANCE.NS,-0.026394555577562095
2021-12-20,RELIANCE.NS,-0.026960595123074804
2021-12-21,RELIANCE.NS,0.014885655996418112
2021-12-22,RELIANCE.NS,0.02373171577194455
2021-12-23,RELIANCE.NS,-0.00035918331573936424
2021-12-24,RELIANCE.NS,0.0031920984826796506
2021-12-27,RELIANCE.NS,-0.0010747301414038013
2021-12-28,RELIANCE.NS,0.011876375616380441
2021-12-29,RELIANCE.NS,0.0017095295270190825
2021-12-30,RELIANCE.NS,-0.018064589006075993
2021-12-31,RELIANCE.NS,0.003836265949263007
2022-01-03,RELIANCE.NS,0.015074984552739812
2022-01-04,RELIANCE.NS,0.022567974444573258
2022-01-05,RELIANCE.NS,0.004678412789519637
2022-01-06,RELIANCE.NS,-0.021501435321219176
2022-01-07,RELIANCE.NS,0.008069540652875018
2022-01-10,RELIANCE.NS,0.0008209948837936132
2022-01-11,RELIANCE.NS,0.007198561719773844
2022-01-12,RELIANCE.NS,0.02669454704916885
2022-01-13,RELIANCE.NS,0.005632502724973065
2022-01-14,RELIANCE.NS,0.0014593678520917752
2022-01-17,RELIANCE.NS,0.00521858618016946
2022-01-18,RELIANCE.NS,-0.011930600857928741
2022-01-19,RELIANCE.NS,-7.929570311693279e-05
2022-01-20,RELIANCE.NS,-0.017508746820839804
2022-01-21,RELIANCE.NS,0.00016143042732941204
2022-01-24,RELIANCE.NS,-0.04033732232709242
2022-01-25,RELIANCE.NS,-0.0019555267825410727
2022-01-27,RELIANCE.NS,-0.014810988233261768
2022-01-28,RELIANCE.NS,-0.0009622785888149243
2022-01-31,RELIANCE.NS,0.02172659051764647
2022-02-01,RELIANCE.NS,-0.0033101712595519084
2022-02-02,RELIANCE.NS,0.0020389352567999897
2022-02-03,RELIANCE.NS,-0.012921937153107854
2022-02-04,RELIANCE.NS,-0.009116989637341866
2022-02-07,RELIANCE.NS,-0.006090952659306037
2022-02-08,RELIANCE.NS,0.016809732919149667
2022-02-09,RELIANCE.NS,0.011650895703725128
2022-02-10,RELIANCE.NS,-0.001027846175085001
2022-02-11,RELIANCE.NS,-0.001952939707485668
2022-02-14,RELIANCE.NS,-0.015927456920645677
2022-02-15,RELIANCE.NS,0.03395264274802634
2022-02-16,RELIANCE.NS,-0.0020678637369360153
2022-02-17,RELIANCE.NS,0.012660792125769316
2022-02-18,RELIANCE.NS,-0.007816593186858678
2022-02-21,RELIANCE.NS,-0.010105607829535845
2022-02-22,RELIANCE.NS,-0.004541898570694536
2022-02-23,RELIANCE.NS,-0.006257840985071872
2022-02-24,RELIANCE.NS,-0.049830485700333216
2022-02-25,RELIANCE.NS,0.012501490659763359
2022-02-28,RELIANCE.NS,0.03310044787802546
2022-03-02,RELIANCE.NS,0.016528614331211333
2022-03-03,RELIANCE.NS,-0.008442569420688661
2022-03-04,RELIANCE.NS,-0.02217970760337329
2022-03-07,RELIANCE.NS,-0.03698047882220068
2022-03-08,RELIANCE.NS,-0.0018084630685905045
2022-03-09,RELIANCE.NS,0.05305301538913709
2022-03-10,RELIANCE.NS,0.016205752721988986
2022-03-11,RELIANCE.NS,0.002884293459776588
2022-03-14,RELIANCE.NS,0.008211247285353496
2022-03-15,RELIANCE.NS,-0.0229033803112616
2022-03-16,RELIANCE.NS,0.016882076936636015
2022-03-17,RELIANCE.NS,0.03260038029429713
2022-03-21,RELIANCE.NS,-0.005762213488075263
2022-03-22,RELIANCE.NS,0.025836947883900008
2022-03-23,RELIANCE.NS,0.0031802800690501343
2022-03-24,RELIANCE.NS,0.015536397118414813
2022-03-25,RELIANCE.NS,0.0066702151153863465
2022-03-28,RELIANCE.NS,0.010054526809354147
2022-03-29,RELIANCE.NS,0.00022880058656893354
2022-03-30,RELIANCE.NS,0.019217979531671148
2022-03-31,RELIANCE.NS,-0.014291407155381575
2022-04-01,RELIANCE.NS,0.008008370283445698
2022-04-04,RELIANCE.NS,0.0029557629509584515
2022-04-05,RELIANCE.NS,-0.014134490360960816
2022-04-06,RELIANCE.NS,-0.002665575617879945
2022-04-07,RELIANCE.NS,-0.017639980940450273
2022-04-08,RELIANCE.NS,0.016635252177099158
2022-04-11,RELIANCE.NS,-0.0020835810897723572
2022-04-12,RELIANCE.NS,-0.018829992278180052
2022-04-13,RELIANCE.NS,-0.003670400171529087
2022-04-18,RELIANCE.NS,-0.0030568733521064706
2022-04-19,RELIANCE.NS,0.038111544034830525
2022-04-20,RELIANCE.NS,0.029403957961606997
2022-04-21,RELIANCE.NS,0.02341411584069486
2022-04-22,RELIANCE.NS,-0.008374955528727579
2022-04-25,RELIANCE.NS,-0.023126024334948148
2022-04-26,RELIANCE.NS,0.029925795498656038
2022-04-27,RELIANCE.NS,0.0009727796100513775
2022-04-28,RELIANCE.NS,0.014936905509589815
2022-04-29,RELIANCE.NS,-0.010497015968116252
2022-05-02,RELIANCE.NS,-0.003512235186472701
2022-05-04,RELIANCE.NS,-0.031218000210811003
2022-05-05,RELIANCE.NS,-0.019583093692220332
2022-05-06,RELIANCE.NS,-0.007667812075955127
2022-05-09,RELIANCE.NS,-0.039055186362614625
2022-05-10,RELIANCE.NS,-0.017333175641880194
2022-05-11,RELIANCE.NS,-0.010243832675729148
2022-05-12,RELIANCE.NS,-0.020373138196772334
2022-05-13,RELIANCE.NS,0.011336111653732717
2022-05-16,RELIANCE.NS,0.0002473288700046705
2022-05-17,RELIANCE.NS,0.04200303630367341
2022-05-18,RELIANCE.NS,0.003637629669386966
2022-05-19,RELIANCE.NS,-0.023046520175109664
2022-05-20,RELIANCE.NS,0.05831001061615182
2022-05-23,RELIANCE.NS,-0.006687050299168162
2022-05-24,RELIANCE.NS,0.0034331527535840234
2022-05-25,RELIANCE.NS,-0.0014717629809394284
2022-05-26,RELIANCE.NS,-0.00953291385420374
2022-05-27,RELIANCE.NS,-0.00463847158639652
2022-05-30,RELIANCE.NS,0.03483365929018101
2022-05-31,RELIANCE.NS,-0.012064744061800803
2022-06-01,RELIANCE.NS,0.00032291725903332846
2022-06-02,RELIANCE.NS,0.03447882069394148
2022-06-03,RELIANCE.NS,0.02026203778491542
2022-06-06,RELIANCE.NS,-0.004299310747534646
2022-06-07,RELIANCE.NS,0.0018789033909718533
2022-06-08,RELIANCE.NS,-0.017563738728189393
2022-06-09,RELIANCE.NS,0.02742237217195953
2022-06-10,RELIANCE.NS,-0.03019202487332684
2022-06-13,RELIANCE.NS,-0.018918751934412836
2022-06-14,RELIANCE.NS,-0.013068448713105751
2022-06-15,RELIANCE.NS,-0.012099967269912137
2022-06-16,RELIANCE.NS,-0.013981433004173205
2022-06-17,RELIANCE.NS,0.011718729416048346
2022-06-20,RELIANCE.NS,-0.01812736429395667
2022-06-21,RELIANCE.NS,0.016142043828175412
2022-06-22,RELIANCE.NS,-0.030378118926868702
2022-06-23,RELIANCE.NS,-0.01622369490053932
2022-06-24,RELIANCE.NS,0.014239716124230473
2022-06-27,RELIANCE.NS,-0.00295999473534192
2022-06-28,RELIANCE.NS,0.014061312671448833
2022-06-29,RELIANCE.NS,0.020750108907908293
2022-06-30,RELIANCE.NS,0.006007464017750985
2022-07-01,RELIANCE.NS,-0.07202440566375745
2022-07-04,RELIANCE.NS,0.0020758049303415405
2022-07-05,RELIANCE.NS,0.008099613709213527
2022-07-06,RELIANCE.NS,-0.00879482378882157
2022-07-07,RELIANCE.NS,-0.00984716814267994
2022-07-08,RELIANCE.NS,0.001381851426161207
2022-07-11,RELIANCE.NS,0.013590396488507794
2022-07-12,RELIANCE.NS,-0.001423424943306939
2022-07-13,RELIANCE.NS,-0.017723974892164818
2022-07-14,RELIANCE.NS,0.008243792874537137
2022-07-15,RELIANCE.NS,0.0019398233260112807
2022-07-18,RELIANCE.NS,0.008514512963889498
2022-07-19,RELIANCE.NS,0.0061306623205379385
2022-07-20,RELIANCE.NS,0.02704022708750453
2022-07-21,RELIANCE.NS,-0.006671980071982442
2022-07-22,RELIANCE.NS,0.006757114731690939
2022-07-25,RELIANCE.NS,-0.033039117587354117
2022-07-26,RELIANCE.NS,0.0004545067088643773
2022-07-27,RELIANCE.NS,-0.0009497813099860197
2022-07-28,RELIANCE.NS,0.015666336177696083
2022-07-29,RELIANCE.NS,0.02130552163670818
2022-08-01,RELIANCE.NS,0.02606152282596752
2022-08-02,RELIANCE.NS,0.003806052599544252
2022-08-03,RELIANCE.NS,0.008395704057035047
2022-08-04,RELIANCE.NS,-0.013217728696482411
2022-08-05,RELIANCE.NS,-0.014736188442204368
2022-08-08,RELIANCE.NS,0.013082072476186646
2022-08-10,RELIANCE.NS,0.00597946459408516
2022-08-11,RELIANCE.NS,0.0033300841293575356
2022-08-12,RELIANCE.NS,0.01617069538063265
2022-08-16,RELIANCE.NS,0.006950236866603898
2022-08-17,RELIANCE.NS,0.005223912313456314
2022-08-18,RELIANCE.NS,-0.0014445382658235806
2022-08-19,RELIANCE.NS,-0.017829652524035344
2022-08-22,RELIANCE.NS,-0.002773747136063043
2022-08-23,RELIANCE.NS,0.015422451950773075
2022-08-24,RELIANCE.NS,-0.0026636659534643448
2022-08-25,RELIANCE.NS,-0.002916875754519932
2022-08-26,RELIANCE.NS,-0.005338092239516534
2022-08-29,RELIANCE.NS,-0.007773074518460432
2022-08-30,RELIANCE.NS,0.015513976457669498
2022-09-01,RELIANCE.NS,-0.029397824196427003
2022-09-02,RELIANCE.NS,-0.011677848812974179
2022-09-05,RELIANCE.NS,0.01553054435510215
2022-09-06,RELIANCE.NS,0.010526068759062257
2022-09-07,RELIANCE.NS,-0.00581472097039748
2022-09-08,RELIANCE.NS,0.001413747808660215
2022-09-09,RELIANCE.NS,-0.006227198042228821
2022-09-12,RELIANCE.NS,0.011189772433516154
2022-09-13,RELIANCE.NS,0.008352401522875974
2022-09-14,RELIANCE.NS,-0.011985871915110358
2022-09-15,RELIANCE.NS,-0.009909731028447832
2022-09-16,RELIANCE.NS,-0.024778602312562237
2022-09-19,RELIANCE.NS,0.0013004191568346535
2022-09-20,RELIANCE.NS,0.00015981770634310166
2022-09-21,RELIANCE.NS,0.0027569433237679686
2022-09-22,RELIANCE.NS,-0.009423317662934583
2022-09-23,RELIANCE.NS,-0.018744189520421672
2022-09-26,RELIANCE.NS,-0.0254765640332264
2022-09-27,RELIANCE.NS,0.007950088035759473
2022-09-28,RELIANCE.NS,-0.02662496651223567
2022-09-29,RELIANCE.NS,-0.0030654079189156302
2022-09-30,RELIANCE.NS,0.022556249001114193
2022-10-03,RELIANCE.NS,-0.003469665953154677
2022-10-04,RELIANCE.NS,0.018442651315874636
2022-10-06,RELIANCE.NS,0.0036880052962944276
2022-10-07,RELIANCE.NS,0.004231950461542677
2022-10-10,RELIANCE.NS,-0.010915357829625605
2022-10-11,RELIANCE.NS,-0.019910319344405902
2022-10-12,RELIANCE.NS,0.007358296093509242
2022-10-13,RELIANCE.NS,0.0031786595063678647
2022-10-14,RELIANCE.NS,-0.005078132371567512
2022-10-17,RELIANCE.NS,0.016050102848655712
2022-10-18,RELIANCE.NS,0.01764403061713038
2022-10-19,RELIANCE.NS,0.017399299810989532
2022-10-20,RELIANCE.NS,0.00268654832631654
2022-10-21,RELIANCE.NS,-0.011597259721899733
2022-10-24,RELIANCE.NS,0.0033379183782105137
2022-10-25,RELIANCE.NS,-0.01544445815654416
2022-10-27,RELIANCE.NS,0.003931947643366573
2022-10-28,RELIANCE.NS,0.030597936684740423
2022-10-31,RELIANCE.NS,0.009282876702288334
2022-11-01,RELIANCE.NS,-0.00774631485413213
2022-11-02,RELIANCE.NS,0.0062453682250620535
2022-11-03,RELIANCE.NS,0.003731881034914286
2022-11-04,RELIANCE.NS,0.01471539853397763
2022-11-07,RELIANCE.NS,0.005341777451682184
2022-11-09,RELIANCE.NS,-0.0009974094144935552
2022-11-10,RELIANCE.NS,-0.012096762725121168
2022-11-11,RELIANCE.NS,0.023051508023506084
2022-11-14,RELIANCE.NS,-0.00484461950545545
2022-11-15,RELIANCE.NS,-0.0044863465472947395
2022-11-16,RELIANCE.NS,-0.005733893764299225
2022-11-17,RELIANCE.NS,0.0025845208728885183
2022-11-18,RELIANCE.NS,-0.0005386736761073818
2022-11-21,RELIANCE.NS,-0.017996998786134588
2022-11-22,RELIANCE.NS,0.005547000969519766
2022-11-23,RELIANCE.NS,-0.0031188627519929124
2022-11-24,RELIANCE.NS,0.008623282853359893
2022-11-25,RELIANCE.NS,0.014927650844366536
2022-11-28,RELIANCE.NS,0.0343635826419173
2022-11-29,RELIANCE.NS,0.0017173395314775686
2022-11-30,RELIANCE.NS,0.0070607263032560486
2022-12-01,RELIANCE.NS,-0.0029472717835090645
2022-12-02,RELIANCE.NS,-0.0004223111609613639
2022-12-05,RELIANCE.NS,-0.014584052786711377
2022-12-06,RELIANCE.NS,0.0028891793626213413
2022-12-07,RELIANCE.NS,-0.014757258872348356
2022-12-08,RELIANCE.NS,-0.000471633246171943
2022-12-09,RELIANCE.NS,-0.015155197222940009
2022-12-12,RELIANCE.NS,0.0015330524257903821
2022-12-13,RELIANCE.NS,0.004554057185151228
2022-12-14,RELIANCE.NS,-0.003619071284398534
2022-12-15,RELIANCE.NS,-0.014203831505038789
2022-12-16,RELIANCE.NS,-0.004945050266590312
2022-12-19,RELIANCE.NS,0.013135386849911335
2022-12-20,RELIANCE.NS,0.008656212198905333
2022-12-21,RELIANCE.NS,-0.014226903867485818
2022-12-22,RELIANCE.NS,-0.0025923709990954835
2022-12-23,RELIANCE.NS,-0.029327346934754916
2022-12-26,RELIANCE.NS,0.008732288536986932
2022-12-27,RELIANCE.NS,0.008181345651636196
2022-12-28,RELIANCE.NS,-9.822764073841306e-05
2022-12-29,RELIANCE.NS,-0.0004519954904406154
2022-12-30,RELIANCE.NS,0.0015334027302764675
2023-01-02,RELIANCE.NS,0.011267335350579222
2023-01-03,RELIANCE.NS,-0.007317888394115513
2023-01-04,RELIANCE.NS,-0.01505637619993383
2023-01-05,RELIANCE.NS,-0.0017867707130919674
2023-01-06,RELIANCE.NS,0.009088934934264659
2023-01-09,RELIANCE.NS,0.023611459092832687
2023-01-10,RELIANCE.NS,-0.01478740112405641
2023-01-11,RELIANCE.NS,-0.012605476420096018
2023-01-12,RELIANCE.NS,-0.021594219287609517
2023-01-13,RELIANCE.NS,-0.001618339266280855
2023-01-16,RELIANCE.NS,-0.00952339606764907
2023-01-17,RELIANCE.NS,0.014197449162521858
2023-01-18,RELIANCE.NS,-0.0016540808129613671
2023-01-19,RELIANCE.NS,-0.0010707719551806827
2023-01-20,RELIANCE.NS,-0.011892980509314866
2023-01-23,RELIANCE.NS,-0.005056039184384908
2023-01-24,RELIANCE.NS,-0.005904544271184808
2023-01-25,RELIANCE.NS,-0.013824869656593686
2023-01-27,RELIANCE.NS,-0.018971224372976936
2023-01-30,RELIANCE.NS,0.009583549149724035
2023-01-31,RELIANCE.NS,-0.0025003118944609826
2023-02-01,RELIANCE.NS,-0.005926408877600653
2023-02-02,RELIANCE.NS,-0.005534440500271187
2023-02-03,RELIANCE.NS,0.0008809538126715033
2023-02-06,RELIANCE.NS,-0.0075354629562432995
2023-02-07,RELIANCE.NS,-0.0024010483044184516
2023-02-08,RELIANCE.NS,0.019970517456379788
2023-02-09,RELIANCE.NS,0.0017431795009288376
2023-02-10,RELIANCE.NS,-0.008234034608474938
2023-02-13,RELIANCE.NS,-0.005691901305813762
2023-02-14,RELIANCE.NS,0.023565084902409383
2023-02-15,RELIANCE.NS,0.022644052534068315
2023-02-16,RELIANCE.NS,-0.0007812494901702216
2023-02-17,RELIANCE.NS,0.004176851731614306
2023-02-20,RELIANCE.NS,-0.010572833630844158
2023-02-21,RELIANCE.NS,0.008159382166560425
2023-02-22,RELIANCE.NS,-0.022677841318137992
2023-02-23,RELIANCE.NS,-0.004792140262862232
2023-02-24,RELIANCE.NS,0.0068426804680721265
2023-02-27,RELIANCE.NS,-0.006649369406797612
2023-02-28,RELIANCE.NS,-0.01913122664674094
2023-03-01,RELIANCE.NS,0.00919248784372173
2023-03-02,RELIANCE.NS,-0.007615531875228232
2023-03-03,RELIANCE.NS,0.02551535840834762
2023-03-06,RELIANCE.NS,0.009767738983766261
2023-03-08,RELIANCE.NS,0.0035912314784403154
2023-03-09,RELIANCE.NS,-0.024034664434487207
2023-03-10,RELIANCE.NS,-0.015492192520659476
2023-03-13,RELIANCE.NS,-0.016446357366264208
2023-03-14,RELIANCE.NS,-0.0037425915814151
2023-03-15,RELIANCE.NS,-0.01709180993325332
2023-03-16,RELIANCE.NS,-0.004984270590769779
2023-03-17,RELIANCE.NS,-0.0012578351783166797
2023-03-20,RELIANCE.NS,-0.009828646393723828
2023-03-21,RELIANCE.NS,0.031095964755363248
2023-03-22,RELIANCE.NS,0.00304002765229483
2023-03-23,RELIANCE.NS,-0.012650389006345963
2023-03-24,RELIANCE.NS,-0.019797193426066784
2023-03-27,RELIANCE.NS,0.015544831422035443
2023-03-28,RELIANCE.NS,0.004670365004369126
2023-03-29,RELIANCE.NS,-0.005916361878683163
2023-03-31,RELIANCE.NS,0.04311535201068306
2023-04-03,RELIANCE.NS,0.00017156895840964026
2023-04-05,RELIANCE.NS,-0.00240189374192723
2023-04-06,RELIANCE.NS,0.006707172558922281
2023-04-10,RELIANCE.NS,-0.007089616352095374
2023-04-11,RELIANCE.NS,0.004946558576676363
2023-04-12,RELIANCE.NS,0.004408671296369571
2023-04-13,RELIANCE.NS,0.003771291855134473
2023-04-17,RELIANCE.NS,0.005073204825170485
2023-04-18,RELIANCE.NS,-0.011446866546813483
2023-04-19,RELIANCE.NS,0.004977880169436011
2023-04-20,RELIANCE.NS,-0.0025298057678222463
2023-04-21,RELIANCE.NS,0.0012574564586111947
2023-04-24,RELIANCE.NS,0.0038314784568012072
2023-04-25,RELIANCE.NS,0.0076546851813150685
2023-04-26,RELIANCE.NS,-0.005871037336453333
2023-04-27,RELIANCE.NS,0.0063291061279788785
2023-04-28,RELIANCE.NS,0.018278919348623468
2023-05-02,RELIANCE.NS,0.008490040059193849
2023-05-03,RELIANCE.NS,-0.00858240371018515
2023-05-04,RELIANCE.NS,0.011528457569999429
2023-05-05,RELIANCE.NS,-0.002553127118804288
2023-05-08,RELIANCE.NS,0.012347778686762956
2023-05-09,RELIANCE.NS,0.003094716670936304
2023-05-10,RELIANCE.NS,0.006876317912040131
2023-05-11,RELIANCE.NS,-0.0065288907973513055
2023-05-12,RELIANCE.NS,0.0016328182062588237
2023-05-15,RELIANCE.NS,0.001972349837900067
2023-05-16,RELIANCE.NS,-0.014241183736900087
2023-05-17,RELIANCE.NS,-0.005909223742146197
2023-05-18,RELIANCE.NS,-0.0021522366974574547
2023-05-19,RELIANCE.NS,0.003245533180920246
2023-05-22,RELIANCE.NS,0.005344099015040182
2023-05-23,RELIANCE.NS,-0.00018326998254247773
2023-05-24,RELIANCE.NS,-0.005825950182807849
2023-05-25,RELIANCE.NS,-0.00012291850145651484
2023-05-26,RELIANCE.NS,0.027275217678677244
2023-05-29,RELIANCE.NS,0.00562531533308408
2023-05-30,RELIANCE.NS,-0.0002578337328165148
2023-05-31,RELIANCE.NS,-0.019861571501447517
2023-06-01,RELIANCE.NS,-0.0026924131372541016
2023-06-02,RELIANCE.NS,-0.0032680528132968956
2023-06-05,RELIANCE.NS,0.008981006006693493
2023-06-06,RELIANCE.NS,0.0008476849307053058
2023-06-07,RELIANCE.NS,0.007582696098884512
2023-06-08,RELIANCE.NS,0.0006003479476941465
2023-06-09,RELIANCE.NS,-0.007080913585574389
2023-06-12,RELIANCE.NS,0.0008863641135181677
2023-06-13,RELIANCE.NS,0.014773636935327517
2023-06-14,RELIANCE.NS,0.012297460049177644
2023-06-15,RELIANCE.NS,0.0002743704328387331
2023-06-16,RELIANCE.NS,0.009735354378588301
2023-06-19,RELIANCE.NS,-0.009932537887402226
2023-06-20,RELIANCE.NS,0.002076942978757268
2023-06-21,RELIANCE.NS,0.002815755112367979
2023-06-22,RELIANCE.NS,-0.011231189289718668
2023-06-23,RELIANCE.NS,-0.008183728977079308
2023-06-26,RELIANCE.NS,-0.007634990487816684
2023-06-27,RELIANCE.NS,0.00036069006166927764
2023-06-28,RELIANCE.NS,0.013238793078603983
2023-06-30,RELIANCE.NS,0.008203140317754487
2023-07-03,RELIANCE.NS,0.025664181435819167
2023-07-04,RELIANCE.NS,-0.010303133816358168
2023-07-05,RELIANCE.NS,-0.001641761978026901
2023-07-06,RELIANCE.NS,0.02099052930013756
2023-07-07,RELIANCE.NS,-0.0019516691733302283
2023-07-10,RELIANCE.NS,0.038521359587795345
2023-07-11,RELIANCE.NS,0.010840753923444746
2023-07-12,RELIANCE.NS,0.0011032081822055506
2023-07-13,RELIANCE.NS,-0.008942280290075044
2023-07-14,RELIANCE.NS,-0.000838459879863529
2023-07-17,RELIANCE.NS,0.020432738127236005
2023-07-18,RELIANCE.NS,0.008492112575323452
2023-07-19,RELIANCE.NS,0.007587443397794269
2023-07-20,RELIANCE.NS,-0.0012110108445551049
2023-07-21,RELIANCE.NS,-0.030956006883295806
2023-07-24,RELIANCE.NS,-0.020226527880354506
2023-07-25,RELIANCE.NS,-0.0006431830740676325
2023-07-26,RELIANCE.NS,0.016252273533744477
2023-07-27,RELIANCE.NS,-0.009302509878166498
2023-07-28,RELIANCE.NS,0.010049205647923776
2023-07-31,RELIANCE.NS,0.008465653229830172
2023-08-01,RELIANCE.NS,-0.014141433295331907
2023-08-02,RELIANCE.NS,-0.010683532562980158
2023-08-03,RELIANCE.NS,-0.004203026485429695
2023-08-04,RELIANCE.NS,0.01359107710797236
2023-08-07,RELIANCE.NS,0.005698252096945744
2023-08-08,RELIANCE.NS,-0.006022622075144479
2023-08-09,RELIANCE.NS,0.0065971934994448755
2023-08-10,RELIANCE.NS,0.004455092752072565
2023-08-11,RELIANCE.NS,0.004218475182974357
2023-08-14,RELIANCE.NS,0.011817167740521883
2023-08-16,RELIANCE.NS,-0.0008148598918420458
2023-08-17,RELIANCE.NS,-0.014426306720994542
2023-08-18,RELIANCE.NS,0.0074074266462274
2023-08-21,RELIANCE.NS,-0.01439301006153837
2023-08-22,RELIANCE.NS,-0.0002381339905753732
2023-08-23,RELIANCE.NS,0.0011113951483130435
2023-08-24,RELIANCE.NS,-0.016810682406067756
2023-08-25,RELIANCE.NS,-0.004617288066143033
2023-08-28,RELIANCE.NS,-0.0099662109032298
2023-08-29,RELIANCE.NS,-0.009575407608695685
2023-08-30,RELIANCE.NS,-0.0009502959222107421
2023-08-31,RELIANCE.NS,-0.004569818078612675
2023-09-01,RELIANCE.NS,0.002347279743975861
2023-09-04,RELIANCE.NS,-0.0008082196965174537
2023-09-05,RELIANCE.NS,0.005351203694223372
2023-09-06,RELIANCE.NS,0.00210424711591517
2023-09-07,RELIANCE.NS,0.0013587717274554656
2023-09-08,RELIANCE.NS,0.006661164133172193
2023-09-11,RELIANCE.NS,0.010783492774655956
2023-09-12,RELIANCE.NS,-0.014446778707339236
2023-09-13,RELIANCE.NS,0.005002337447307381
2023-09-14,RELIANCE.NS,0.0009179739112532559
2023-09-15,RELIANCE.NS,0.0018546646303203573
2023-09-18,RELIANCE.NS,-0.008706855843154004
2023-09-20,RELIANCE.NS,-0.022286543912797385
2023-09-21,RELIANCE.NS,-0.007283275287820801
2023-09-22,RELIANCE.NS,-0.004165298313965837
2023-09-25,RELIANCE.NS,-0.006157243381238131
2023-09-26,RELIANCE.NS,0.0008759208147555153
2023-09-27,RELIANCE.NS,0.01126996898345789
2023-09-28,RELIANCE.NS,-0.014690280772551745
2023-09-29,RELIANCE.NS,0.004669852143314168
2023-10-03,RELIANCE.NS,-0.011449935034648195
2023-10-04,RELIANCE.NS,-0.001725513952292701
2023-10-05,RELIANCE.NS,-2.1521806970903334e-05
2023-10-06,RELIANCE.NS,0.0016852781552967322
2023-10-09,RELIANCE.NS,-0.008520276100086321
2023-10-10,RELIANCE.NS,0.004416361293919202
2023-10-11,RELIANCE.NS,0.015876861910782303
2023-10-12,RELIANCE.NS,0.0018549086053829544
2023-10-13,RELIANCE.NS,-4.250171097963662e-05
2023-10-16,RELIANCE.NS,-0.002234708164509991
2023-10-17,RELIANCE.NS,0.00477803414542044
2023-10-18,RELIANCE.NS,-0.013268230548774018
2023-10-19,RELIANCE.NS,-0.007680764912327831
2023-10-20,RELIANCE.NS,-0.003056958561251877
2023-10-23,RELIANCE.NS,-0.015614868844106566
2023-10-25,RELIANCE.NS,-0.0023197243342469864
2023-10-26,RELIANCE.NS,-0.013928542196230964
2023-10-27,RELIANCE.NS,0.017651043713507786
2023-10-30,RELIANCE.NS,0.02061079979057645
2023-10-31,RELIANCE.NS,-0.010637880067567607
2023-11-01,RELIANCE.NS,0.004152279560075245
2023-11-02,RELIANCE.NS,0.009924283884954033
2023-11-03,RELIANCE.NS,-0.00021549866844339238
2023-11-06,RELIANCE.NS,0.008320062609121104
2023-11-07,RELIANCE.NS,-0.006498482758390378
2023-11-08,RELIANCE.NS,0.005206925407255536
2023-11-09,RELIANCE.NS,-0.010852285875002532
2023-11-10,RELIANCE.NS,0.0018826051908424901
2023-11-13,RELIANCE.NS,-0.0001295108644638887
2023-11-15,RELIANCE.NS,0.01808081385549154
2023-11-16,RELIANCE.NS,0.0018035604778647851
2023-11-17,RELIANCE.NS,-0.0021815149956662117
2023-11-20,RELIANCE.NS,-0.0026320608959081726
2023-11-21,RELIANCE.NS,0.012577863434223513
2023-11-22,RELIANCE.NS,0.0039093905628238
2023-11-23,RELIANCE.NS,0.003056715927216569
2023-11-24,RELIANCE.NS,-0.0006679597813609162
2023-11-28,RELIANCE.NS,0.00020886420501975422
2023-11-29,RELIANCE.NS,0.002631159825039253
2023-11-30,RELIANCE.NS,-0.009684675500014395
2023-12-01,RELIANCE.NS,0.007087466824672539
2023-12-04,RELIANCE.NS,0.010817316884083272
2023-12-05,RELIANCE.NS,0.00725148714246826
2023-12-06,RELIANCE.NS,0.009578544828735547
2023-12-07,RELIANCE.NS,-0.001645625398163153
2023-12-08,RELIANCE.NS,-0.0005291096242606708
2023-12-11,RELIANCE.NS,0.0014659870329838398
2023-12-12,RELIANCE.NS,-0.014353405341421599
2023-12-13,RELIANCE.NS,0.004084033804721221
2023-12-14,RELIANCE.NS,0.012407794645627135
2023-12-15,RELIANCE.NS,0.012763101499055018
2023-12-18,RELIANCE.NS,0.010177873597458253
2023-12-19,RELIANCE.NS,0.014716421125049672
2023-12-20,RELIANCE.NS,-0.01209889923418428
2023-12-21,RELIANCE.NS,0.014007932988677751
2023-12-22,RELIANCE.NS,0.0009755907015915888
2023-12-26,RELIANCE.NS,0.005068127230476227
2023-12-27,RELIANCE.NS,0.003413451508486043
2023-12-28,RELIANCE.NS,0.007228849939475701
2023-12-29,RELIANCE.NS,-0.007906237558367057
2024-01-01,RELIANCE.NS,0.0020503487217313765
2024-01-02,RELIANCE.NS,0.008281035101582956
2024-01-03,RELIANCE.NS,-0.01087410608979289
2024-01-04,RELIANCE.NS,0.005167751814846744
2024-01-05,RELIANCE.NS,0.004255501990526822
2024-01-08,RELIANCE.NS,-0.007803755760504516
2024-01-09,RELIANCE.NS,-0.002647534117031669
2024-01-10,RELIANCE.NS,0.026971554991765068
2024-01-11,RELIANCE.NS,0.0263008749116751
2024-01-12,RELIANCE.NS,0.007960108079664963
2024-01-15,RELIANCE.NS,0.017071276026074944
2024-01-16,RELIANCE.NS,-0.01398726799964134
2024-01-17,RELIANCE.NS,-0.009493533747840344
2024-01-18,RELIANCE.NS,0.0046820779087579645
2024-01-19,RELIANCE.NS,-0.00036551044836963253
2024-01-23,RELIANCE.NS,-0.0284288283945493
2024-01-24,RELIANCE.NS,0.011516135250502435
2024-01-25,RELIANCE.NS,0.006845838468514609
2024-01-29,RELIANCE.NS,0.0701920448486566
2024-01-30,RELIANCE.NS,-0.027916886478364544
2024-01-31,RELIANCE.NS,0.013497913151585106
2024-02-01,RELIANCE.NS,1.7540989441844346e-05
2024-02-02,RELIANCE.NS,0.021764221236084236
2024-02-05,RELIANCE.NS,-0.012811228224847926
2024-02-06,RELIANCE.NS,-0.007800403325514127
2024-02-07,RELIANCE.NS,0.010050409787921932
2024-02-08,RELIANCE.NS,0.005529920917331621
2024-02-09,RELIANCE.NS,0.007326954572881572
2024-02-12,RELIANCE.NS,-0.005750487362014334
2024-02-13,RELIANCE.NS,0.008778875762955218
2024-02-14,RELIANCE.NS,0.011108473609491076
2024-02-15,RELIANCE.NS,-0.007273664274111913
2024-02-16,RELIANCE.NS,-0.006816962179037267
2024-02-19,RELIANCE.NS,0.00919161924374623
2024-02-20,RELIANCE.NS,-0.0020183009402561236
2024-02-21,RELIANCE.NS,-0.0022603784347665634
2024-02-22,RELIANCE.NS,0.009572834568064792
2024-02-23,RELIANCE.NS,0.008014172431246802
2024-02-26,RELIANCE.NS,-0.0042179588773119114
2024-02-27,RELIANCE.NS,-0.0011261337050070264
2024-02-28,RELIANCE.NS,-0.02021002518806836
2024-02-29,RELIANCE.NS,0.003555207438814989
2024-03-01,RELIANCE.NS,0.021443695320933376
2024-03-04,RELIANCE.NS,0.010237094354737408
2024-03-05,RELIANCE.NS,-0.004776484758905464
2024-03-06,RELIANCE.NS,0.0018664504194509934
2024-03-07,RELIANCE.NS,-0.01601793158474718
2024-03-11,RELIANCE.NS,-0.008333805186377496
2024-03-12,RELIANCE.NS,0.00601736900933858
2024-03-13,RELIANCE.NS,-0.029313586640237532
2024-03-14,RELIANCE.NS,-0.0004888182088916837
2024-03-15,RELIANCE.NS,-0.009256186958194301
2024-03-18,RELIANCE.NS,0.014983518387990946
2024-03-19,RELIANCE.NS,-0.009882058269298666
2024-03-20,RELIANCE.NS,0.012980178915979579
2024-03-21,RELIANCE.NS,0.0050043120941558605
2024-03-22,RELIANCE.NS,0.002791260287924313
2024-03-26,RELIANCE.NS,-0.009243877607949647
2024-03-27,RELIANCE.NS,0.03556875372479262
2024-03-28,RELIANCE.NS,-0.004689017727486311
2024-04-01,RELIANCE.NS,-0.0007234587539372006
2024-04-02,RELIANCE.NS,0.0014648190615078605
2024-04-03,RELIANCE.NS,-0.010323128612257704
2024-04-04,RELIANCE.NS,-0.005894894605688261
2024-04-05,RELIANCE.NS,-0.0019311127692088759
2024-04-08,RELIANCE.NS,0.01772138924227873
2024-04-09,RELIANCE.NS,-0.015023773306190424
2024-04-10,RELIANCE.NS,0.01088028319077683
2024-04-12,RELIANCE.NS,-0.008397632541677913
2024-04-15,RELIANCE.NS,-0.0015847549354170987
2024-04-16,RELIANCE.NS,0.0006315081043539728
2024-04-18,RELIANCE.NS,-0.0009722318458980084
2024-04-19,RELIANCE.NS,0.003960902819748702
2024-04-22,RELIANCE.NS,0.006615067144588149
2024-04-23,RELIANCE.NS,-0.013869665677384457
2024-04-24,RELIANCE.NS,-0.006269955390266202
2024-04-25,RELIANCE.NS,0.0067577543591939015
2024-04-26,RELIANCE.NS,-0.005085653440623283
2024-04-29,RELIANCE.NS,0.008588327538870066
2024-04-30,RELIANCE.NS,0.0013480831747070265
2024-05-02,RELIANCE.NS,-0.0003067151819189373
2024-05-03,RELIANCE.NS,-0.022194979880935328
2024-05-06,RELIANCE.NS,-0.010094125234266005
2024-05-07,RELIANCE.NS,-0.012715555215784602
2024-05-08,RELIANCE.NS,0.012183644759727885
2024-05-09,RELIANCE.NS,-0.01721832010671931
2024-05-10,RELIANCE.NS,0.009540069095758996
2024-05-13,RELIANCE.NS,-0.003357264147163197
2024-05-14,RELIANCE.NS,0.012386825839328042
2024-05-15,RELIANCE.NS,-0.002675863520215427
2024-05-16,RELIANCE.NS,0.006407619293879341
2024-05-17,RELIANCE.NS,0.007261357395177859
2024-05-21,RELIANCE.NS,0.000296056866045058
2024-05-22,RELIANCE.NS,0.017077221282313593
2024-05-23,RELIANCE.NS,0.017389534788972982
2024-05-24,RELIANCE.NS,-0.0039029969634595263
2024-05-27,RELIANCE.NS,-0.009457861847660842
2024-05-28,RELIANCE.NS,-0.00685425325021316
2024-05-29,RELIANCE.NS,-0.010592588432240535
2024-05-30,RELIANCE.NS,-0.011053112774911833
2024-05-31,RELIANCE.NS,0.00389518119326393
2024-06-03,RELIANCE.NS,0.05587592658952323
2024-06-04,RELIANCE.NS,-0.07485139318535128
2024-06-05,RELIANCE.NS,0.01680054046323609
2024-06-06,RELIANCE.NS,0.007636794359273225
2024-06-07,RELIANCE.NS,0.02678819240007413
2024-06-10,RELIANCE.NS,0.000986477968880184
2024-06-11,RELIANCE.NS,-0.010007459114866668
2024-06-12,RELIANCE.NS,0.0045651240811048766
2024-06-13,RELIANCE.NS,0.0013155306526984045
2024-06-14,RELIANCE.NS,0.00839450525720875
2024-06-18,RELIANCE.NS,0.0023518496640391184
2024-06-19,RELIANCE.NS,-0.015107779835693336
2024-06-20,RELIANCE.NS,0.010317709187204205
2024-06-21,RELIANCE.NS,-0.013232001524118742
2024-06-24,RELIANCE.NS,-0.008750499252653032
2024-06-25,RELIANCE.NS,0.008793110558837691
2024-06-26,RELIANCE.NS,0.04117525633170227
2024-06-27,RELIANCE.NS,0.01091463096553369
2024-06-28,RELIANCE.NS,0.022769575952528154
2024-07-01,RELIANCE.NS,-0.003353775340565135
2024-07-02,RELIANCE.NS,0.0032208597477345613
2024-07-03,RELIANCE.NS,-0.008146053701498901
2024-07-04,RELIANCE.NS,0.00103062984402702
2024-07-05,RELIANCE.NS,0.022264748020375924
2024-07-08,RELIANCE.NS,0.007726823142064632
2024-07-09,RELIANCE.NS,-0.006636891647177512
2024-07-10,RELIANCE.NS,-0.0038044041032173626
2024-07-11,RELIANCE.NS,-0.002256593114593919
2024-07-12,RELIANCE.NS,0.010169835778691017
2024-07-15,RELIANCE.NS,0.0003131409651913053
2024-07-16,RELIANCE.NS,-0.013132135989949001
2024-07-18,RELIANCE.NS,0.0066138295499602595
2024-07-19,RELIANCE.NS,-0.019868607902636448
2024-07-22,RELIANCE.NS,-0.035028759110531604
2024-07-23,RELIANCE.NS,-0.00851285188225026
2024-07-24,RELIANCE.NS,0.005242238476932615
2024-07-25,RELIANCE.NS,-0.0022062759012775324
2024-07-26,RELIANCE.NS,0.011139774677052294
2024-07-29,RELIANCE.NS,0.007339143481848609
2024-07-30,RELIANCE.NS,-0.004572035578907285
2024-07-31,RELIANCE.NS,-0.005105227810394353
2024-08-01,RELIANCE.NS,0.00655960919986498
2024-08-02,RELIANCE.NS,-0.010542530945342854
2024-08-05,RELIANCE.NS,-0.03468227481931563
2024-08-06,RELIANCE.NS,0.006028430346056934
2024-08-07,RELIANCE.NS,0.006026511486203701
2024-08-08,RELIANCE.NS,-0.010717970880626315
2024-08-09,RELIANCE.NS,0.017372586097213816
2024-08-12,RELIANCE.NS,-0.009275621227167963
2024-08-13,RELIANCE.NS,0.0020539152759948553
2024-08-14,RELIANCE.NS,-0.001212759015500886
2024-08-16,RELIANCE.NS,0.011184441535722067
2024-08-19,RELIANCE.NS,0.006900333905505152
2024-08-20,RELIANCE.NS,0.005072511847602712
2024-08-21,RELIANCE.NS,0.0018216502859038641
2024-08-22,RELIANCE.NS,-0.0003670234108155146
2024-08-23,RELIANCE.NS,0.0012348606330829792
2024-08-26,RELIANCE.NS,0.008416807083777123
2024-08-27,RELIANCE.NS,-0.008032543045199958
2024-08-28,RELIANCE.NS,-0.001432838424281213
2024-08-29,RELIANCE.NS,0.015100446681354462
2024-08-30,RELIANCE.NS,-0.0074297210351237375
2024-09-02,RELIANCE.NS,0.004388507079572834
2024-09-03,RELIANCE.NS,-0.004699093157460865
2024-09-04,RELIANCE.NS,0.0035948306655346762
2024-09-05,RELIANCE.NS,-0.014245203226450731
2024-09-06,RELIANCE.NS,-0.01885498744077385
2024-09-09,RELIANCE.NS,-0.0016213541407115173
2024-09-10,RELIANCE.NS,-0.0006324501956948003
2024-09-11,RELIANCE.NS,-0.006859290293768083
2024-09-12,RELIANCE.NS,0.01949710563425766
2024-09-13,RELIANCE.NS,-0.004848661029445811
2024-09-16,RELIANCE.NS,-0.0008658174444019506
2024-09-17,RELIANCE.NS,0.0006457153348640166
2024-09-18,RELIANCE.NS,-0.006011069321972928
2024-09-19,RELIANCE.NS,0.004253714075609594
2024-09-20,RELIANCE.NS,0.011056865946630356
2024-09-23,RELIANCE.NS,0.005013678972402014
2024-09-24,RELIANCE.NS,-0.0026784966937306587
2024-09-25,RELIANCE.NS,0.0030717255035668245
2024-09-26,RELIANCE.NS,0.0026774658661505857
2024-09-27,RELIANCE.NS,0.01884248377869291
2024-09-30,RELIANCE.NS,-0.032499612475210826
2024-10-01,RELIANCE.NS,-0.007957604854853195
2024-10-03,RELIANCE.NS,-0.03949275682371256
2024-10-04,RELIANCE.NS,-0.0145346943099387
2024-10-07,RELIANCE.NS,-0.011395429977761884
2024-10-08,RELIANCE.NS,0.019424027776701713
2024-10-09,RELIANCE.NS,-0.01628081754569788
2024-10-10,RELIANCE.NS,-0.0025825162380781475
2024-10-11,RELIANCE.NS,0.000765782954976757
2024-10-14,RELIANCE.NS,0.00030977977967205916
2024-10-15,RELIANCE.NS,-0.02076464872628958
2024-10-16,RELIANCE.NS,0.007477484849803151
2024-10-17,RELIANCE.NS,0.0017355742783780048
2024-10-18,RELIANCE.NS,0.002119542102590799
2024-10-21,RELIANCE.NS,0.007283088345567901
2024-10-22,RELIANCE.NS,-0.018879620587053725
2024-10-23,RELIANCE.NS,-0.0035917305687749312
2024-10-24,RELIANCE.NS,0.0009525592654651138
2024-10-25,RELIANCE.NS,-0.008919296019312628
2024-10-28,RELIANCE.NS,0.004895131317174339
2024-10-29,RELIANCE.NS,0.004234289742150565
2024-10-30,RELIANCE.NS,0.002910465980643595
2024-10-31,RELIANCE.NS,-0.008817602031895189
2024-11-01,RELIANCE.NS,0.004954750455318013
2024-11-04,RELIANCE.NS,-0.027266275228266856
2024-11-05,RELIANCE.NS,0.00241909484698577
2024-11-06,RELIANCE.NS,0.015360396849607882
2024-11-07,RELIANCE.NS,-0.014863961621280897
2024-11-08,RELIANCE.NS,-0.016773273085864293
2024-11-11,RELIANCE.NS,-0.008607632972249313
2024-11-12,RELIANCE.NS,0.0012179216528591663
2024-11-13,RELIANCE.NS,-0.01742197462968409
2024-11-14,RELIANCE.NS,0.012419572821682934
2024-11-18,RELIANCE.NS,-0.005403893750290711
2024-11-19,RELIANCE.NS,-0.015149693108021056
2024-11-21,RELIANCE.NS,-0.015020355210691116
2024-11-22,RELIANCE.NS,0.03466886705974037
2024-11-25,RELIANCE.NS,0.017069681657339464
2024-11-26,RELIANCE.NS,0.006759868820415793
2024-11-27,RELIANCE.NS,-0.0019294590524132627
2024-11-28,RELIANCE.NS,-0.017321298476273173
2024-11-29,RELIANCE.NS,0.01683970846828653
2024-12-02,RELIANCE.NS,0.01311722170149876
2024-12-03,RELIANCE.NS,0.010808558339519214
2024-12-04,RELIANCE.NS,-0.010844175263923006
2024-12-05,RELIANCE.NS,0.010008096676669576
2024-12-06,RELIANCE.NS,-0.00794221066691636
2024-12-09,RELIANCE.NS,-0.012504306967710432
2024-12-10,RELIANCE.NS,-0.007952784336922591
2024-12-11,RELIANCE.NS,-0.005175720543583173
2024-12-12,RELIANCE.NS,-0.01196990090931016
2024-12-13,RELIANCE.NS,0.007878653083795317
2024-12-16,RELIANCE.NS,-0.003574597827774695
2024-12-17,RELIANCE.NS,-0.018134510064279685
2024-12-18,RELIANCE.NS,0.006383964394248709
2024-12-19,RELIANCE.NS,-0.018192737943846016
2024-12-20,RELIANCE.NS,-0.020439597985921654
2024-12-23,RELIANCE.NS,0.014104371784045444
2024-12-24,RELIANCE.NS,0.0003681184274730853
2024-12-26,RELIANCE.NS,-0.005070497789306905
2024-12-27,RELIANCE.NS,0.003698984685697626
2024-12-30,RELIANCE.NS,-0.00847639100967501
2024-12-31,RELIANCE.NS,0.003923350286255678
2025-01-01,RELIANCE.NS,0.004771935547434936
2025-01-02,RELIANCE.NS,0.016827061476458516
2025-01-03,RELIANCE.NS,0.007529372860599404
2025-01-06,RELIANCE.NS,-0.02649564302217655
2025-01-07,RELIANCE.NS,0.018760242681393757
2025-01-08,RELIANCE.NS,0.019865434902734735
2025-01-09,RELIANCE.NS,-0.008494666139865714
2025-01-10,RELIANCE.NS,-0.010241064423939017
2025-01-13,RELIANCE.NS,-0.0016507357982316062
2025-01-14,RELIANCE.NS,-0.0008871844235974757
2025-01-15,RELIANCE.NS,0.010857680058022234
2025-01-16,RELIANCE.NS,0.011379971694348123
2025-01-17,RELIANCE.NS,0.028346974454729557
2025-01-20,RELIANCE.NS,0.002380293810458234
2025-01-21,RELIANCE.NS,-0.024321116233907425
2025-01-22,RELIANCE.NS,0.0026694076661730737
2025-01-23,RELIANCE.NS,-0.010531635290106478
2025-01-24,RELIANCE.NS,-0.01373004807559941
2025-01-27,RELIANCE.NS,-0.013600314994872464
2025-01-28,RELIANCE.NS,0.004107901678460646
2025-01-29,RELIANCE.NS,0.000891101396777394
2025-01-30,RELIANCE.NS,0.014204814915520059
2025-01-31,RELIANCE.NS,0.009616476827148057
2025-02-01,RELIANCE.NS,-0.000395225681486866
2025-02-03,RELIANCE.NS,-0.014787246190804848
2025-02-04,RELIANCE.NS,0.03154340315250814
2025-02-05,RELIANCE.NS,-0.005446623300613407
2025-02-06,RELIANCE.NS,0.0026209496043076985
2025-02-07,RELIANCE.NS,-0.011587606484685709
2025-02-10,RELIANCE.NS,-0.010302303040068406
2025-02-11,RELIANCE.NS,-0.014996249720420907
2025-02-12,RELIANCE.NS,-0.014819554698641935
2025-02-13,RELIANCE.NS,-0.0003699586733986182
2025-02-14,RELIANCE.NS,0.0009456660119644411
2025-02-17,RELIANCE.NS,0.006284678097401963
2025-02-18,RELIANCE.NS,0.0004081965793405473
2025-02-19,RELIANCE.NS,0.00167286332378902
2025-02-20,RELIANCE.NS,0.0045216090666884146
2025-02-21,RELIANCE.NS,-0.003933475738797654
2025-02-24,RELIANCE.NS,-0.01107354583364184
2025-02-25,RELIANCE.NS,-0.008686384590165241
2025-02-27,RELIANCE.NS,0.0025747305531043096
2025-02-28,RELIANCE.NS,-0.0057990225677886365
2025-03-03,RELIANCE.NS,-0.02403964350707677
2025-03-04,RELIANCE.NS,-0.00798290338180363
2025-03-05,RELIANCE.NS,0.011790989658326145
2025-03-06,RELIANCE.NS,0.028921402437979582
2025-03-07,RELIANCE.NS,0.03323418820566215
2025-03-10,RELIANCE.NS,-0.009121478611520129
2025-03-11,RELIANCE.NS,0.007186712078977475
2025-03-12,RELIANCE.NS,0.007816884164448146
2025-03-13,RELIANCE.NS,-0.0072789658793558365
2025-03-17,RELIANCE.NS,-0.007252222654915319
2025-03-18,RELIANCE.NS,0.0
2025-03-19,RELIANCE.NS,0.006699801422040075
2025-03-20,RELIANCE.NS,0.01764021935559512
2025-03-21,RELIANCE.NS,0.005673049705214428
2025-03-24,RELIANCE.NS,0.02017471735225196
2025-03-25,RELIANCE.NS,-0.012787055315449214
2025-03-26,RELIANCE.NS,-0.009646351717113255
2025-03-27,RELIANCE.NS,0.004045325907249708
2025-03-28,RELIANCE.NS,-0.002425266550116323
2025-04-01,RELIANCE.NS,-0.01764567518688931
2025-04-02,RELIANCE.NS,-0.001157553249349852
2025-04-03,RELIANCE.NS,-0.0019582569591004573
2025-04-04,RELIANCE.NS,-0.035236647489820916
2025-04-07,RELIANCE.NS,-0.03237320625941975
2025-04-08,RELIANCE.NS,0.01415458582065865
2025-04-09,RELIANCE.NS,0.0026645445306776594
2025-04-11,RELIANCE.NS,0.02834603811362002
2025-04-15,RELIANCE.NS,0.017351019534254997
2025-04-16,RELIANCE.NS,-0.0006450502165638028
2025-04-17,RELIANCE.NS,0.028403090280807897
2025-04-21,RELIANCE.NS,0.0164770498234601
2025-04-22,RELIANCE.NS,-0.0033192194736588743
2025-04-23,RELIANCE.NS,0.006815403625238803
2025-04-24,RELIANCE.NS,0.0012307504507211853
2025-04-25,RELIANCE.NS,-0.000921904728320877
2025-04-28,RELIANCE.NS,0.052599218032837625
2025-04-29,RELIANCE.NS,0.022574445676126542
2025-04-30,RELIANCE.NS,0.003786560700875574
2025-05-02,RELIANCE.NS,0.010533842582295394
2025-05-05,RELIANCE.NS,0.00809973207811332
2025-05-06,RELIANCE.NS,-0.007266138516922038
2025-05-07,RELIANCE.NS,-0.010486328494650254
2025-05-08,RELIANCE.NS,0.0007112375533429027
2025-05-09,RELIANCE.NS,-0.02117984991337951
2025-05-12,RELIANCE.NS,0.043058416301616775
2025-05-13,RELIANCE.NS,-0.01447967200008704
2025-05-14,RELIANCE.NS,0.0061454217293615
2025-05-15,RELIANCE.NS,0.02092103780331711
2025-05-16,RELIANCE.NS,0.001512909720849942
2025-05-19,RELIANCE.NS,-0.010711326094775098
2025-05-20,RELIANCE.NS,-0.01124380392363522
2025-05-21,RELIANCE.NS,0.0032289594726726545
2025-05-22,RELIANCE.NS,-0.013853853508445368
2025-05-23,RELIANCE.NS,0.012345696120798832
2025-05-26,RELIANCE.NS,0.005606952429368484
2025-05-27,RELIANCE.NS,-0.008851458607462614
2025-05-28,RELIANCE.NS,-0.0064692717318164394
2025-05-29,RELIANCE.NS,0.003468061667062816
2025-05-30,RELIANCE.NS,0.0021864688102526397
2025-06-02,RELIANCE.NS,-0.005067262381923454
2025-06-03,RELIANCE.NS,-0.005800347637472614
2025-06-04,RELIANCE.NS,0.012806830309498363
2025-06-05,RELIANCE.NS,0.013277150975807839
2025-06-06,RELIANCE.NS,0.0007626009202157391
2025-06-09,RELIANCE.NS,0.0036716652775372616
2025-06-10,RELIANCE.NS,-0.0071093653237078724
2025-06-11,RELIANCE.NS,0.007229770187043849
2025-06-12,RELIANCE.NS,-0.0050383385362128275
2025-06-13,RELIANCE.NS,-0.009503295923896427
2025-06-16,RELIANCE.NS,0.006933275610892187
2025-06-17,RELIANCE.NS,-0.004590414127214282
2025-06-18,RELIANCE.NS,-0.0007685687698890664
2025-06-19,RELIANCE.NS,0.0022376570147666364
2025-06-20,RELIANCE.NS,0.022953953270739902
2025-06-23,RELIANCE.NS,-0.006411064422855217
2025-06-24,RELIANCE.NS,-0.004118616006930087
2025-06-25,RELIANCE.NS,0.011373035183813052
2025-06-26,RELIANCE.NS,0.019082668212518916
2025-06-27,RELIANCE.NS,0.013442101872256362
2025-06-30,RELIANCE.NS,-0.009766430374611779
2025-07-01,RELIANCE.NS,0.018525955804624017
2025-07-02,RELIANCE.NS,-0.006281062177827312
2025-07-03,RELIANCE.NS,-0.0006584145166255162
2025-07-04,RELIANCE.NS,0.006259058963224318
2025-07-07,RELIANCE.NS,0.009297420754206254
2025-07-08,RELIANCE.NS,-0.002530019081454782
2025-07-09,RELIANCE.NS,-0.012096758507588734
2025-07-10,RELIANCE.NS,-0.0011850222699967272
2025-07-11,RELIANCE.NS,-0.014500395931997812
2025-07-14,RELIANCE.NS,-0.007691279009865437
2025-07-15,RELIANCE.NS,0.0011458335904404038
2025-07-16,RELIANCE.NS,0.0001346109927216066
2025-07-17,RELIANCE.NS,-0.006192751294470389
2025-07-18,RELIANCE.NS,-0.0002709458191869629
2025-07-21,RELIANCE.NS,-0.03211383767890408
2025-07-22,RELIANCE.NS,-0.011059727724923252
2025-07-23,RELIANCE.NS,0.008352156249994636
2025-07-24,RELIANCE.NS,-0.015232311907733775
2025-07-25,RELIANCE.NS,-0.007983514895771204
2025-07-28,RELIANCE.NS,-0.0029460197814084044
2025-07-29,RELIANCE.NS,0.021259729402591798
2025-07-30,RELIANCE.NS,-0.004939665599179577
2025-07-31,RELIANCE.NS,-0.014112491850652997
2025-08-01,RELIANCE.NS,0.0025176234519714846
2025-08-04,RELIANCE.NS,0.0127717941104597
2025-08-05,RELIANCE.NS,-0.014027664773733628
2025-08-06,RELIANCE.NS,0.0007904704281433972
2025-08-07,RELIANCE.NS,-0.0024411432329595195
2025-08-08,RELIANCE.NS,-0.015546261124507077
2025-08-11,RELIANCE.NS,0.01345218722540209
2025-08-12,RELIANCE.NS,-0.004184047729124063
2025-08-13,RELIANCE.NS,0.0015937055440207182
2025-08-14,RELIANCE.NS,-0.006364767042674857
2025-08-18,RELIANCE.NS,0.005750401851047249
2025-08-19,RELIANCE.NS,0.027791869270527236
2025-08-20,RELIANCE.NS,-0.0049996308062804085
2025-08-21,RELIANCE.NS,0.00835106074177272
2025-08-22,RELIANCE.NS,-0.010948973274587437
2025-08-25,RELIANCE.NS,0.0024127338432242684
2025-08-26,RELIANCE.NS,-0.01960919697764063
2025-08-28,RELIANCE.NS,0.0007220737832127622
2025-08-29,RELIANCE.NS,-0.02070861731481788
2025-09-01,RELIANCE.NS,-0.002431422691227758
2025-09-02,RELIANCE.NS,0.009306429838784158
2025-09-03,RELIANCE.NS,0.004463941153265649
2025-09-04,RELIANCE.NS,-0.009689586911244885
2025-09-05,RELIANCE.NS,0.011550026195769059
2025-09-08,RELIANCE.NS,0.0025454545454546285
2025-09-09,RELIANCE.NS,-0.0016685156533369216
2025-09-10,RELIANCE.NS,0.0005813463570054633
2025-09-11,RELIANCE.NS,0.0045751988584785686
2025-09-12,RELIANCE.NS,0.008457999536533478
2025-09-15,RELIANCE.NS,0.0030824722782258895
2025-09-16,RELIANCE.NS,0.004287858065198158
2025-09-17,RELIANCE.NS,0.006048530352708692
2025-09-18,RELIANCE.NS,0.0008487417813216602
2025-09-19,RELIANCE.NS,-0.005371007481227874
2025-09-22,RELIANCE.NS,-0.011936939417859782
2025-09-23,RELIANCE.NS,-0.0005752385818038608
2025-09-24,RELIANCE.NS,-0.0048928252908457814
2025-09-25,RELIANCE.NS,-0.007664479816296144
2025-09-26,RELIANCE.NS,0.0037889471578049783
2025-09-29,RELIANCE.NS,-0.003484267452727674
2025-09-30,RELIANCE.NS,-0.00641029175052632
2025-10-01,RELIANCE.NS,0.0034457120028408283
2025-10-03,RELIANCE.NS,-0.003872234198061264
2025-10-06,RELIANCE.NS,0.008508123352075403
2025-10-07,RELIANCE.NS,0.007127308238636276
2025-10-08,RELIANCE.NS,-0.012565008521473686
2025-10-09,RELIANCE.NS,0.00760569272222944
2025-10-10,RELIANCE.NS,0.002830528527754783
2025-10-13,RELIANCE.NS,-0.00484906376828953
2025-10-14,RELIANCE.NS,0.0006545632102272769
2025-10-15,RELIANCE.NS,-0.0011628574442528183
2025-10-16,RELIANCE.NS,0.017463435310553166
2025-10-17,RELIANCE.NS,0.013230350678671732
2025-10-20,RELIANCE.NS,0.035290794944111026
2025-10-21,RELIANCE.NS,-0.0010908764678105864
2025-10-23,RELIANCE.NS,-0.011465961860274265
2025-10-24,RELIANCE.NS,0.0022093006889927214
2025-10-27,RELIANCE.NS,0.022389088279559433
2025-10-28,RELIANCE.NS,0.0018866982509178065
2025-10-29,RELIANCE.NS,0.011634895738622308
2025-10-30,RELIANCE.NS,-0.01043740970716267
2025-10-31,RELIANCE.NS,-0.0014107998561890822
2025-11-03,RELIANCE.NS,-0.0011437521624487745
2025-11-04,RELIANCE.NS,-0.007813010013761779
2025-11-06,RELIANCE.NS,0.015613332686976289
2025-11-07,RELIANCE.NS,-0.012098105662256109
2025-11-10,RELIANCE.NS,0.007645499883710993
2025-11-11,RELIANCE.NS,0.002752954711284339
2025-11-12,RELIANCE.NS,0.012119978096986506
2025-11-13,RELIANCE.NS,-0.0003969405133559256
2025-11-14,RELIANCE.NS,0.0052948572842219654
2025-11-17,RELIANCE.NS,-0.00039500663394154145
2025-11-18,RELIANCE.NS,0.0007244783972617519
2025-11-19,RELIANCE.NS,-0.0003290772620546667
2025-11-20,RELIANCE.NS,0.019882777461620593
2025-11-21,RELIANCE.NS,-0.0016138403197988316
2025-11-24,RELIANCE.NS,-0.006918370193185419
2025-11-25,RELIANCE.NS,0.002474071682668333
2025-11-26,RELIANCE.NS,0.019614258751649682
2025-11-27,RELIANCE.NS,-0.004140391043325198
2025-11-28,RELIANCE.NS,0.0026224737891213934
2025-12-01,RELIANCE.NS,-0.0008931575209329967
2025-12-02,RELIANCE.NS,-0.012642824255459595
2025-12-03,RELIANCE.NS,-0.004850287630582373
2025-12-04,RELIANCE.NS,-0.0020795900316122884
2025-12-05,RELIANCE.NS,0.0032560563164194534
2025-12-08,RELIANCE.NS,0.0015578504816928795
2025-12-09,RELIANCE.NS,-0.008813982881359372
2025-12-10,RELIANCE.NS,0.004903883797748421
2025-12-11,RELIANCE.NS,0.005270333435660968
2025-12-12,RELIANCE.NS,0.007443365695792847
2025-12-15,RELIANCE.NS,-0.000192771492531274
2025-12-16,RELIANCE.NS,-0.00893195140719727
2025-12-17,RELIANCE.NS,0.001361586928259051
2025-12-18,RELIANCE.NS,0.0
2025-12-19,RELIANCE.NS,0.013403231575140895
2025-12-22,RELIANCE.NS,0.006581080434985509
2025-12-23,RELIANCE.NS,-0.0029834157479688983
2025-12-24,RELIANCE.NS,-0.00795823542916263
2025-12-26,RELIANCE.NS,0.0006417661605289116
2025-12-29,RELIANCE.NS,-0.00872240636982824
2025-12-30,RELIANCE.NS,-0.003752540663449322
2025-12-31,RELIANCE.NS,0.019872694256131362
2021-01-04,TCS.NS,0.037974883009263216
2021-01-05,TCS.NS,0.017618335451609735
2021-01-06,TCS.NS,-0.013417394115745274
2021-01-07,TCS.NS,-0.006128117703383618
2021-01-08,TCS.NS,0.02904901480388289
2021-01-11,TCS.NS,0.017799368953296923
2021-01-12,TCS.NS,-0.000503660860463051
2021-01-13,TCS.NS,-0.005008156604342617
2021-01-14,TCS.NS,0.029044461424899692
2021-01-15,TCS.NS,-0.005337266981337518
2021-01-18,TCS.NS,-0.0035876404675938556
2021-01-19,TCS.NS,0.01208968764549545
2021-01-20,TCS.NS,0.014751463911594431
2021-01-21,TCS.NS,-0.010562726866573002
2021-01-22,TCS.NS,0.008934434725933249
2021-01-25,TCS.NS,-0.0035724163601635883
2021-01-27,TCS.NS,-0.009190897077515192
2021-01-28,TCS.NS,-0.019778905271073177
2021-01-29,TCS.NS,-0.026653720376788703
2021-02-01,TCS.NS,0.00899930869916954
2021-02-02,TCS.NS,0.02041819214858509
2021-02-03,TCS.NS,-0.0010613252573233867
2021-02-04,TCS.NS,-0.0036249738220494043
2021-02-05,TCS.NS,-0.00956577662095337
2021-02-08,TCS.NS,0.01778056883502499
2021-02-09,TCS.NS,-0.011574062469189017
2021-02-10,TCS.NS,0.011457756807987884
2021-02-11,TCS.NS,-0.0022718229599465456
2021-02-12,TCS.NS,-0.0047410951877339125
2021-02-15,TCS.NS,-0.015967766827190366
2021-02-16,TCS.NS,-0.009889022680191761
2021-02-17,TCS.NS,-0.01148351473596132
2021-02-18,TCS.NS,-0.0051251177961993966
2021-02-19,TCS.NS,0.00474266915362942
2021-02-22,TCS.NS,-0.03691591154493401
2021-02-23,TCS.NS,0.007351822866357605
2021-02-24,TCS.NS,-0.010771040212588012
2021-02-25,TCS.NS,0.016010294633278965
2021-02-26,TCS.NS,-0.03371949332405444
2021-03-01,TCS.NS,0.010330615982906188
2021-03-02,TCS.NS,0.02809320424598649
2021-03-03,TCS.NS,0.01754619331964169
2021-03-04,TCS.NS,-0.003072846976003518
2021-03-05,TCS.NS,-0.013657049221430961
2021-03-08,TCS.NS,-0.00036571786984684884
2021-03-09,TCS.NS,0.014632767659751744
2021-03-10,TCS.NS,0.0065553353283680504
2021-03-12,TCS.NS,-0.0042332178012342014
2021-03-15,TCS.NS,0.002681519090504514
2021-03-16,TCS.NS,0.014317677831347408
2021-03-17,TCS.NS,0.0009324294780537201
2021-03-18,TCS.NS,-0.02455868304053377
2021-03-19,TCS.NS,0.004511757342952505
2021-03-22,TCS.NS,0.02604745670569919
2021-03-23,TCS.NS,0.0041379054260355375
2021-03-24,TCS.NS,-0.006841468634852577
2021-03-25,TCS.NS,-0.018022491506196836
2021-03-26,TCS.NS,0.0006362305201699225
2021-03-30,TCS.NS,0.02991717703769403
2021-03-31,TCS.NS,0.0061104141234948894
2021-04-01,TCS.NS,-0.004043644999406126
2021-04-05,TCS.NS,0.023349100266587763
2021-04-06,TCS.NS,0.007965682671902119
2021-04-07,TCS.NS,0.0020522410243153377
2021-04-08,TCS.NS,0.014046034322975798
2021-04-09,TCS.NS,0.001477053129608441
2021-04-12,TCS.NS,-0.02278574796354127
2021-04-13,TCS.NS,-0.0438927470258581
2021-04-15,TCS.NS,0.037016124268720585
2021-04-16,TCS.NS,-0.007393730623074912
2021-04-19,TCS.NS,-0.010437649104087954
2021-04-20,TCS.NS,-0.005455752967804983
2021-04-22,TCS.NS,-0.008188770921167654
2021-04-23,TCS.NS,-0.0029819317309615068
2021-04-26,TCS.NS,-0.002797861769376131
2021-04-27,TCS.NS,0.010061903599255295
2021-04-28,TCS.NS,-0.00252231875598663
2021-04-29,TCS.NS,-0.0028328470214157297
2021-04-30,TCS.NS,-0.025551752718481646
2021-05-03,TCS.NS,0.00044474748395972874
2021-05-04,TCS.NS,0.004198221929535784
2021-05-05,TCS.NS,0.015066792744282242
2021-05-06,TCS.NS,0.005087702376981973
2021-05-07,TCS.NS,0.006893876330485771
2021-05-10,TCS.NS,0.004021864103230355
2021-05-11,TCS.NS,-0.007280210568669565
2021-05-12,TCS.NS,-0.011208607860567876
2021-05-14,TCS.NS,-0.011691960265078682
2021-05-17,TCS.NS,0.005980665246600125
2021-05-18,TCS.NS,0.006205732984160051
2021-05-19,TCS.NS,-0.0022015179748215985
2021-05-20,TCS.NS,-0.007138221933809197
2021-05-21,TCS.NS,0.006699346405228734
2021-05-24,TCS.NS,0.0003246226261970353
2021-05-25,TCS.NS,0.010546811617718754
2021-05-26,TCS.NS,0.014290301862556198
2021-05-27,TCS.NS,0.00680702865284144
2021-05-28,TCS.NS,-0.01144651017099052
2021-05-31,TCS.NS,0.004946495802406137
2021-06-01,TCS.NS,-0.0019466953243300056
2021-06-02,TCS.NS,-0.00746909255570094
2021-06-03,TCS.NS,0.0037706462836084587
2021-06-04,TCS.NS,0.0007958615200955865
2021-06-07,TCS.NS,0.012548692221669988
2021-06-08,TCS.NS,0.005324815101745317
2021-06-09,TCS.NS,3.127905232713779e-05
2021-06-10,TCS.NS,0.0051714862364269365
2021-06-11,TCS.NS,0.01771947249900263
2021-06-14,TCS.NS,0.0007789262600315094
2021-06-15,TCS.NS,-0.00415099035538935
2021-06-16,TCS.NS,0.003555313050723985
2021-06-17,TCS.NS,0.013254508848890456
2021-06-18,TCS.NS,-0.006163801121806922
2021-06-21,TCS.NS,-0.007339323329242031
2021-06-22,TCS.NS,0.008585088349649439
2021-06-23,TCS.NS,-0.01205623694923319
2021-06-24,TCS.NS,0.03440246479184261
2021-06-25,TCS.NS,0.0021342041034670967
2021-06-28,TCS.NS,-0.013029474737316638
2021-06-29,TCS.NS,0.001228769807821939
2021-06-30,TCS.NS,0.0014666633343374258
2021-07-01,TCS.NS,-0.0012702682507659269
2021-07-02,TCS.NS,-0.004803246694037089
2021-07-05,TCS.NS,-0.0013381500961416881
2021-07-06,TCS.NS,-0.017675384273374006
2021-07-07,TCS.NS,0.003877602352454934
2021-07-08,TCS.NS,-0.005022962615348847
2021-07-09,TCS.NS,-0.015451925013426404
2021-07-12,TCS.NS,-0.004691116420870833
2021-07-13,TCS.NS,-0.0017381380659500234
2021-07-14,TCS.NS,0.008470455235652263
2021-07-15,TCS.NS,-0.003608622507053183
2021-07-16,TCS.NS,-0.0025444988114060596
2021-07-19,TCS.NS,-0.003192672785771511
2021-07-20,TCS.NS,0.006657021453801093
2021-07-22,TCS.NS,0.003290925406274736
2021-07-23,TCS.NS,-0.001088189996030109
2021-07-26,TCS.NS,-0.004762142136443326
2021-07-27,TCS.NS,-0.00456602631180103
2021-07-28,TCS.NS,0.004665514030713025
2021-07-29,TCS.NS,-0.0006254299735635183
2021-07-30,TCS.NS,-0.008871048633548151
2021-08-02,TCS.NS,0.016401190854698378
2021-08-03,TCS.NS,0.02034540659341988
2021-08-04,TCS.NS,-0.0033334200424378624
2021-08-05,TCS.NS,0.0030544144379545113
2021-08-06,TCS.NS,0.007871647875457244
2021-08-09,TCS.NS,0.003897486903572167
2021-08-10,TCS.NS,0.003370738055335165
2021-08-11,TCS.NS,0.0030894895257305155
2021-08-12,TCS.NS,0.0022576547270982683
2021-08-13,TCS.NS,0.0333109278268815
2021-08-16,TCS.NS,0.002757420193279625
2021-08-17,TCS.NS,0.02306399423614547
2021-08-18,TCS.NS,0.00211086246940817
2021-08-20,TCS.NS,-0.0002949119697026603
2021-08-23,TCS.NS,0.021885068785995276
2021-08-24,TCS.NS,-0.006653090620110769
2021-08-25,TCS.NS,0.01267575817753186
2021-08-26,TCS.NS,0.0035119151834517304
2021-08-27,TCS.NS,0.013154078571543604
2021-08-30,TCS.NS,-0.005066960743638105
2021-08-31,TCS.NS,0.02300540383660854
2021-09-01,TCS.NS,-0.018883122957394805
2021-09-02,TCS.NS,0.032786457537524294
2021-09-03,TCS.NS,0.001381390194337584
2021-09-06,TCS.NS,0.0025897505356313744
2021-09-07,TCS.NS,-0.009371780284592401
2021-09-08,TCS.NS,-0.010941062676816271
2021-09-09,TCS.NS,0.004570565676071281
2021-09-13,TCS.NS,0.01422962407082129
2021-09-14,TCS.NS,0.010545152887955656
2021-09-15,TCS.NS,0.017666473200446786
2021-09-16,TCS.NS,-0.012959755058653766
2021-09-17,TCS.NS,-0.019329785112094378
2021-09-20,TCS.NS,-0.0011364336495082172
2021-09-21,TCS.NS,0.01031775890463571
2021-09-22,TCS.NS,-0.00020710825618708295
2021-09-23,TCS.NS,0.0018383796164775923
2021-09-24,TCS.NS,0.0005298310597983136
2021-09-27,TCS.NS,-0.008873013515614203
2021-09-28,TCS.NS,-0.015064061184971056
2021-09-29,TCS.NS,0.0033737746131987656
2021-09-30,TCS.NS,-0.004311784049341405
2021-10-01,TCS.NS,-0.012011520724066638
2021-10-04,TCS.NS,0.011554366580995179
2021-10-05,TCS.NS,0.015901200334872412
2021-10-06,TCS.NS,-0.005843567213378753
2021-10-07,TCS.NS,0.02151722745317164
2021-10-08,TCS.NS,0.01098153075404329
2021-10-11,TCS.NS,-0.06353456503806165
2021-10-12,TCS.NS,-0.008885934212131796
2021-10-13,TCS.NS,0.0006432931691153776
2021-10-14,TCS.NS,-0.011969249448576247
2021-10-18,TCS.NS,0.009885212768985241
2021-10-19,TCS.NS,-0.0035644271137980077
2021-10-20,TCS.NS,-0.0069616844014011026
2021-10-21,TCS.NS,-0.021156350524460743
2021-10-22,TCS.NS,-0.009525803918966735
2021-10-25,TCS.NS,-0.0016863101646815704
2021-10-26,TCS.NS,-0.002963069514395067
2021-10-27,TCS.NS,0.0020530357041457226
2021-10-28,TCS.NS,-0.01951431983845553
2021-10-29,TCS.NS,-0.006984905827851939
2021-11-01,TCS.NS,0.02314764251158863
2021-11-02,TCS.NS,0.0022437144883320492
2021-11-03,TCS.NS,0.0023104439874115368
2021-11-04,TCS.NS,0.004696084857541694
2021-11-08,TCS.NS,-0.001681530647959173
2021-11-09,TCS.NS,0.0008421814779457915
2021-11-10,TCS.NS,-0.006104316582084102
2021-11-11,TCS.NS,0.0011192785607145872
2021-11-12,TCS.NS,0.010850896790917552
2021-11-15,TCS.NS,0.00772819433151728
2021-11-16,TCS.NS,0.0008723872099254404
2021-11-17,TCS.NS,-0.009700821321377173
2021-11-18,TCS.NS,-0.013117905804514773
2021-11-22,TCS.NS,-0.004977428739869283
2021-11-23,TCS.NS,0.001691561942355202
2021-11-24,TCS.NS,-0.006047470930756971
2021-11-25,TCS.NS,0.0007550470417208022
2021-11-26,TCS.NS,0.00027574663786777975
2021-11-29,TCS.NS,0.016000087262643126
2021-11-30,TCS.NS,0.007752684849728686
2021-12-01,TCS.NS,0.013785230956629535
2021-12-02,TCS.NS,0.018195497967234964
2021-12-03,TCS.NS,-0.0006725277217468628
2021-12-06,TCS.NS,-0.028581645187741422
2021-12-07,TCS.NS,0.013601430546463789
2021-12-08,TCS.NS,0.011828679688589805
2021-12-09,TCS.NS,-0.006934269767825074
2021-12-10,TCS.NS,0.009731394135663152
2021-12-13,TCS.NS,-0.00746539433563953
2021-12-14,TCS.NS,0.003920088337427741
2021-12-15,TCS.NS,-0.014749696575880322
2021-12-16,TCS.NS,0.0031509515011944877
2021-12-17,TCS.NS,0.0007678132468780241
2021-12-20,TCS.NS,-0.007658346580165065
2021-12-21,TCS.NS,0.014450827376532471
2021-12-22,TCS.NS,0.006221752866468533
2021-12-23,TCS.NS,0.008799821296392007
2021-12-24,TCS.NS,0.002238772293988056
2021-12-27,TCS.NS,0.006864854935546116
2021-12-28,TCS.NS,0.0028272911706317405
2021-12-29,TCS.NS,-0.0031970693772221948
2021-12-30,TCS.NS,0.010569207065309616
2021-12-31,TCS.NS,0.0012320315115501579
2022-01-03,TCS.NS,0.021239290133240774
2022-01-04,TCS.NS,0.017549603824241977
2022-01-05,TCS.NS,-0.006126532937286822
2022-01-06,TCS.NS,-0.013856693476112403
2022-01-07,TCS.NS,0.012094722036714245
2022-01-10,TCS.NS,0.006837964877708602
2022-01-11,TCS.NS,0.00929154575051161
2022-01-12,TCS.NS,-0.014300671977463653
2022-01-13,TCS.NS,0.009844814881579289
2022-01-14,TCS.NS,0.018022525400859912
2022-01-17,TCS.NS,0.012852337047518647
2022-01-18,TCS.NS,-0.00710344360902071
2022-01-19,TCS.NS,-0.019032274207858357
2022-01-20,TCS.NS,-0.02250516794947066
2022-01-21,TCS.NS,0.0018162446807676869
2022-01-24,TCS.NS,-0.016212313119538302
2022-01-25,TCS.NS,-0.00038452948544909216
2022-01-27,TCS.NS,-0.032003476343958615
2022-01-28,TCS.NS,0.011180392910358217
2022-01-31,TCS.NS,0.012520142155401759
2022-02-01,TCS.NS,0.01723650782034114
2022-02-02,TCS.NS,0.01461593418374818
2022-02-03,TCS.NS,-0.008194557833035132
2022-02-04,TCS.NS,-0.0025362639399723053
2022-02-07,TCS.NS,-0.009410444117208483
2022-02-08,TCS.NS,-0.009407263516307274
2022-02-09,TCS.NS,0.0045680048830081255
2022-02-10,TCS.NS,0.002606014732121187
2022-02-11,TCS.NS,-0.019998181742126753
2022-02-14,TCS.NS,0.010500832038555563
2022-02-15,TCS.NS,0.02251089355959146
2022-02-16,TCS.NS,-0.0012310626831589788
2022-02-17,TCS.NS,-0.007579173308914333
2022-02-18,TCS.NS,0.002563276596647901
2022-02-21,TCS.NS,-0.019636785871439688
2022-02-22,TCS.NS,-0.0357584566037632
2022-02-23,TCS.NS,-0.006301543088057637
2022-02-24,TCS.NS,-0.04549922674188589
2022-02-25,TCS.NS,0.03501245015666954
2022-02-28,TCS.NS,0.00950080271870335
2022-03-02,TCS.NS,-0.0022649397723025766
2022-03-03,TCS.NS,-0.0004934929566410284
2022-03-04,TCS.NS,-0.005656755795033774
2022-03-07,TCS.NS,-0.011193608529054822
2022-03-08,TCS.NS,0.033013874731595116
2022-03-09,TCS.NS,0.009069611224385543
2022-03-10,TCS.NS,-0.003207109555464549
2022-03-11,TCS.NS,-0.0060205330430125326
2022-03-14,TCS.NS,0.012183459662987284
2022-03-15,TCS.NS,-0.013477929633886943
2022-03-16,TCS.NS,0.017251454321130844
2022-03-17,TCS.NS,0.004609015045911935
2022-03-21,TCS.NS,-0.012538302042917393
2022-03-22,TCS.NS,0.020473157691473176
2022-03-23,TCS.NS,0.0030937870878933182
2022-03-24,TCS.NS,0.010087866689377112
2022-03-25,TCS.NS,-0.011307157721018313
2022-03-28,TCS.NS,6.743179362977969e-05
2022-03-29,TCS.NS,-0.0006337766126092159
2022-03-30,TCS.NS,0.007070843639970015
2022-03-31,TCS.NS,0.002251049090548296
2022-04-01,TCS.NS,0.005026818292644286
2022-04-04,TCS.NS,0.003086158338875933
2022-04-05,TCS.NS,0.011789343169883892
2022-04-06,TCS.NS,-0.015584028103946768
2022-04-07,TCS.NS,-0.01895966912830227
2022-04-08,TCS.NS,0.00040714955682052967
2022-04-11,TCS.NS,0.002916717616929354
2022-04-12,TCS.NS,-0.0014337747071521134
2022-04-13,TCS.NS,-0.007897414243218326
2022-04-18,TCS.NS,-0.036565191804683206
2022-04-19,TCS.NS,-0.01591534862239996
2022-04-20,TCS.NS,0.02445351216118352
2022-04-21,TCS.NS,0.020200700778582714
2022-04-22,TCS.NS,-0.004436871549726051
2022-04-25,TCS.NS,-0.017812929035301406
2022-04-26,TCS.NS,-0.0005354552646117394
2022-04-27,TCS.NS,0.004201534596226297
2022-04-28,TCS.NS,0.006486605069352613
2022-04-29,TCS.NS,-0.010490220445842247
2022-05-02,TCS.NS,-0.0012124084042418604
2022-05-04,TCS.NS,-0.017685722693900008
2022-05-05,TCS.NS,0.00967020686651332
2022-05-06,TCS.NS,-0.022997611126931328
2022-05-09,TCS.NS,0.0036415544031869196
2022-05-10,TCS.NS,-0.0018432258791464262
2022-05-11,TCS.NS,-0.007778989458378738
2022-05-12,TCS.NS,-0.0009818574608001507
2022-05-13,TCS.NS,0.001833570527645767
2022-05-16,TCS.NS,-0.011156945915010819
2022-05-17,TCS.NS,0.0221511631563982
2022-05-18,TCS.NS,-0.0008112321094284614
2022-05-19,TCS.NS,-0.05417829245268657
2022-05-20,TCS.NS,0.009518861200482176
2022-05-23,TCS.NS,0.008730640753112695
2022-05-24,TCS.NS,-0.01016030706705806
2022-05-25,TCS.NS,-0.03660282775433399
2022-05-26,TCS.NS,0.018720518572538314
2022-05-27,TCS.NS,0.01064475686825439
2022-05-30,TCS.NS,0.03494003908435861
2022-05-31,TCS.NS,-0.003229361482482762
2022-06-01,TCS.NS,-0.0027197367154950802
2022-06-02,TCS.NS,0.020207454045904072
2022-06-03,TCS.NS,0.0050101964194420034
2022-06-06,TCS.NS,-0.002674287874957715
2022-06-07,TCS.NS,-0.01989244989618355
2022-06-08,TCS.NS,0.012326390035908519
2022-06-09,TCS.NS,0.006741828641770198
2022-06-10,TCS.NS,-0.019608471710078512
2022-06-13,TCS.NS,-0.04175713823784799
2022-06-14,TCS.NS,-0.0028109232679900398
2022-06-15,TCS.NS,-0.001323760706222643
2022-06-16,TCS.NS,-0.02005428308296542
2022-06-17,TCS.NS,-0.01690009473464349
2022-06-20,TCS.NS,0.0076078865430921905
2022-06-21,TCS.NS,0.03198498006414918
2022-06-22,TCS.NS,0.0034247108974991836
2022-06-23,TCS.NS,0.0266371178444873
2022-06-24,TCS.NS,-0.004744907803490683
2022-06-27,TCS.NS,0.006559124495182589
2022-06-28,TCS.NS,0.0010408034581397274
2022-06-29,TCS.NS,-0.008332927431705106
2022-06-30,TCS.NS,-0.007111351570809887
2022-07-01,TCS.NS,0.014691928182559932
2022-07-04,TCS.NS,-0.024147098570181824
2022-07-05,TCS.NS,-0.005795891784361129
2022-07-06,TCS.NS,0.01382021282127277
2022-07-07,TCS.NS,0.008311001351299474
2022-07-08,TCS.NS,-0.006813007229357293
2022-07-11,TCS.NS,-0.04644073699225659
2022-07-12,TCS.NS,-0.00934552546725076
2022-07-13,TCS.NS,-0.014896084513639218
2022-07-14,TCS.NS,-0.013163307280954384
2022-07-15,TCS.NS,-0.0013838773968319895
2022-07-18,TCS.NS,0.023008047851756697
2022-07-19,TCS.NS,0.0035090582666883474
2022-07-20,TCS.NS,0.029454354339472966
2022-07-21,TCS.NS,0.0039496966023584434
2022-07-22,TCS.NS,-0.001982830935482016
2022-07-25,TCS.NS,-0.0013402712078208756
2022-07-26,TCS.NS,-0.016057503009789253
2022-07-27,TCS.NS,0.023412239673561874
2022-07-28,TCS.NS,0.02246888381376455
2022-07-29,TCS.NS,0.01269740909178041
2022-08-01,TCS.NS,-0.000938809051547751
2022-08-02,TCS.NS,-0.0021219837202581804
2022-08-03,TCS.NS,0.014490537233224687
2022-08-04,TCS.NS,0.004626426462606581
2022-08-05,TCS.NS,0.00301050620821397
2022-08-08,TCS.NS,0.002793391541687118
2022-08-10,TCS.NS,-0.00598614632433947
2022-08-11,TCS.NS,0.020347320563464333
2022-08-12,TCS.NS,-0.0061212421247260895
2022-08-16,TCS.NS,-0.0026017837542325895
2022-08-17,TCS.NS,0.0024759473591153824
2022-08-18,TCS.NS,-0.005836375609741373
2022-08-19,TCS.NS,0.0013308687615527504
2022-08-22,TCS.NS,-0.009215078246141872
2022-08-23,TCS.NS,-0.020852260408608658
2022-08-24,TCS.NS,-0.008905193670569411
2022-08-25,TCS.NS,-0.011412028006180353
2022-08-26,TCS.NS,0.001242930849757684
2022-08-29,TCS.NS,-0.02782257578743541
2022-08-30,TCS.NS,0.025091332074655526
2022-09-01,TCS.NS,-0.024741900436938913
2022-09-02,TCS.NS,-0.0004151256021952543
2022-09-05,TCS.NS,0.0009583440114964148
2022-09-06,TCS.NS,-0.002026505940360579
2022-09-07,TCS.NS,0.007211284909423021
2022-09-08,TCS.NS,0.006365825522554491
2022-09-09,TCS.NS,0.015143628311917734
2022-09-12,TCS.NS,0.007862896709084577
2022-09-13,TCS.NS,-0.004193667407882962
2022-09-14,TCS.NS,-0.033737498883001926
2022-09-15,TCS.NS,-0.00514350890584403
2022-09-16,TCS.NS,-0.030811649290648613
2022-09-19,TCS.NS,0.00668065875044177
2022-09-20,TCS.NS,0.0037968831928834046
2022-09-21,TCS.NS,-0.012860604883824234
2022-09-22,TCS.NS,0.0020658240946105355
2022-09-23,TCS.NS,-0.008429159519447116
2022-09-26,TCS.NS,0.004141397130634328
2022-09-27,TCS.NS,0.007697718935297582
2022-09-28,TCS.NS,0.006031566874806549
2022-09-29,TCS.NS,-0.012633160854951031
2022-09-30,TCS.NS,0.002418843586525332
2022-10-03,TCS.NS,-0.006523471846939133
2022-10-04,TCS.NS,0.03557846962565714
2022-10-06,TCS.NS,0.0034938612391253177
2022-10-07,TCS.NS,-0.011944115608354067
2022-10-10,TCS.NS,0.017504697769525235
2022-10-11,TCS.NS,-0.01571243021044766
2022-10-12,TCS.NS,0.010164340269931849
2022-10-13,TCS.NS,0.0008223974290493263
2022-10-14,TCS.NS,-0.0013373332965151974
2022-10-17,TCS.NS,0.0040656625375625755
2022-10-18,TCS.NS,0.01058888123142121
2022-10-19,TCS.NS,-0.007266147445040061
2022-10-20,TCS.NS,0.011355430293878976
2022-10-21,TCS.NS,-0.006302900002095546
2022-10-24,TCS.NS,0.00774528258573981
2022-10-25,TCS.NS,0.00012656054987969512
2022-10-27,TCS.NS,-0.0014864157260497946
2022-10-28,TCS.NS,0.0018528212571069513
2022-10-31,TCS.NS,0.009452272929344918
2022-11-01,TCS.NS,0.0208415047409074
2022-11-02,TCS.NS,-0.005521980633072965
2022-11-03,TCS.NS,-0.010781365239938556
2022-11-04,TCS.NS,0.003321089060185578
2022-11-07,TCS.NS,0.005066217853817667
2022-11-09,TCS.NS,-0.005458113804700293
2022-11-10,TCS.NS,-0.0032338260681498143
2022-11-11,TCS.NS,0.03440801465795795
2022-11-14,TCS.NS,0.005895761129089294
2022-11-15,TCS.NS,-0.0008694055894917785
2022-11-16,TCS.NS,0.0068265016303634685
2022-11-17,TCS.NS,-0.0018925290868113676
2022-11-18,TCS.NS,-0.0016572256877053215
2022-11-21,TCS.NS,-0.017930566345359167
2022-11-22,TCS.NS,0.00957817912954928
2022-11-23,TCS.NS,-0.002006034010075819
2022-11-24,TCS.NS,0.021718058354796455
2022-11-25,TCS.NS,0.002810526241280753
2022-11-28,TCS.NS,0.0016521168314100887
2022-11-29,TCS.NS,0.0006185399178999518
2022-11-30,TCS.NS,-0.0019279875902821209
2022-12-01,TCS.NS,0.02502354969145104
2022-12-02,TCS.NS,-0.010501633083178752
2022-12-05,TCS.NS,-0.00385269626978757
2022-12-06,TCS.NS,-0.01183624911508907
2022-12-07,TCS.NS,-0.0014031045129685449
2022-12-08,TCS.NS,-0.008888968810288556
2022-12-09,TCS.NS,-0.01725091342788354
2022-12-12,TCS.NS,-0.0019133091877989727
2022-12-13,TCS.NS,0.01389041280488601
2022-12-14,TCS.NS,0.009978691823630204
2022-12-15,TCS.NS,-0.01790304076891147
2022-12-16,TCS.NS,-0.019621220459325017
2022-12-19,TCS.NS,-0.011789198725985606
2022-12-20,TCS.NS,0.013085336489067068
2022-12-21,TCS.NS,0.007583377680461245
2022-12-22,TCS.NS,-0.002707652483223577
2022-12-23,TCS.NS,-0.009617404664608697
2022-12-26,TCS.NS,0.007604443119512583
2022-12-27,TCS.NS,0.0020289888574482884
2022-12-28,TCS.NS,-0.0007362792893849113
2022-12-29,TCS.NS,0.0035767713593244377
2022-12-30,TCS.NS,-0.0036864394120459387
2023-01-02,TCS.NS,0.0014585316643280777
2023-01-03,TCS.NS,0.015299988419704258
2023-01-04,TCS.NS,0.000996513382814923
2023-01-05,TCS.NS,-0.0010709440791891733
2023-01-06,TCS.NS,-0.030065550992732337
2023-01-09,TCS.NS,0.033753141223286987
2023-01-10,TCS.NS,-0.01010558873524059
2023-01-11,TCS.NS,0.01287124211449675
2023-01-12,TCS.NS,0.0016974033608483374
2023-01-13,TCS.NS,0.012056307824463985
2023-01-16,TCS.NS,-0.012001600039704408
2023-01-17,TCS.NS,0.013302095909212053
2023-01-18,TCS.NS,0.003433607030417729
2023-01-19,TCS.NS,-0.004985221930309702
2023-01-20,TCS.NS,-0.002964631855114086
2023-01-23,TCS.NS,0.015402397544931556
2023-01-24,TCS.NS,0.0062666980281580464
2023-01-25,TCS.NS,-0.0019061341370230078
2023-01-27,TCS.NS,-0.005452278204497452
2023-01-30,TCS.NS,0.00662548282555675
2023-01-31,TCS.NS,-0.021828070217850493
2023-02-01,TCS.NS,0.01478254896423592
2023-02-02,TCS.NS,0.015271261224981458
2023-02-03,TCS.NS,0.006328790631840553
2023-02-06,TCS.NS,-0.0064181998514950545
2023-02-07,TCS.NS,0.003641699398565734
2023-02-08,TCS.NS,0.013693121239295447
2023-02-09,TCS.NS,0.005894718736497273
2023-02-10,TCS.NS,-0.0009319933736560149
2023-02-13,TCS.NS,-0.01558992684856697
2023-02-14,TCS.NS,0.005082757813250405
2023-02-15,TCS.NS,0.005871204855329992
2023-02-16,TCS.NS,0.010623080261254358
2023-02-17,TCS.NS,-0.015991946629057563
2023-02-20,TCS.NS,-0.003955801351536947
2023-02-21,TCS.NS,-0.010409212949807234
2023-02-22,TCS.NS,-0.014329165798862675
2023-02-23,TCS.NS,0.0036012993559275674
2023-02-24,TCS.NS,-0.003910626710791898
2023-02-27,TCS.NS,-0.020173757738144005
2023-02-28,TCS.NS,-0.00570253746210414
2023-03-01,TCS.NS,0.021990084479573735
2023-03-02,TCS.NS,-0.018976873593822607
2023-03-03,TCS.NS,0.006232203247431567
2023-03-06,TCS.NS,0.008886553918982631
2023-03-08,TCS.NS,0.005501372881431932
2023-03-09,TCS.NS,-0.01579453935521924
2023-03-10,TCS.NS,-0.0017531796409910871
2023-03-13,TCS.NS,-0.014725322374099403
2023-03-14,TCS.NS,-0.020414692788376154
2023-03-15,TCS.NS,-0.004992316854660395
2023-03-16,TCS.NS,-0.00434521328209303
2023-03-17,TCS.NS,-0.0017896236018445366
2023-03-20,TCS.NS,-0.01132324708178123
2023-03-21,TCS.NS,-0.011834680302233225
2023-03-22,TCS.NS,0.007952078296032061
2023-03-23,TCS.NS,-0.001964400916205755
2023-03-24,TCS.NS,-0.0013281175406681944
2023-03-27,TCS.NS,0.0005768462836484023
2023-03-28,TCS.NS,-0.0020498178856247495
2023-03-29,TCS.NS,0.007381495144532568
2023-03-31,TCS.NS,0.021345057849717408
2023-04-03,TCS.NS,-0.0018403264367164995
2023-04-05,TCS.NS,0.012437515258789
2023-04-06,TCS.NS,-0.005895455697384366
2023-04-10,TCS.NS,0.013257972434326915
2023-04-11,TCS.NS,-0.015198827909507107
2023-04-12,TCS.NS,0.008665708224685709
2023-04-13,TCS.NS,-0.016287941720457
2023-04-17,TCS.NS,-0.015475828635695854
2023-04-18,TCS.NS,-0.00278706800445927
2023-04-19,TCS.NS,-0.01314378418709572
2023-04-20,TCS.NS,0.004919714749946236
2023-04-21,TCS.NS,0.018052708047747057
2023-04-24,TCS.NS,0.0044133542372726264
2023-04-25,TCS.NS,0.0003779611797340987
2023-04-26,TCS.NS,0.006974150612012009
2023-04-27,TCS.NS,-0.003189328669178426
2023-04-28,TCS.NS,0.009818237208090164
2023-05-02,TCS.NS,4.656436864181046e-05
2023-05-03,TCS.NS,-0.0122693673349632
2023-05-04,TCS.NS,0.012830607906259228
2023-05-05,TCS.NS,0.0031049151276452136
2023-05-08,TCS.NS,0.006159701236617909
2023-05-09,TCS.NS,0.010044269169650066
2023-05-10,TCS.NS,0.0010812605887839943
2023-05-11,TCS.NS,-0.0014147944551823333
2023-05-12,TCS.NS,-0.0023916803769442607
2023-05-15,TCS.NS,-0.005879119113378017
2023-05-16,TCS.NS,0.0009523213066235936
2023-05-17,TCS.NS,-0.015177310023796964
2023-05-18,TCS.NS,-0.0027580807337229674
2023-05-19,TCS.NS,0.007187836710490503
2023-05-22,TCS.NS,0.02353502372660321
2023-05-23,TCS.NS,-0.0005001674502598252
2023-05-24,TCS.NS,0.0019108138289753995
2023-05-25,TCS.NS,-0.0029818509588913633
2023-05-26,TCS.NS,0.010748414253453742
2023-05-29,TCS.NS,-0.002568357396832588
2023-05-30,TCS.NS,-0.0012499123171693105
2023-05-31,TCS.NS,-0.008051369508777606
2023-06-01,TCS.NS,0.010487916096671324
2023-06-02,TCS.NS,-0.0055354700191786455
2023-06-05,TCS.NS,-0.00505209184993094
2023-06-06,TCS.NS,-0.017209357291564475
2023-06-07,TCS.NS,0.013179424209416979
2023-06-08,TCS.NS,-0.011740801953781133
2023-06-09,TCS.NS,-0.008388791037513
2023-06-12,TCS.NS,0.011715904696837143
2023-06-13,TCS.NS,-0.000985540444152666
2023-06-14,TCS.NS,0.002265961021947982
2023-06-15,TCS.NS,-0.01068885420958865
2023-06-16,TCS.NS,-0.012871978937244788
2023-06-19,TCS.NS,0.011181454877929653
2023-06-20,TCS.NS,0.005388751979307882
2023-06-21,TCS.NS,0.009449453313938427
2023-06-22,TCS.NS,-0.0060462683282496155
2023-06-23,TCS.NS,-0.006839556073413577
2023-06-26,TCS.NS,-0.008301395837460701
2023-06-27,TCS.NS,0.0024141192758622143
2023-06-28,TCS.NS,0.005660891977044669
2023-06-30,TCS.NS,0.026994681971800105
2023-07-03,TCS.NS,-0.009069558989136195
2023-07-04,TCS.NS,0.011169528552619878
2023-07-05,TCS.NS,0.0033545954600624484
2023-07-06,TCS.NS,0.0008885529044899698
2023-07-07,TCS.NS,0.0019110108167179618
2023-07-10,TCS.NS,-0.017211098243786083
2023-07-11,TCS.NS,0.00013751774281067775
2023-07-12,TCS.NS,-0.0038198265410799292
2023-07-13,TCS.NS,0.024740068376452484
2023-07-14,TCS.NS,0.052117121722723425
2023-07-17,TCS.NS,-0.0065297972229242385
2023-07-18,TCS.NS,0.0014749682264785235
2023-07-19,TCS.NS,-0.0076640542430136405
2023-07-20,TCS.NS,-0.0019452169003382203
2023-07-21,TCS.NS,-0.027430484988485215
2023-07-24,TCS.NS,0.007852611343540206
2023-07-25,TCS.NS,0.0012960902404448582
2023-07-26,TCS.NS,-0.00319193146149388
2023-07-27,TCS.NS,0.0025381027039206305
2023-07-28,TCS.NS,-0.012217021753089141
2023-07-31,TCS.NS,0.019684702494623396
2023-08-01,TCS.NS,0.008943605223793893
2023-08-02,TCS.NS,-0.003302427926340501
2023-08-03,TCS.NS,-0.01182914633196197
2023-08-04,TCS.NS,0.012823746902868915
2023-08-07,TCS.NS,0.011761118446291352
2023-08-08,TCS.NS,-0.003860435695061004
2023-08-09,TCS.NS,-0.0023339184660658985
2023-08-10,TCS.NS,-0.005891668546931461
2023-08-11,TCS.NS,0.0019464719159205668
2023-08-14,TCS.NS,0.0003044678767276654
2023-08-16,TCS.NS,0.0024783119397879805
2023-08-17,TCS.NS,-0.006549243286873896
2023-08-18,TCS.NS,-0.01998105285418028
2023-08-21,TCS.NS,0.010260997203958677
2023-08-22,TCS.NS,-0.00573251232778671
2023-08-23,TCS.NS,0.004760314628601492
2023-08-24,TCS.NS,-0.003089825645552824
2023-08-25,TCS.NS,-0.0019039041168548154
2023-08-28,TCS.NS,-0.00170052935763354
2023-08-29,TCS.NS,0.00017770541302830622
2023-08-30,TCS.NS,0.004383706072366822
2023-08-31,TCS.NS,-0.010070895423256898
2023-09-01,TCS.NS,0.0066729927365110075
2023-09-04,TCS.NS,0.011629986208568699
2023-09-05,TCS.NS,0.003173935251206572
2023-09-06,TCS.NS,0.0001603232892073425
2023-09-07,TCS.NS,0.007390914714137109
2023-09-08,TCS.NS,-0.0038637139588307834
2023-09-11,TCS.NS,0.011258316946873848
2023-09-12,TCS.NS,0.02877340419010177
2023-09-13,TCS.NS,-0.0036164965916243297
2023-09-14,TCS.NS,-0.002186204188693086
2023-09-15,TCS.NS,0.010744230972986157
2023-09-18,TCS.NS,0.0021815450098947586
2023-09-20,TCS.NS,-2.768978504197328e-05
2023-09-21,TCS.NS,-0.005754218526929034
2023-09-22,TCS.NS,0.005118080290552829
2023-09-25,TCS.NS,-0.00735365552096634
2023-09-26,TCS.NS,0.00239018466140406
2023-09-27,TCS.NS,0.0010040153122887752
2023-09-28,TCS.NS,-0.014640751152939169
2023-09-29,TCS.NS,-0.002304347874107604
2023-10-03,TCS.NS,-0.004180127980441095
2023-10-04,TCS.NS,0.006801628322076425
2023-10-05,TCS.NS,0.014585569261889697
2023-10-06,TCS.NS,0.008929138650595192
2023-10-09,TCS.NS,0.004680564358973349
2023-10-10,TCS.NS,-0.002597384819725712
2023-10-11,TCS.NS,-0.005235746510320882
2023-10-12,TCS.NS,-0.018656986436631606
2023-10-13,TCS.NS,0.007988609458739138
2023-10-16,TCS.NS,-0.013106136507618271
2023-10-17,TCS.NS,-0.0048239950524122666
2023-10-18,TCS.NS,-0.005645784506195239
2023-10-19,TCS.NS,-0.009061609479174115
2023-10-20,TCS.NS,0.011256969769417813
2023-10-23,TCS.NS,-0.02415193524347381
2023-10-25,TCS.NS,-0.005879449661060354
2023-10-26,TCS.NS,-0.015737027261564784
2023-10-27,TCS.NS,0.004255623337641401
2023-10-30,TCS.NS,0.008236499517576545
2023-10-31,TCS.NS,-0.002900667057314732
2023-11-01,TCS.NS,-0.011309862012987004
2023-11-02,TCS.NS,0.008842176805126334
2023-11-03,TCS.NS,-0.0027380717970031387
2023-11-06,TCS.NS,0.008758870306964761
2023-11-07,TCS.NS,-0.0028992082917314033
2023-11-08,TCS.NS,0.003293357805948416
2023-11-09,TCS.NS,-0.010084161749451925
2023-11-10,TCS.NS,-0.00418228807128207
2023-11-13,TCS.NS,-0.0005699507631972134
2023-11-15,TCS.NS,0.021836682305159894
2023-11-16,TCS.NS,0.02747996577455858
2023-11-17,TCS.NS,0.0013150516423523495
2023-11-20,TCS.NS,0.004896614290986978
2023-11-21,TCS.NS,-0.002670799586190098
2023-11-22,TCS.NS,0.0056834230099098715
2023-11-23,TCS.NS,-0.006203674900380318
2023-11-24,TCS.NS,-0.014579890926744055
2023-11-28,TCS.NS,0.0037747835812873554
2023-11-29,TCS.NS,0.012564326868646836
2023-11-30,TCS.NS,-0.0074421635983635825
2023-12-01,TCS.NS,0.006895803421860691
2023-12-04,TCS.NS,0.00022782704722112967
2023-12-05,TCS.NS,0.005452076684533402
2023-12-06,TCS.NS,0.02052893815698864
2023-12-07,TCS.NS,0.0029965329471628444
2023-12-08,TCS.NS,0.003264280933608754
2023-12-11,TCS.NS,0.004466857305534866
2023-12-12,TCS.NS,0.008015645802870841
2023-12-13,TCS.NS,-0.021391042384236836
2023-12-14,TCS.NS,0.020508953589197576
2023-12-15,TCS.NS,0.052832503919830964
2023-12-18,TCS.NS,-0.0004662131126974556
2023-12-19,TCS.NS,-0.01114220577944991
2023-12-20,TCS.NS,-0.009472748494912864
2023-12-21,TCS.NS,0.0019708604583648093
2023-12-22,TCS.NS,0.009636963696369572
2023-12-26,TCS.NS,-0.0074398407876241635
2023-12-27,TCS.NS,0.004123223812733556
2023-12-28,TCS.NS,-0.0029649582737453217
2023-12-29,TCS.NS,-0.0017105713747856965
2024-01-01,TCS.NS,0.004666050447664105
2024-01-02,TCS.NS,-0.007320759300321944
2024-01-03,TCS.NS,-0.02417264547266329
2024-01-04,TCS.NS,-0.006758299227161868
2024-01-05,TCS.NS,0.01939016378554581
2024-01-08,TCS.NS,-0.01594474305699156
2024-01-09,TCS.NS,0.003153590887540636
2024-01-10,TCS.NS,0.0062739226258334835
2024-01-11,TCS.NS,0.006059708246351603
2024-01-12,TCS.NS,0.03941855900075386
2024-01-15,TCS.NS,0.005408468047778614
2024-01-16,TCS.NS,-0.010886828082487976
2024-01-17,TCS.NS,0.0060342497432170905
2024-01-18,TCS.NS,0.004633681601063699
2024-01-19,TCS.NS,0.010364872177440754
2024-01-23,TCS.NS,-0.021506206560408136
2024-01-24,TCS.NS,-0.004263578350774289
2024-01-25,TCS.NS,-0.008199281482545784
2024-01-29,TCS.NS,-0.0024407654801320566
2024-01-30,TCS.NS,-0.00011837705126938047
2024-01-31,TCS.NS,0.004052019351382663
2024-02-01,TCS.NS,0.01001060067890669
2024-02-02,TCS.NS,0.0290985429539663
2024-02-05,TCS.NS,0.0017648689997793454
2024-02-06,TCS.NS,0.04094831731116333
2024-02-07,TCS.NS,-0.012717625158667811
2024-02-08,TCS.NS,0.01241617194617639
2024-02-09,TCS.NS,-9.673262240961211e-05
2024-02-12,TCS.NS,-0.0031448821602354515
2024-02-13,TCS.NS,0.00698905606388478
2024-02-14,TCS.NS,-0.011905025266598424
2024-02-15,TCS.NS,0.0007561029200291447
2024-02-16,TCS.NS,0.006117081346329156
2024-02-19,TCS.NS,-0.005934646503187868
2024-02-20,TCS.NS,-0.01782491978780143
2024-02-21,TCS.NS,-0.00971304958066066
2024-02-22,TCS.NS,0.023950920119315988
2024-02-23,TCS.NS,-0.008563528948084875
2024-02-26,TCS.NS,-0.012598417511367144
2024-02-27,TCS.NS,0.025830682509431657
2024-02-28,TCS.NS,0.003545047586723138
2024-02-29,TCS.NS,-0.00579033407186913
2024-03-01,TCS.NS,-0.00018314570635991068
2024-03-04,TCS.NS,-0.0033338982155406427
2024-03-05,TCS.NS,-0.01681080558150938
2024-03-06,TCS.NS,0.013010630318612604
2024-03-07,TCS.NS,0.010899797823956892
2024-03-11,TCS.NS,0.003346638678182412
2024-03-12,TCS.NS,0.01695632362314181
2024-03-13,TCS.NS,-0.010316655733794478
2024-03-14,TCS.NS,0.01412390881085801
2024-03-15,TCS.NS,0.0027687760417725027
2024-03-18,TCS.NS,-0.015820347218107433
2024-03-19,TCS.NS,-0.042191439174443124
2024-03-20,TCS.NS,-0.0016091686334454014
2024-03-21,TCS.NS,0.0005162680698436173
2024-03-22,TCS.NS,-0.015618130001819552
2024-03-26,TCS.NS,-0.00854020894877261
2024-03-27,TCS.NS,-0.009439096752095422
2024-03-28,TCS.NS,0.009216628234121282
2024-04-01,TCS.NS,0.010435196105137434
2024-04-02,TCS.NS,-0.00841257449974464
2024-04-03,TCS.NS,0.01634996632207164
2024-04-04,TCS.NS,0.014186912397659013
2024-04-05,TCS.NS,-0.006007555900079287
2024-04-08,TCS.NS,-0.001683722101369578
2024-04-09,TCS.NS,-0.006544914395142709
2024-04-10,TCS.NS,0.009653964359818135
2024-04-12,TCS.NS,0.004203631538657326
2024-04-15,TCS.NS,-0.01504472250739397
2024-04-16,TCS.NS,-0.017355095704650103
2024-04-18,TCS.NS,-0.0027886925975930676
2024-04-19,TCS.NS,-0.009269821032657943
2024-04-22,TCS.NS,0.010036105528832495
2024-04-23,TCS.NS,0.0026134278477480954
2024-04-24,TCS.NS,-0.01126536322652505
2024-04-25,TCS.NS,0.005520654148128301
2024-04-26,TCS.NS,-0.00800837285360545
2024-04-29,TCS.NS,0.012783401747352707
2024-04-30,TCS.NS,-0.012802968697553041
2024-05-02,TCS.NS,0.011163060624374888
2024-05-03,TCS.NS,-0.005151074530286959
2024-05-06,TCS.NS,0.020203504308001552
2024-05-07,TCS.NS,0.014766427773869939
2024-05-08,TCS.NS,-0.0005026451763764372
2024-05-09,TCS.NS,-0.0042117703782177385
2024-05-10,TCS.NS,-0.016741591244276988
2024-05-13,TCS.NS,0.013842201349842709
2024-05-14,TCS.NS,-0.011804067348872627
2024-05-15,TCS.NS,-0.005331705395381414
2024-05-16,TCS.NS,0.005295858505643514
2024-05-17,TCS.NS,-0.017136813943368523
2024-05-21,TCS.NS,-0.0036253999974784623
2024-05-22,TCS.NS,0.0030888563370892186
2024-05-23,TCS.NS,0.01603599978389214
2024-05-24,TCS.NS,-0.011288176738639355
2024-05-27,TCS.NS,-0.0006364336074490273
2024-05-28,TCS.NS,-0.0018586050073752247
2024-05-29,TCS.NS,-0.009440350249201646
2024-05-30,TCS.NS,-0.01775920666249453
2024-05-31,TCS.NS,-0.017438008827773466
2024-06-03,TCS.NS,0.008689888696028492
2024-06-04,TCS.NS,0.003281229869780633
2024-06-05,TCS.NS,0.008465666533479244
2024-06-06,TCS.NS,0.02240786671809558
2024-06-07,TCS.NS,0.016590969728575766
2024-06-10,TCS.NS,-0.009052504639766035
2024-06-11,TCS.NS,-0.001710382667514887
2024-06-12,TCS.NS,-0.005308843174906763
2024-06-13,TCS.NS,0.012135764275216454
2024-06-14,TCS.NS,-0.011887073650186819
2024-06-18,TCS.NS,-0.004423207149149455
2024-06-19,TCS.NS,-0.0035123970908672586
2024-06-20,TCS.NS,-0.0038009183674321267
2024-06-21,TCS.NS,0.006205030034985848
2024-06-24,TCS.NS,0.0015876268000065696
2024-06-25,TCS.NS,0.0056722652658729444
2024-06-26,TCS.NS,0.004533117978798407
2024-06-27,TCS.NS,0.020306755372853758
2024-06-28,TCS.NS,-0.007625535565416008
2024-07-01,TCS.NS,0.01896700963855702
2024-07-02,TCS.NS,0.009853690526623105
2024-07-03,TCS.NS,-0.012981008515812853
2024-07-04,TCS.NS,0.01404702129042934
2024-07-05,TCS.NS,-0.0022755573819274177
2024-07-08,TCS.NS,-0.004636347133422869
2024-07-09,TCS.NS,-0.001928265868483603
2024-07-10,TCS.NS,-0.019156968424601684
2024-07-11,TCS.NS,0.0037220493436185276
2024-07-12,TCS.NS,0.06632776394201523
2024-07-15,TCS.NS,-0.003525376572724337
2024-07-16,TCS.NS,0.0022186509562194257
2024-07-18,TCS.NS,0.03281111487910082
2024-07-19,TCS.NS,-0.003047097806510468
2024-07-22,TCS.NS,-0.0034980022845625403
2024-07-23,TCS.NS,0.003498664596623513
2024-07-24,TCS.NS,0.0009064586226663618
2024-07-25,TCS.NS,0.0037735849056603765
2024-07-26,TCS.NS,0.015118588237420516
2024-07-29,TCS.NS,-0.0015383387877369037
2024-07-30,TCS.NS,-0.003594987480068257
2024-07-31,TCS.NS,0.00458153402420991
2024-08-01,TCS.NS,0.002679375588799493
2024-08-02,TCS.NS,-0.0259376158003638
2024-08-05,TCS.NS,-0.029885246690317002
2024-08-06,TCS.NS,0.003886930694977364
2024-08-07,TCS.NS,0.007012370212504004
2024-08-08,TCS.NS,-0.0066422381715501855
2024-08-09,TCS.NS,0.013469029237078045
2024-08-12,TCS.NS,-0.00782739524830034
2024-08-13,TCS.NS,0.0003099145541252124
2024-08-14,TCS.NS,0.023421722944744428
2024-08-16,TCS.NS,0.02812404509341704
2024-08-19,TCS.NS,0.01674577927857701
2024-08-20,TCS.NS,0.007416437569599088
2024-08-21,TCS.NS,0.006234429847713496
2024-08-22,TCS.NS,-0.010875535537734793
2024-08-23,TCS.NS,-0.008462927067136805
2024-08-26,TCS.NS,0.00863601196534658
2024-08-27,TCS.NS,-0.0011772019098108544
2024-08-28,TCS.NS,0.0019790094920144607
2024-08-29,TCS.NS,0.0012760622383751752
2024-08-30,TCS.NS,0.009297884908128218
2024-09-02,TCS.NS,-0.0071809377573428534
2024-09-03,TCS.NS,-0.0019242670191843558
2024-09-04,TCS.NS,-0.007335445375446947
2024-09-05,TCS.NS,-0.0007366868755930289
2024-09-06,TCS.NS,-0.004289635602426456
2024-09-09,TCS.NS,-0.0016155708335671148
2024-09-10,TCS.NS,0.013102514979679958
2024-09-11,TCS.NS,-0.006322304287540104
2024-09-12,TCS.NS,0.008561531655298937
2024-09-13,TCS.NS,0.0010846010429894637
2024-09-16,TCS.NS,-0.002067416409665679
2024-09-17,TCS.NS,-0.0016839522863235645
2024-09-18,TCS.NS,-0.03539999854783016
2024-09-19,TCS.NS,-0.011504435218177012
2024-09-20,TCS.NS,-0.0026186237109330213
2024-09-23,TCS.NS,-0.003827371167942517
2024-09-24,TCS.NS,0.0006559223819841975
2024-09-25,TCS.NS,0.0008077623838798065
2024-09-26,TCS.NS,0.004152289607579407
2024-09-27,TCS.NS,0.003774069962143356
2024-09-30,TCS.NS,-0.009330005219725934
2024-10-01,TCS.NS,0.004544899225430443
2024-10-03,TCS.NS,-0.01286175134676193
2024-10-04,TCS.NS,0.004606934026342158
2024-10-07,TCS.NS,0.00484451705714628
2024-10-08,TCS.NS,-0.004587125035582451
2024-10-09,TCS.NS,-7.048837653556017e-05
2024-10-10,TCS.NS,-0.006007663338477576
2024-10-11,TCS.NS,-0.01849829891605348
2024-10-14,TCS.NS,-0.003024749922389547
2024-10-15,TCS.NS,-0.004798592611137686
2024-10-16,TCS.NS,-0.0053074850739028845
2024-10-17,TCS.NS,0.0034310672891384453
2024-10-18,TCS.NS,0.0034192759035045484
2024-10-21,TCS.NS,-0.010477609798003495
2024-10-22,TCS.NS,-0.015772662258649484
2024-10-23,TCS.NS,0.012638525712862725
2024-10-24,TCS.NS,-0.0045127814709499114
2024-10-25,TCS.NS,0.0023839884179912563
2024-10-28,TCS.NS,0.008206934831954227
2024-10-29,TCS.NS,-0.003813412196449706
2024-10-30,TCS.NS,0.0023065829933746063
2024-10-31,TCS.NS,-0.028447958564380316
2024-11-01,TCS.NS,0.003968803989917724
2024-11-04,TCS.NS,-0.005032390209790516
2024-11-05,TCS.NS,0.001816327709565968
2024-11-06,TCS.NS,0.04237848604353078
2024-11-07,TCS.NS,0.002717621119030067
2024-11-08,TCS.NS,-0.0009395317727483032
2024-11-11,TCS.NS,0.012466890598625602
2024-11-12,TCS.NS,-0.0003096894058313149
2024-11-13,TCS.NS,-0.01120927378428449
2024-11-14,TCS.NS,-0.0010722457642822203
2024-11-18,TCS.NS,-0.030487929115773804
2024-11-19,TCS.NS,0.004988194757588049
2024-11-21,TCS.NS,0.008243504456092898
2024-11-22,TCS.NS,0.0421694871851126
2024-11-25,TCS.NS,0.01660933854261759
2024-11-26,TCS.NS,0.008713609604716455
2024-11-27,TCS.NS,-0.004629400078300927
2024-11-28,TCS.NS,-0.02023055851520028
2024-11-29,TCS.NS,0.006113264366533588
2024-12-02,TCS.NS,0.0013579977182254233
2024-12-03,TCS.NS,0.006102930623791858
2024-12-04,TCS.NS,0.012003928265353458
2024-12-05,TCS.NS,0.02518140382208145
2024-12-06,TCS.NS,-0.00415537583564185
2024-12-09,TCS.NS,0.0014958727575637987
2024-12-10,TCS.NS,-0.004402389426719888
2024-12-11,TCS.NS,-0.0011504911619057978
2024-12-12,TCS.NS,0.006211249994209966
2024-12-13,TCS.NS,0.004253629378660362
2024-12-16,TCS.NS,-0.013120478399728852
2024-12-17,TCS.NS,-0.019636752916560196
2024-12-18,TCS.NS,0.004470393359420122
2024-12-19,TCS.NS,-0.017468448453050733
2024-12-20,TCS.NS,-0.023783351665264352
2024-12-23,TCS.NS,-0.0028774909627629075
2024-12-24,TCS.NS,0.005098284469196246
2024-12-26,TCS.NS,-0.002488312559815742
2024-12-27,TCS.NS,-0.001019404643795685
2024-12-30,TCS.NS,-0.0014527036572468122
2024-12-31,TCS.NS,-0.015388996553101442
2025-01-01,TCS.NS,0.004310380549454651
2025-01-02,TCS.NS,0.015392236180671759
2025-01-03,TCS.NS,-0.018164424991019557
2025-01-06,TCS.NS,-0.0011951273105348381
2025-01-07,TCS.NS,-0.016288144364316248
2025-01-08,TCS.NS,0.01988428184214497
2025-01-09,TCS.NS,-0.016928684242209058
2025-01-10,TCS.NS,0.056154548746216726
2025-01-13,TCS.NS,0.005966311323045259
2025-01-14,TCS.NS,-0.013528067779275621
2025-01-15,TCS.NS,0.003909779882680153
2025-01-16,TCS.NS,-0.010189262983270164
2025-01-17,TCS.NS,-0.01949456857749876
2025-01-20,TCS.NS,-0.011274581883335744
2025-01-21,TCS.NS,-0.010287397780558316
2025-01-22,TCS.NS,0.029919347120975548
2025-01-23,TCS.NS,-0.0026824573165066257
2025-01-24,TCS.NS,0.0016644518734183489
2025-01-27,TCS.NS,-0.021000203080592694
2025-01-28,TCS.NS,-0.006112899674695416
2025-01-29,TCS.NS,0.014726568606366897
2025-01-30,TCS.NS,6.09785872260904e-05
2025-01-31,TCS.NS,0.0030121823501096934
2025-02-01,TCS.NS,-0.009544305255340224
2025-02-03,TCS.NS,-0.0011047960688632674
2025-02-04,TCS.NS,0.009437996206463906
2025-02-05,TCS.NS,-0.0038834949147794617
2025-02-06,TCS.NS,-0.0020410396853974833
2025-02-07,TCS.NS,-0.013067196780662593
2025-02-10,TCS.NS,0.0018737402618522747
2025-02-11,TCS.NS,-0.018182019403644833
2025-02-12,TCS.NS,-0.003380844525562865
2025-02-13,TCS.NS,-0.010126197989667851
2025-02-14,TCS.NS,0.006316943321711177
2025-02-17,TCS.NS,-0.007713152192081685
2025-02-18,TCS.NS,-0.008016403848924325
2025-02-19,TCS.NS,-0.02300419669494913
2025-02-20,TCS.NS,-0.0012420906400999465
2025-02-21,TCS.NS,0.0017463348221384845
2025-02-24,TCS.NS,-0.02916003759739827
2025-02-25,TCS.NS,-0.012528579716136412
2025-02-27,TCS.NS,-0.0046837761626923324
2025-02-28,TCS.NS,-0.03579190518621844
2025-03-03,TCS.NS,0.0028134784549271874
2025-03-04,TCS.NS,0.011165027541785166
2025-03-05,TCS.NS,0.004246825439230939
2025-03-06,TCS.NS,0.015378990450430008
2025-03-07,TCS.NS,0.0026654412636961666
2025-03-10,TCS.NS,-0.005967559016257673
2025-03-11,TCS.NS,-0.003997563524580916
2025-03-12,TCS.NS,-0.019327076528555698
2025-03-13,TCS.NS,0.0013832918041736253
2025-03-17,TCS.NS,-0.0038023091299156375
2025-03-18,TCS.NS,0.0
2025-03-19,TCS.NS,-0.00017149942076188918
2025-03-20,TCS.NS,0.018887021487250744
2025-03-21,TCS.NS,0.004195780621709444
2025-03-24,TCS.NS,0.014211411678765717
2025-03-25,TCS.NS,0.007936193448693007
2025-03-26,TCS.NS,-0.006000943523169933
2025-03-27,TCS.NS,0.004235629610245928
2025-03-28,TCS.NS,-0.012338422828272133
2025-04-01,TCS.NS,-0.015348738963860464
2025-04-02,TCS.NS,-0.0019291702044756942
2025-04-03,TCS.NS,-0.039729694484417544
2025-04-04,TCS.NS,-0.030486461947664245
2025-04-07,TCS.NS,-0.007683170960154806
2025-04-08,TCS.NS,0.005772636967023459
2025-04-09,TCS.NS,-0.014075480709668908
2025-04-11,TCS.NS,-0.004651049467765067
2025-04-15,TCS.NS,0.005167863584055299
2025-04-16,TCS.NS,0.007881318281226513
2025-04-17,TCS.NS,0.007666886535910855
2025-04-21,TCS.NS,0.006881140981686684
2025-04-22,TCS.NS,-0.0021676887948012258
2025-04-23,TCS.NS,0.02974900451406781
2025-04-24,TCS.NS,-0.0033401413254467993
2025-04-25,TCS.NS,0.013640610598441683
2025-04-28,TCS.NS,-0.0013051044083526309
2025-04-29,TCS.NS,0.00842166400464639
2025-04-30,TCS.NS,-0.005413980944024455
2025-05-02,TCS.NS,-0.006572647158932465
2025-05-05,TCS.NS,0.0067910372568129596
2025-05-06,TCS.NS,0.0016501030863860233
2025-05-07,TCS.NS,-0.004306330157153204
2025-05-08,TCS.NS,0.0011029591535192118
2025-05-09,TCS.NS,-0.002493506265514034
2025-05-12,TCS.NS,0.05235004242637875
2025-05-13,TCS.NS,-0.029112779026294056
2025-05-14,TCS.NS,0.00958746832770263
2025-05-15,TCS.NS,0.008791938343948091
2025-05-16,TCS.NS,-0.0051956350800332896
2025-05-19,TCS.NS,-0.011933844219047196
2025-05-20,TCS.NS,-0.005825849640654357
2025-05-21,TCS.NS,0.007860960928497862
2025-05-22,TCS.NS,-0.013840844106955186
2025-05-23,TCS.NS,0.01081394813236991
2025-05-26,TCS.NS,0.0064587579073398516
2025-05-27,TCS.NS,-0.010912305182885995
2025-05-28,TCS.NS,-0.00028582045158376257
2025-05-29,TCS.NS,0.000114402747508624
2025-05-30,TCS.NS,-0.009919726235321114
2025-06-02,TCS.NS,-0.003926734971154144
2025-06-03,TCS.NS,-0.012928313822536008
2025-06-04,TCS.NS,-0.007136159161450162
2025-06-05,TCS.NS,-0.0028985787720915424
2025-06-06,TCS.NS,0.0038859283723828852
2025-06-09,TCS.NS,0.011139989278358131
2025-06-10,TCS.NS,0.011981647964605324
2025-06-11,TCS.NS,0.0025989778087169846
2025-06-12,TCS.NS,-0.010858593920413773
2025-06-13,TCS.NS,0.003348669315563768
2025-06-16,TCS.NS,0.014684998221926149
2025-06-17,TCS.NS,0.005434316201313516
2025-06-18,TCS.NS,-0.01817772184359545
2025-06-19,TCS.NS,-0.007938779370406657
2025-06-20,TCS.NS,0.003417041814215871
2025-06-23,TCS.NS,-0.012253646742715452
2025-06-24,TCS.NS,-0.0009430089640527495
2025-06-25,TCS.NS,0.016045348056660913
2025-06-26,TCS.NS,-0.0008708778325233757
2025-06-27,TCS.NS,-0.0002033677616203322
2025-06-30,TCS.NS,0.006073610691530007
2025-07-01,TCS.NS,-0.009329881232849502
2025-07-02,TCS.NS,-0.0018660239772763099
2025-07-03,TCS.NS,-0.0065726052870248575
2025-07-04,TCS.NS,0.005586920644319315
2025-07-07,TCS.NS,-0.0023685880871969767
2025-07-08,TCS.NS,-0.0016120995628912116
2025-07-09,TCS.NS,-0.0065762147451278175
2025-07-10,TCS.NS,-0.0005319607548172067
2025-07-11,TCS.NS,-0.0342992312241277
2025-07-14,TCS.NS,-0.013257822666296715
2025-07-15,TCS.NS,0.009184875447522334
2025-07-16,TCS.NS,-0.005903499333892337
2025-07-17,TCS.NS,-0.007392331125689822
2025-07-18,TCS.NS,-0.006013975171935693
2025-07-21,TCS.NS,-0.009937600596364726
2025-07-22,TCS.NS,0.00044333687100950314
2025-07-23,TCS.NS,0.0061716671089055986
2025-07-24,TCS.NS,-0.009782673304051692
2025-07-25,TCS.NS,-0.003875460982171175
2025-07-28,TCS.NS,-0.018017730442065227
2025-07-29,TCS.NS,-0.007566670496105821
2025-07-30,TCS.NS,-0.0007853083585569465
2025-07-31,TCS.NS,-0.005501718722441651
2025-08-01,TCS.NS,-0.011130152886150046
2025-08-04,TCS.NS,0.023776191256660084
2025-08-05,TCS.NS,-0.0034153006549327847
2025-08-06,TCS.NS,-0.010313605053302366
2025-08-07,TCS.NS,0.004847789115577816
2025-08-08,TCS.NS,-0.0034788636876436074
2025-08-11,TCS.NS,0.0014491327314885005
2025-08-12,TCS.NS,-0.0017758966053871283
2025-08-13,TCS.NS,0.00026357279233857334
2025-08-14,TCS.NS,-0.0045780589444990305
2025-08-18,TCS.NS,-0.003672731852204403
2025-08-19,TCS.NS,0.001660467614597927
2025-08-20,TCS.NS,0.02731919230101454
2025-08-21,TCS.NS,0.0012909055295731164
2025-08-22,TCS.NS,-0.015664312552869153
2025-08-25,TCS.NS,0.028356286069499026
2025-08-26,TCS.NS,0.005285567407328662
2025-08-28,TCS.NS,-0.02011275845118088
2025-08-29,TCS.NS,-0.0029091379713765964
2025-09-01,TCS.NS,0.009044687303793042
2025-09-02,TCS.NS,-0.00035343366373286056
2025-09-03,TCS.NS,-0.004499437570303688
2025-09-04,TCS.NS,-0.0005811295651735326
2025-09-05,TCS.NS,-0.015311529893524356
2025-09-08,TCS.NS,-0.009611930701962534
2025-09-09,TCS.NS,0.010069527109556109
2025-09-10,TCS.NS,0.019872794515954917
2025-09-11,TCS.NS,0.0045659006983520545
2025-09-12,TCS.NS,0.0029447382740097616
2025-09-15,TCS.NS,-0.006861556350952314
2025-09-16,TCS.NS,0.010861547571844543
2025-09-17,TCS.NS,0.008614965850813006
2025-09-18,TCS.NS,0.0012291673864510688
2025-09-19,TCS.NS,-0.0023609406350239004
2025-09-22,TCS.NS,-0.030102203651894532
2025-09-23,TCS.NS,-0.0037088119927388696
2025-09-24,TCS.NS,-0.008816614701213976
2025-09-25,TCS.NS,-0.025696778846099666
2025-09-26,TCS.NS,-0.019713196257732046
2025-09-29,TCS.NS,-0.0010348038698027029
2025-09-30,TCS.NS,-0.0026588153215876265
2025-10-01,TCS.NS,0.00893229805443152
2025-10-03,TCS.NS,-0.004220729199854278
2025-10-06,TCS.NS,0.029808057793494935
2025-10-07,TCS.NS,-0.004919004033009822
2025-10-08,TCS.NS,0.01799105521016564
2025-10-09,TCS.NS,0.011396670374100859
2025-10-10,TCS.NS,-0.010908940417550084
2025-10-13,TCS.NS,-0.006967637722825826
2025-10-14,TCS.NS,-0.01559587094482151
2025-10-15,TCS.NS,0.003209134156438198
2025-10-16,TCS.NS,0.00030301782239683384
2025-10-17,TCS.NS,-0.002861278533581646
2025-10-20,TCS.NS,0.017892107512537336
2025-10-21,TCS.NS,-0.00281905019157902
2025-10-23,TCS.NS,0.02211727178632561
2025-10-24,TCS.NS,-0.003253937315789268
2025-10-27,TCS.NS,0.007084079236673091
2025-10-28,TCS.NS,-0.008752309914330403
2025-10-29,TCS.NS,-9.804267538982003e-05
2025-10-30,TCS.NS,-0.007293317672647515
2025-10-31,TCS.NS,0.0074786514699392015
2025-11-03,TCS.NS,-0.013472842109834904
2025-11-04,TCS.NS,-0.008817322071637768
2025-11-06,TCS.NS,0.006922597655639295
2025-11-07,TCS.NS,-0.006343569741643407
2025-11-10,TCS.NS,0.011163815027288582
2025-11-11,TCS.NS,0.0072061513883339146
2025-11-12,TCS.NS,0.027830669126394758
2025-11-13,TCS.NS,-0.008333896560866472
2025-11-14,TCS.NS,9.661230409974131e-05
2025-11-17,TCS.NS,-0.0012234542266983395
2025-11-18,TCS.NS,-0.004867466234702578
2025-11-19,TCS.NS,0.019630025460344758
2025-11-20,TCS.NS,-0.0009212766110919812
2025-11-21,TCS.NS,0.0018443299217978382
2025-11-24,TCS.NS,-0.002983605088874297
2025-11-25,TCS.NS,-0.0070036929651016155
2025-11-26,TCS.NS,0.014009987130019441
2025-11-27,TCS.NS,-0.008315092320187456
2025-11-28,TCS.NS,0.0002869037542982955
2025-12-01,TCS.NS,-0.001306804033864517
2025-12-02,TCS.NS,0.0007340425415871543
2025-12-03,TCS.NS,0.014127642796808226
2025-12-04,TCS.NS,0.015471682758451344
2025-12-05,TCS.NS,0.0027870680466020037
2025-12-08,TCS.NS,-0.0005249679443851685
2025-12-09,TCS.NS,-0.008713100933686047
2025-12-10,TCS.NS,-0.005953338953825882
2025-12-11,TCS.NS,0.000846592002136104
2025-12-12,TCS.NS,0.008960211325940826
2025-12-15,TCS.NS,0.003011939503764882
2025-12-16,TCS.NS,-0.007770371461531034
2025-12-17,TCS.NS,0.0039624195141867435
2025-12-18,TCS.NS,0.019578593773389885
2025-12-19,TCS.NS,0.00036574955925883224
2025-12-22,TCS.NS,0.013071268233927569
2025-12-23,TCS.NS,-0.004481308545032259
2025-12-24,TCS.NS,0.002719033232628343
2025-12-26,TCS.NS,-0.011750527267249122
2025-12-29,TCS.NS,-0.008689024390243882
2025-12-30,TCS.NS,-0.0014454716813393498
2025-12-31,TCS.NS,-0.012504649823109282
2021-01-04,^NSEI,0.00816067272711063
2021-01-05,^NSEI,0.004712380865514287
2021-01-06,^NSEI,-0.0037501320469031096
2021-01-07,^NSEI,-0.0006291696120880319
2021-01-08,^NSEI,0.014847223590326086
2021-01-11,^NSEI,0.009583718134137165
2021-01-12,^NSEI,0.005433314024232416
2021-01-13,^NSEI,9.609083312889233e-05
2021-01-14,^NSEI,0.002111247340323086
2021-01-15,^NSEI,-0.011092344158201595
2021-01-18,^NSEI,-0.010558650142566628
2021-01-19,^NSEI,0.016794730817062842
2021-01-20,^NSEI,0.008508265623863087
2021-01-21,^NSEI,-0.0037112802046228577
2021-01-22,^NSEI,-0.014972171647596122
2021-01-25,^NSEI,-0.009254169343308138
2021-01-27,^NSEI,-0.019060488041877988
2021-01-28,^NSEI,-0.010735650281904374
2021-01-29,^NSEI,-0.013240422354072856
2021-02-01,^NSEI,0.047423511101338356
2021-02-02,^NSEI,0.02567357148195737
2021-02-03,^NSEI,0.009701122671723184
2021-02-04,^NSEI,0.0071467580293813615
2021-02-05,^NSEI,0.0019199973566108586
2021-02-08,^NSEI,0.01283480273296811
2021-02-09,^NSEI,-0.0004300136336804483
2021-02-10,^NSEI,-0.00018530340410816137
2021-02-11,^NSEI,0.004421924647502795
2021-02-12,^NSEI,-0.0006590524229219685
2021-02-15,^NSEI,0.00998465984153385
2021-02-16,^NSEI,-8.162092525865194e-05
2021-02-17,^NSEI,-0.006827318687430917
2021-02-18,^NSEI,-0.005914312869584326
2021-02-19,^NSEI,-0.009074717063029758
2021-02-22,^NSEI,-0.020428174591586412
2021-02-23,^NSEI,0.0021872625461001327
2021-02-24,^NSEI,0.01864318245786234
2021-02-25,^NSEI,0.007699213013950157
2021-02-26,^NSEI,-0.03763569324758598
2021-03-01,^NSEI,0.015995389118723446
2021-03-02,^NSEI,0.010672985341787733
2021-03-03,^NSEI,0.021884698711632122
2021-03-04,^NSEI,-0.010812930524138231
2021-03-05,^NSEI,-0.009459104528952489
2021-03-08,^NSEI,0.0012117060677612201
2021-03-09,^NSEI,0.00950777560179139
2021-03-10,^NSEI,0.005060099883821945
2021-03-12,^NSEI,-0.009479506235763657
2021-03-15,^NSEI,-0.006749419963093084
2021-03-16,^NSEI,-0.001275984104457617
2021-03-17,^NSEI,-0.012685759862868795
2021-03-18,^NSEI,-0.011102973071742905
2021-03-19,^NSEI,0.012786942826028547
2021-03-22,^NSEI,-0.000515437423697751
2021-03-23,^NSEI,0.00531673999743143
2021-03-24,^NSEI,-0.017911176994211853
2021-03-25,^NSEI,-0.015430189146808937
2021-03-26,^NSEI,0.012733031929623273
2021-03-30,^NSEI,0.02328481586755049
2021-03-31,^NSEI,-0.010400699094332388
2021-04-01,^NSEI,0.012024574166918489
2021-04-05,^NSEI,-0.015439860548026041
2021-04-06,^NSEI,0.003122067245233451
2021-04-07,^NSEI,0.009231436965811968
2021-04-08,^NSEI,0.0036945688638336804
2021-04-09,^NSEI,-0.0026187118170183377
2021-04-12,^NSEI,-0.03532558930400764
2021-04-13,^NSEI,0.013556195506029933
2021-04-15,^NSEI,0.005284484560774683
2021-04-16,^NSEI,0.002496282165007191
2021-04-19,^NSEI,-0.017676978554819645
2021-04-20,^NSEI,-0.004390823034999047
2021-04-22,^NSEI,0.007676757575422188
2021-04-23,^NSEI,-0.004498133053794207
2021-04-26,^NSEI,0.010016518287169873
2021-04-27,^NSEI,0.011601643402658013
2021-04-28,^NSEI,0.014433855260107098
2021-04-29,^NSEI,0.0020418099664161193
2021-04-30,^NSEI,-0.017710812045177438
2021-05-03,^NSEI,0.00020851346320172048
2021-05-04,^NSEI,-0.00940610742344028
2021-05-05,^NSEI,0.0083709591539336
2021-05-06,^NSEI,0.0073164109749706
2021-05-07,^NSEI,0.006679247748155426
2021-05-10,^NSEI,0.008041422748121585
2021-05-11,^NSEI,-0.006130201191218876
2021-05-12,^NSEI,-0.0103866808073666
2021-05-14,^NSEI,-0.0012724250884564858
2021-05-17,^NSEI,0.01671576048197254
2021-05-18,^NSEI,0.012393443335275034
2021-05-19,^NSEI,-0.005159432408138875
2021-05-20,^NSEI,-0.00825677606093067
2021-05-21,^NSEI,0.01806313567497475
2021-05-24,^NSEI,0.001476108604989923
2021-05-25,^NSEI,0.0007073438653115716
2021-05-26,^NSEI,0.006115021504864648
2021-05-27,^NSEI,0.002378821196545866
2021-05-28,^NSEI,0.006376433707514062
2021-05-31,^NSEI,0.009533088035724946
2021-06-01,^NSEI,-0.0005101904286871628
2021-06-02,^NSEI,8.67158252806366e-05
2021-06-03,^NSEI,0.0073284506253876724
2021-06-04,^NSEI,-0.001281017305247989
2021-06-07,^NSEI,0.0051945814919991395
2021-06-08,^NSEI,-0.0007333060957773752
2021-06-09,^NSEI,-0.006654976944212576
2021-06-10,^NSEI,0.0065492869160790335
2021-06-11,^NSEI,0.003914130633349666
2021-06-14,^NSEI,0.0007911718082738162
2021-06-15,^NSEI,0.003630213545097627
2021-06-16,^NSEI,-0.006408632752808119
2021-06-17,^NSEI,-0.0048295020472909345
2021-06-18,^NSEI,-0.000513069646403852
2021-06-21,^NSEI,0.004026588209654625
2021-06-22,^NSEI,0.0016670371193598932
2021-06-23,^NSEI,-0.005439749231269109
2021-06-24,^NSEI,0.006597840798329813
2021-06-25,^NSEI,0.0044266891189239654
2021-06-28,^NSEI,-0.0028782098242977616
2021-06-29,^NSEI,-0.0041891404314852165
2021-06-30,^NSEI,-0.0017112919035373597
2021-07-01,^NSEI,-0.002639697229908089
2021-07-02,^NSEI,0.002691338986766656
2021-07-05,^NSEI,0.007133188273225066
2021-07-06,^NSEI,-0.0010167521731027085
2021-07-07,^NSEI,0.0038816171589777237
2021-07-08,^NSEI,-0.0095562557277451
2021-07-09,^NSEI,-0.0024224839292732447
2021-07-12,^NSEI,0.00017844744498685117
2021-07-13,^NSEI,0.007630985495128417
2021-07-14,^NSEI,0.0026308921169333477
2021-07-15,^NSEI,0.004431072328003882
2021-07-16,^NSEI,-5.0225736783704455e-05
2021-07-19,^NSEI,-0.010738912280361723
2021-07-20,^NSEI,-0.0076369809214345
2021-07-22,^NSEI,0.012279233123449584
2021-07-23,^NSEI,0.002022238326785386
2021-07-26,^NSEI,-0.0019929055322251976
2021-07-27,^NSEI,-0.004929081202650898
2021-07-28,^NSEI,-0.002352898858342667
2021-07-29,^NSEI,0.004395444954646832
2021-07-30,^NSEI,-0.000976039499086867
2021-08-02,^NSEI,0.007746000136419795
2021-08-03,^NSEI,0.015460955882416139
2021-08-04,^NSEI,0.007938242467802281
2021-08-05,^NSEI,0.0022018725316477195
2021-08-06,^NSEI,-0.003461233501561467
2021-08-09,^NSEI,0.0012347307242392969
2021-08-10,^NSEI,0.0013439090538649445
2021-08-11,^NSEI,0.00013208706805212245
2021-08-12,^NSEI,0.005045395484346349
2021-08-13,^NSEI,0.010064482340847336
2021-08-16,^NSEI,0.002054024277023725
2021-08-17,^NSEI,0.0031122785775283823
2021-08-18,^NSEI,-0.00275360231817956
2021-08-20,^NSEI,-0.007142898400624986
2021-08-23,^NSEI,0.0027931806783987323
2021-08-24,^NSEI,0.007768362083601765
2021-08-25,^NSEI,0.0006045728309951315
2021-08-26,^NSEI,0.00013525983096518424
2021-08-27,^NSEI,0.004105261588480014
2021-08-30,^NSEI,0.013519836521704187
2021-08-31,^NSEI,0.011880446175423387
2021-09-01,^NSEI,-0.00326573477436376
2021-09-02,^NSEI,0.009246783727399066
2021-09-03,^NSEI,0.005190230833697296
2021-09-06,^NSEI,0.0031287476677577253
2021-09-07,^NSEI,-0.0009035189246697772
2021-09-08,^NSEI,-0.0004953092983268625
2021-09-09,^NSEI,0.0009075978909154347
2021-09-13,^NSEI,-0.000803098507419775
2021-09-14,^NSEI,0.001423151293159064
2021-09-15,^NSEI,0.00802354538262362
2021-09-16,^NSEI,0.006281634763507293
2021-09-17,^NSEI,-0.002515647600612625
2021-09-20,^NSEI,-0.010705054879733056
2021-09-21,^NSEI,0.00949017386246398
2021-09-22,^NSEI,-0.0008740239935656202
2021-09-23,^NSEI,0.015746528367181822
2021-09-24,^NSEI,0.0016972499684944076
2021-09-27,^NSEI,0.00010644538279747096
2021-09-28,^NSEI,-0.0059646824901542495
2021-09-29,^NSEI,-0.0021015082285871234
2021-09-30,^NSEI,-0.005259376020738893
2021-10-01,^NSEI,-0.004886983449795879
2021-10-04,^NSEI,0.009080467581137563
2021-10-05,^NSEI,0.007407660919946268
2021-10-06,^NSEI,-0.009892144870289554
2021-10-07,^NSEI,0.008180302016037588
2021-10-08,^NSEI,0.005893622760496431
2021-10-11,^NSEI,0.0028359561343596074
2021-10-12,^NSEI,0.0025632525445875576
2021-10-13,^NSEI,0.00943759784921161
2021-10-14,^NSEI,0.009734787740718787
2021-10-18,^NSEI,0.007552396132719963
2021-10-19,^NSEI,-0.003155307734996393
2021-10-20,^NSEI,-0.008260625212080042
2021-10-21,^NSEI,-0.004844908296702255
2021-10-22,^NSEI,-0.003476668084567369
2021-10-25,^NSEI,0.000579633328010587
2021-10-26,^NSEI,0.007889480889700096
2021-10-27,^NSEI,-0.0031448386638428527
2021-10-28,^NSEI,-0.0194223384240636
2021-10-29,^NSEI,-0.010393515763905459
2021-11-01,^NSEI,0.014599655057507821
2021-11-02,^NSEI,-0.002270048271341696
2021-11-03,^NSEI,-0.0033400508475575075
2021-11-04,^NSEI,0.004913376165984751
2021-11-08,^NSEI,0.008469704042186388
2021-11-09,^NSEI,-0.001344921435271762
2021-11-10,^NSEI,-0.0014991358050348014
2021-11-11,^NSEI,-0.007970140510272006
2021-11-12,^NSEI,0.012820606684330382
2021-11-15,^NSEI,0.0003700663573213969
2021-11-16,^NSEI,-0.006087981951756416
2021-11-17,^NSEI,-0.005586294529162039
2021-11-18,^NSEI,-0.007478195643460861
2021-11-22,^NSEI,-0.019603372100156835
2021-11-23,^NSEI,0.004983697932798847
2021-11-24,^NSEI,-0.0050446817378146935
2021-11-25,^NSEI,0.006959452503032093
2021-11-26,^NSEI,-0.029071254187753914
2021-11-29,^NSEI,0.0016151341742889347
2021-11-30,^NSEI,-0.004148599194972014
2021-12-01,^NSEI,0.01081664117042136
2021-12-02,^NSEI,0.013674571102433752
2021-12-03,^NSEI,-0.01177768586739425
2021-12-06,^NSEI,-0.01654091957599968
2021-12-07,^NSEI,0.015636548581649423
2021-12-08,^NSEI,0.017060948527881648
2021-12-09,^NSEI,0.002696066593683266
2021-12-10,^NSEI,-0.00031677089480919296
2021-12-13,^NSEI,-0.008169055116863166
2021-12-14,^NSEI,-0.002495911181322197
2021-12-15,^NSEI,-0.005974060321640162
2021-12-16,^NSEI,0.0015678167505297491
2021-12-17,^NSEI,-0.01525945397337003
2021-12-20,^NSEI,-0.021842546279377872
2021-12-21,^NSEI,0.00942870544420904
2021-12-22,^NSEI,0.011007170994593363
2021-12-23,^NSEI,0.006909306212627531
2021-12-24,^NSEI,-0.004032754879180422
2021-12-27,^NSEI,0.004851870910828504
2021-12-28,^NSEI,0.008603409174043453
2021-12-29,^NSEI,-0.0011402602889762914
2021-12-30,^NSEI,-0.0005606259494814747
2021-12-31,^NSEI,0.008724831757606522
2022-01-03,^NSEI,0.015653315812207858
2022-01-04,^NSEI,0.01018687423526421
2022-01-05,^NSEI,0.0067395852346920915
2022-01-06,^NSEI,-0.010005417462796928
2022-01-07,^NSEI,0.003764183651131514
2022-01-10,^NSEI,0.010700318921871732
2022-01-11,^NSEI,0.002913311252602302
2022-01-12,^NSEI,0.008673115731830494
2022-01-13,^NSEI,0.0024956237305924223
2022-01-14,^NSEI,-0.00011232356375068253
2022-01-17,^NSEI,0.0028675682661627455
2022-01-18,^NSEI,-0.010653690567923424
2022-01-19,^NSEI,-0.00964224043394124
2022-01-20,^NSEI,-0.010112406160797005
2022-01-21,^NSEI,-0.007875745304668613
2022-01-24,^NSEI,-0.02656790518738339
2022-01-25,^NSEI,0.007513491221694313
2022-01-27,^NSEI,-0.00971173291462768
2022-01-28,^NSEI,-0.0004793161771092791
2022-01-31,^NSEI,0.0139107178709299
2022-02-01,^NSEI,0.013667938611870323
2022-02-02,^NSEI,0.011557838585399605
2022-02-03,^NSEI,-0.012362248664229525
2022-02-04,^NSEI,-0.0024998826581151823
2022-02-07,^NSEI,-0.017281112927623465
2022-02-08,^NSEI,0.0030876976246183574
2022-02-09,^NSEI,0.01141215233034587
2022-02-10,^NSEI,0.008133901085124018
2022-02-11,^NSEI,-0.01312629691281364
2022-02-14,^NSEI,-0.03061622289529342
2022-02-15,^NSEI,0.03025912638397754
2022-02-16,^NSEI,-0.0017432697608654735
2022-02-17,^NSEI,-0.001016014719190439
2022-02-18,^NSEI,-0.0016353356196504576
2022-02-21,^NSEI,-0.004031556958107085
2022-02-22,^NSEI,-0.006651566067580439
2022-02-23,^NSEI,-0.0016937094155936583
2022-02-24,^NSEI,-0.04778103847083648
2022-02-25,^NSEI,0.025261660109649586
2022-02-28,^NSEI,0.008134034290366632
2022-03-02,^NSEI,-0.011191633122935585
2022-03-03,^NSEI,-0.00649757722841704
2022-03-04,^NSEI,-0.015317032007332254
2022-03-07,^NSEI,-0.02352668473994779
2022-03-08,^NSEI,0.009474776509483585
2022-03-09,^NSEI,0.020726290088294297
2022-03-10,^NSEI,0.01526738719047449
2022-03-11,^NSEI,0.0021421537513466316
2022-03-14,^NSEI,0.014482565042708062
2022-03-15,^NSEI,-0.012346456503312231
2022-03-16,^NSEI,0.018745100484606647
2022-03-17,^NSEI,0.018361988356508263
2022-03-21,^NSEI,-0.009802202470463706
2022-03-22,^NSEI,0.011561223252155806
2022-03-23,^NSEI,-0.0040339354552280104
2022-03-24,^NSEI,-0.0013278937068936791
2022-03-25,^NSEI,-0.004049875890900112
2022-03-28,^NSEI,0.004022619949862971
2022-03-29,^NSEI,0.005998187274997013
2022-03-30,^NSEI,0.009982465582194733
2022-03-31,^NSEI,-0.001914477162001882
2022-04-01,^NSEI,0.011777965258592316
2022-04-04,^NSEI,0.021671841339984343
2022-04-05,^NSEI,-0.005317557796472028
2022-04-06,^NSEI,-0.008339180323571727
2022-04-07,^NSEI,-0.00943974110495216
2022-04-08,^NSEI,0.008208759390795572
2022-04-11,^NSEI,-0.006151497975913078
2022-04-12,^NSEI,-0.008183810641252287
2022-04-13,^NSEI,-0.0031174816283502382
2022-04-18,^NSEI,-0.017281188010147552
2022-04-19,^NSEI,-0.012519178806467801
2022-04-20,^NSEI,0.010490244596548015
2022-04-21,^NSEI,0.014941678252146096
2022-04-22,^NSEI,-0.012686452605167986
2022-04-25,^NSEI,-0.012695122564301942
2022-04-26,^NSEI,0.014560121616207233
2022-04-27,^NSEI,-0.009441443610115341
2022-04-28,^NSEI,0.012128508890934642
2022-04-29,^NSEI,-0.008263240381694681
2022-05-02,^NSEI,-0.0019559171203674675
2022-05-04,^NSEI,-0.022936183451936376
2022-05-05,^NSEI,0.00030284821366977077
2022-05-06,^NSEI,-0.0162684216398562
2022-05-09,^NSEI,-0.006666182687180999
2022-05-10,^NSEI,-0.003790968888092272
2022-05-11,^NSEI,-0.0044919933245182175
2022-05-12,^NSEI,-0.022211752141785834
2022-05-13,^NSEI,-0.0016352232651188903
2022-05-16,^NSEI,0.0038112305721171857
2022-05-17,^NSEI,0.026321935902047233
2022-05-18,^NSEI,-0.0011685620062508173
2022-05-19,^NSEI,-0.026532725334179386
2022-05-20,^NSEI,0.028891038794289337
2022-05-23,^NSEI,-0.0031630222318707046
2022-05-24,^NSEI,-0.005522754266735541
2022-05-25,^NSEI,-0.006161219184365629
2022-05-26,^NSEI,0.009007387318995308
2022-05-27,^NSEI,0.011273847198922216
2022-05-30,^NSEI,0.018893205092962884
2022-05-31,^NSEI,-0.004612433983534836
2022-06-01,^NSEI,-0.0037264067061659745
2022-06-02,^NSEI,0.006370004993115463
2022-06-03,^NSEI,-0.002628050201467391
2022-06-06,^NSEI,-0.0008893953501298846
2022-06-07,^NSEI,-0.009245946006475991
2022-06-08,^NSEI,-0.0036609606157923524
2022-06-09,^NSEI,0.00744972774168895
2022-06-10,^NSEI,-0.016767698414100085
2022-06-13,^NSEI,-0.026379749115209128
2022-06-14,^NSEI,-0.00268160945598539
2022-06-15,^NSEI,-0.0025393443813560568
2022-06-16,^NSEI,-0.021128447854290244
2022-06-17,^NSEI,-0.00436829362663993
2022-06-20,^NSEI,0.0037042135956451006
2022-06-21,^NSEI,0.018804337854487096
2022-06-22,^NSEI,-0.014419265085317434
2022-06-23,^NSEI,0.009300447519609234
2022-06-24,^NSEI,0.009166472588529428
2022-06-27,^NSEI,0.008458990377725017
2022-06-28,^NSEI,0.0011464333961117568
2022-06-29,^NSEI,-0.0032239710103227903
2022-06-30,^NSEI,-0.001193081241402827
2022-07-01,^NSEI,-0.0017870563085186086
2022-07-04,^NSEI,0.005288188249805481
2022-07-05,^NSEI,-0.0015471713984448465
2022-07-06,^NSEI,0.011318189707300252
2022-07-07,^NSEI,0.00894949203151052
2022-07-08,^NSEI,0.005436047866567373
2022-07-11,^NSEI,-0.00028356592763323363
2022-07-12,^NSEI,-0.0097249750439381
2022-07-13,^NSEI,-0.005707292501522909
2022-07-14,^NSEI,-0.0017536552323109689
2022-07-15,^NSEI,0.0069359576863876615
2022-07-18,^NSEI,0.014287304158276504
2022-07-19,^NSEI,0.003811764271124396
2022-07-20,^NSEI,0.01103388850696918
2022-07-21,^NSEI,0.005108719746296009
2022-07-22,^NSEI,0.006877295960614926
2022-07-25,^NSEI,-0.005290199311757782
2022-07-26,^NSEI,-0.00884795806776506
2022-07-27,^NSEI,0.0095821774414373
2022-07-28,^NSEI,0.017293731123692924
2022-07-29,^NSEI,0.013505953826479233
2022-08-01,^NSEI,0.010595531668439406
2022-08-02,^NSEI,0.000311327663805816
2022-08-03,^NSEI,0.002461808358865669
2022-08-04,^NSEI,-0.0003537116074355806
2022-08-05,^NSEI,0.0008917270739845495
2022-08-08,^NSEI,0.007334364671648164
2022-08-10,^NSEI,0.0005506610997998429
2022-08-11,^NSEI,0.007085929368824795
2022-08-12,^NSEI,0.0022170219505635025
2022-08-16,^NSEI,0.007181519343531395
2022-08-17,^NSEI,0.006675923198833145
2022-08-18,^NSEI,0.0006826699360520383
2022-08-19,^NSEI,-0.011029475746944017
2022-08-22,^NSEI,-0.0150773300473388
2022-08-23,^NSEI,0.00496268217550444
2022-08-24,^NSEI,0.001561611079505143
2022-08-25,^NSEI,-0.004686182219266755
2022-08-26,^NSEI,0.002080255529346653
2022-08-29,^NSEI,-0.014009988924553851
2022-08-30,^NSEI,0.02578426378902554
2022-09-01,^NSEI,-0.012190795272107646
2022-09-02,^NSEI,-0.0001910505934481499
2022-09-05,^NSEI,0.007203850071011875
2022-09-06,^NSEI,-0.0005774531254664206
2022-09-07,^NSEI,-0.0017671004916441913
2022-09-08,^NSEI,0.009892512965589573
2022-09-09,^NSEI,0.0019439347917691308
2022-09-12,^NSEI,0.005775695663245095
2022-09-13,^NSEI,0.007454201929980142
2022-09-14,^NSEI,-0.0036690976717561608
2022-09-15,^NSEI,-0.007017960667916379
2022-09-16,^NSEI,-0.019384853148544656
2022-09-19,^NSEI,0.0052136885924867205
2022-09-20,^NSEI,0.011008809885230342
2022-09-21,^NSEI,-0.005495005437451739
2022-09-22,^NSEI,-0.004997577656902563
2022-09-23,^NSEI,-0.017155677232420508
2022-09-26,^NSEI,-0.017951321762256445
2022-09-27,^NSEI,-0.0005230508522044985
2022-09-28,^NSEI,-0.00874917846539458
2022-09-29,^NSEI,-0.0024023347691036756
2022-09-30,^NSEI,0.01642575596626905
2022-10-03,^NSEI,-0.012109264448790458
2022-10-04,^NSEI,0.02291367093271912
2022-10-06,^NSEI,0.0033286441360573793
2022-10-07,^NSEI,-0.0009895331040011834
2022-10-10,^NSEI,-0.00425364584114718
2022-10-11,^NSEI,-0.014932383199930399
2022-10-12,^NSEI,0.008246145339619648
2022-10-13,^NSEI,-0.006380083772817624
2022-10-14,^NSEI,0.010070888003887335
2022-10-17,^NSEI,0.007337586960815656
2022-10-18,^NSEI,0.010117285874136073
2022-10-19,^NSEI,0.0014468379208691928
2022-10-20,^NSEI,0.0029521745492440132
2022-10-21,^NSEI,0.0007032337856462956
2022-10-24,^NSEI,0.008787356376761757
2022-10-25,^NSEI,-0.004196122026705051
2022-10-27,^NSEI,0.004564907874966551
2022-10-28,^NSEI,0.002810605244745412
2022-10-31,^NSEI,0.012672230395564199
2022-11-01,^NSEI,0.007395053222392978
2022-11-02,^NSEI,-0.003447197631545107
2022-11-03,^NSEI,-0.0016673473084335422
2022-11-04,^NSEI,0.003570168155688336
2022-11-07,^NSEI,0.004727586225111935
2022-11-09,^NSEI,-0.002516139235956394
2022-11-10,^NSEI,-0.007093725904609771
2022-11-11,^NSEI,0.017833173247033374
2022-11-14,^NSEI,-0.0011198455015547504
2022-11-15,^NSEI,0.004050924260950772
2022-11-16,^NSEI,0.0003396111515991951
2022-11-17,^NSEI,-0.00357149639481924
2022-11-18,^NSEI,-0.00197613371355454
2022-11-21,^NSEI,-0.008067729540576885
2022-11-22,^NSEI,0.00463933015368867
2022-11-23,^NSEI,0.0012634580983039712
2022-11-24,^NSEI,0.011870949889830174
2022-11-25,^NSEI,0.0015500019600884762
2022-11-28,^NSEI,0.0027008413120686026
2022-11-29,^NSEI,0.00297912654375021
2022-11-30,^NSEI,0.007535634625419174
2022-12-01,^NSEI,0.002886735334004964
2022-12-02,^NSEI,-0.006187396179402005
2022-12-05,^NSEI,0.00026482378562620035
2022-12-06,^NSEI,-0.0031175136590962937
2022-12-07,^NSEI,-0.004411902750398933
2022-12-08,^NSEI,0.002631912360927746
2022-12-09,^NSEI,-0.006058782405979346
2022-12-12,^NSEI,2.977743269738653e-05
2022-12-13,^NSEI,0.0059927938646799905
2022-12-14,^NSEI,0.002810661073194387
2022-12-15,^NSEI,-0.013150934355333654
2022-12-16,^NSEI,-0.00792295301794177
2022-12-19,^NSEI,0.008289956688926514
2022-12-20,^NSEI,-0.0019081205394395617
2022-12-21,^NSEI,-0.01012771964355863
2022-12-22,^NSEI,-0.003942502735851727
2022-12-23,^NSEI,-0.01768316025411787
2022-12-26,^NSEI,0.011669632893506865
2022-12-27,^NSEI,0.006533654614990558
2022-12-28,^NSEI,-0.0005405150382313817
2022-12-29,^NSEI,0.00377983170092433
2022-12-30,^NSEI,-0.00471107793689185
2023-01-02,^NSEI,0.005089583355357918
2023-01-03,^NSEI,0.00192892762485819
2023-01-04,^NSEI,-0.010399069487028845
2023-01-05,^NSEI,-0.0028154392892826285
2023-01-06,^NSEI,-0.007375503705446151
2023-01-09,^NSEI,0.013536251708490266
2023-01-10,^NSEI,-0.010333504750958511
2023-01-11,^NSEI,-0.0010299775022909463
2023-01-12,^NSEI,-0.00209547554088918
2023-01-13,^NSEI,0.005510095918388247
2023-01-16,^NSEI,-0.003438847072569362
2023-01-17,^NSEI,0.008854568511824201
2023-01-18,^NSEI,0.006206556323560042
2023-01-19,^NSEI,-0.003165367099256078
2023-01-20,^NSEI,-0.004428975305189153
2023-01-23,^NSEI,0.005042276095628795
2023-01-24,^NSEI,-1.3798013043020418e-05
2023-01-25,^NSEI,-0.01249297962501228
2023-01-27,^NSEI,-0.016074246906178757
2023-01-30,^NSEI,0.0025334426073457816
2023-01-31,^NSEI,0.0007479862801675896
2023-02-01,^NSEI,-0.0025959245256645946
2023-02-02,^NSEI,-0.0003349392530399564
2023-02-03,^NSEI,0.013835596307890219
2023-02-06,^NSEI,-0.005010133160870178
2023-02-07,^NSEI,-0.0024261514654264627
2023-02-08,^NSEI,0.008475536424681795
2023-02-09,^NSEI,0.0012170079483646568
2023-02-10,^NSEI,-0.0020649578680046465
2023-02-13,^NSEI,-0.00479375070002519
2023-02-14,^NSEI,0.0089443537049958
2023-02-15,^NSEI,0.004796470794436125
2023-02-16,^NSEI,0.0011101336008929596
2023-02-17,^NSEI,-0.005081567689351307
2023-02-20,^NSEI,-0.005550518480140765
2023-02-21,^NSEI,-0.001003126492992057
2023-02-22,^NSEI,-0.015280363131582653
2023-02-23,^NSEI,-0.002452434977984641
2023-02-24,^NSEI,-0.002595429723749043
2023-02-27,^NSEI,-0.004185411445805309
2023-02-28,^NSEI,-0.0051027157362857345
2023-03-01,^NSEI,0.008492348770636093
2023-03-02,^NSEI,-0.007392168719804415
2023-03-03,^NSEI,0.015728598629827895
2023-03-06,^NSEI,0.006655523618366965
2023-03-08,^NSEI,0.0024250512391459367
2023-03-09,^NSEI,-0.009282249899975281
2023-03-10,^NSEI,-0.010045664635585094
2023-03-13,^NSEI,-0.014851035931626178
2023-03-14,^NSEI,-0.006470680525861194
2023-03-15,^NSEI,-0.004174683738684903
2023-03-16,^NSEI,0.0007924286811309411
2023-03-17,^NSEI,0.006738129621978839
2023-03-20,^NSEI,-0.0065292432199922645
2023-03-21,^NSEI,0.007010642946744028
2023-03-22,^NSEI,0.0025953757489405316
2023-03-23,^NSEI,-0.004372693304643627
2023-03-24,^NSEI,-0.007720933328590696
2023-03-27,^NSEI,0.0023988383407489433
2023-03-28,^NSEI,-0.002001683861354908
2023-03-29,^NSEI,0.007609856589321451
2023-03-31,^NSEI,0.016337198944623932
2023-04-03,^NSEI,0.002206297973761151
2023-04-05,^NSEI,0.009138954817361267
2023-04-06,^NSEI,0.002397874785437182
2023-04-10,^NSEI,0.0014148632219350699
2023-04-11,^NSEI,0.005574768321964241
2023-04-12,^NSEI,0.005083967961446945
2023-04-13,^NSEI,0.0008757724412713497
2023-04-17,^NSEI,-0.006795512150830185
2023-04-18,^NSEI,-0.0026373533282438855
2023-04-19,^NSEI,-0.002344283016240789
2023-04-20,^NSEI,0.0003234746363958152
2023-04-21,^NSEI,-2.260708945023282e-05
2023-04-24,^NSEI,0.006771973756565242
2023-04-25,^NSEI,0.0014568576938982503
2023-04-26,^NSEI,0.0024958627615121465
2023-04-27,^NSEI,0.005695152810193838
2023-04-28,^NSEI,0.008370013603697934
2023-05-02,^NSEI,0.004575166931912511
2023-05-03,^NSEI,-0.00318502836487633
2023-05-04,^NSEI,0.009173717607303677
2023-05-05,^NSEI,-0.010232406865540389
2023-05-08,^NSEI,0.010814123118324304
2023-05-09,^NSEI,8.480038171931881e-05
2023-05-10,^NSEI,0.0026908205008338015
2023-05-11,^NSEI,-0.0009882342854272697
2023-05-12,^NSEI,0.0009728797753729701
2023-05-15,^NSEI,0.004589120522186851
2023-05-16,^NSEI,-0.006106338807060685
2023-05-17,^NSEI,-0.005728269488420423
2023-05-18,^NSEI,-0.002849053652701161
2023-05-19,^NSEI,0.0040513721791914925
2023-05-22,^NSEI,0.006097761825706316
2023-05-23,^NSEI,0.001834600568861644
2023-05-24,^NSEI,-0.0034117947119577385
2023-05-25,^NSEI,0.001955111686716471
2023-05-26,^NSEI,0.009726420827874671
2023-05-29,^NSEI,0.005367798508963517
2023-05-30,^NSEI,0.0018925684396833287
2023-05-31,^NSEI,-0.0053370195013254795
2023-06-01,^NSEI,-0.0025169624936233204
2023-06-02,^NSEI,0.002507044360454902
2023-06-05,^NSEI,0.003223787573137793
2023-06-06,^NSEI,0.00027699431442118616
2023-06-07,^NSEI,0.006849851638528914
2023-06-08,^NSEI,-0.0049048192636628185
2023-06-09,^NSEI,-0.00381819725413457
2023-06-12,^NSEI,0.0020524046550352004
2023-06-13,^NSEI,0.0061635024393194016
2023-06-14,^NSEI,0.0021238341844009856
2023-06-15,^NSEI,-0.0036149041015322014
2023-06-16,^NSEI,0.0073790483520230765
2023-06-19,^NSEI,-0.0037475183921172883
2023-06-20,^NSEI,0.003265717567498605
2023-06-21,^NSEI,0.0021337637466720683
2023-06-22,^NSEI,-0.004539443817404343
2023-06-23,^NSEI,-0.005633615236065759
2023-06-26,^NSEI,0.0013768299134766515
2023-06-27,^NSEI,0.00675190341711196
2023-06-28,^NSEI,0.00822107281232487
2023-06-30,^NSEI,0.01143527476356887
2023-07-03,^NSEI,0.00695709243369369
2023-07-04,^NSEI,0.003438946519135566
2023-07-05,^NSEI,0.0004899685388621844
2023-07-06,^NSEI,0.00509321758125636
2023-07-07,^NSEI,-0.00848835445771845
2023-07-10,^NSEI,0.0012466303397029588
2023-07-11,^NSEI,0.004313930032438185
2023-07-12,^NSEI,-0.002834429471475497
2023-07-13,^NSEI,0.0015192303855748879
2023-07-14,^NSEI,0.007765114931427508
2023-07-17,^NSEI,0.007511013251041421
2023-07-18,^NSEI,0.001917706853032497
2023-07-19,^NSEI,0.004248282371482448
2023-07-20,^NSEI,0.007361412439498949
2023-07-21,^NSEI,-0.011719737128305097
2023-07-24,^NSEI,-0.0036794322929856182
2023-07-25,^NSEI,0.0004193703428323481
2023-07-26,^NSEI,0.004964339187534694
2023-07-27,^NSEI,-0.0059863783008722304
2023-07-28,^NSEI,-0.0007044597937843067
2023-07-31,^NSEI,0.005484562836559181
2023-08-01,^NSEI,-0.0010251191770254131
2023-08-02,^NSEI,-0.010489749274959825
2023-08-03,^NSEI,-0.007420685416911321
2023-08-04,^NSEI,0.006983389270114548
2023-08-07,^NSEI,0.004114401867602702
2023-08-08,^NSEI,-0.0013497354646058168
2023-08-09,^NSEI,0.003152707884763739
2023-08-10,^NSEI,-0.004556268458015711
2023-08-11,^NSEI,-0.005874136161590715
2023-08-14,^NSEI,0.00032169565781225984
2023-08-16,^NSEI,0.0015667570139761278
2023-08-17,^NSEI,-0.005124582584125403
2023-08-18,^NSEI,-0.0028452826260957353
2023-08-21,^NSEI,0.0043215209131937105
2023-08-22,^NSEI,0.00014693555773015454
2023-08-23,^NSEI,0.0024515199000461063
2023-08-24,^NSEI,-0.002946964680621278
2023-08-25,^NSEI,-0.006236153774081932
2023-08-28,^NSEI,0.002089194238900971
2023-08-29,^NSEI,0.0018957584743610756
2023-08-30,^NSEI,0.0002480956863764039
2023-08-31,^NSEI,-0.004840350603388277
2023-09-01,^NSEI,0.009426710188917609
2023-09-04,^NSEI,0.004810833701642592
2023-09-05,^NSEI,0.0023605960187407238
2023-09-06,^NSEI,0.0018467726478093027
2023-09-07,^NSEI,0.005915032360780392
2023-09-08,^NSEI,0.004709190366575022
2023-09-11,^NSEI,0.008900143420050854
2023-09-12,^NSEI,-0.0001575482868895195
2023-09-13,^NSEI,0.003841345269944396
2023-09-14,^NSEI,0.001649208239910216
2023-09-15,^NSEI,0.004439613877174287
2023-09-18,^NSEI,-0.002924316846098174
2023-09-20,^NSEI,-0.011518249945432046
2023-09-21,^NSEI,-0.007991939166498319
2023-09-22,^NSEI,-0.003449417659114995
2023-09-25,^NSEI,1.5288066889551644e-05
2023-09-26,^NSEI,-0.0005007261720755274
2023-09-27,^NSEI,0.002631619198663282
2023-09-28,^NSEI,-0.009783629666773708
2023-09-29,^NSEI,0.005877516917168757
2023-10-03,^NSEI,-0.005578424654468894
2023-10-04,^NSEI,-0.004744307271330683
2023-10-05,^NSEI,0.005641584105285702
2023-10-06,^NSEI,0.0055127073660514725
2023-10-09,^NSEI,-0.00718194675884698
2023-10-10,^NSEI,0.00909680297624016
2023-10-11,^NSEI,0.006170692128707245
2023-10-12,^NSEI,-0.0008757409120068171
2023-10-13,^NSEI,-0.0021698099802970328
2023-10-16,^NSEI,-0.0009772027556287366
2023-10-17,^NSEI,0.004041709427698992
2023-10-18,^NSEI,-0.007086812741337156
2023-10-19,^NSEI,-0.0023588102112444
2023-10-20,^NSEI,-0.004180896084593599
2023-10-23,^NSEI,-0.013350307425555652
2023-10-25,^NSEI,-0.008277236732921023
2023-10-26,^NSEI,-0.013853064912347501
2023-10-27,^NSEI,0.010075700327460302
2023-10-30,^NSEI,0.004916740769664862
2023-10-31,^NSEI,-0.0032026069828995363
2023-11-01,^NSEI,-0.004740624572936891
2023-11-02,^NSEI,0.007588523257266999
2023-11-03,^NSEI,0.005087980838331285
2023-11-06,^NSEI,0.00941990339899168
2023-11-07,^NSEI,-0.000260191958478706
2023-11-08,^NSEI,0.0018962926582819506
2023-11-09,^NSEI,-0.002478937369815082
2023-11-10,^NSEI,0.001549283945833313
2023-11-13,^NSEI,0.0009369804014345284
2023-11-15,^NSEI,0.011926753508604282
2023-11-16,^NSEI,0.004561522280999375
2023-11-17,^NSEI,-0.0016897597201204206
2023-11-20,^NSEI,-0.0019157289123818977
2023-11-21,^NSEI,0.0045394734754240496
2023-11-22,^NSEI,0.0014380348265852216
2023-11-23,^NSEI,-0.0004971574875239915
2023-11-24,^NSEI,-0.00036868908443588033
2023-11-28,^NSEI,0.004799264638990497
2023-11-29,^NSEI,0.010402389113554511
2023-11-30,^NSEI,0.0018187545137213768
2023-12-01,^NSEI,0.0066929416105065975
2023-12-04,^NSEI,0.020668169003769332
2023-12-05,^NSEI,0.008135565760247543
2023-12-06,^NSEI,0.003960643244200535
2023-12-07,^NSEI,-0.0017455990623970186
2023-12-08,^NSEI,0.003265370504707432
2023-12-11,^NSEI,0.001320935183362959
2023-12-12,^NSEI,-0.004319607014175553
2023-12-13,^NSEI,0.0009542158562574343
2023-12-14,^NSEI,0.012250087289956912
2023-12-15,^NSEI,0.012932779200891975
2023-12-18,^NSEI,-0.0017710126840955187
2023-12-19,^NSEI,0.0016083748565725031
2023-12-20,^NSEI,-0.01412146609423337
2023-12-21,^NSEI,0.004959794076523361
2023-12-22,^NSEI,0.004438926556610712
2023-12-26,^NSEI,0.004306875934107168
2023-12-27,^NSEI,0.0099527499207277
2023-12-28,^NSEI,0.005723881307796219
2023-12-29,^NSEI,-0.0021717930740454694
2024-01-01,^NSEI,0.00048317180721269004
2024-01-02,^NSEI,-0.003500136051024061
2024-01-03,^NSEI,-0.00685186637566948
2024-01-04,^NSEI,0.006564470186349425
2024-01-05,^NSEI,0.002410182228605562
2024-01-08,^NSEI,-0.00911070868564301
2024-01-09,^NSEI,0.0014804820050666745
2024-01-10,^NSEI,0.0034277152411805734
2024-01-11,^NSEI,0.0013183031833516878
2024-01-12,^NSEI,0.011426492637705898
2024-01-15,^NSEI,0.009267074694848665
2024-01-16,^NSEI,-0.0029482333845447517
2024-01-17,^NSEI,-0.020894393512082443
2024-01-18,^NSEI,-0.0050852715087356115
2024-01-19,^NSEI,0.00746195718645537
2024-01-23,^NSEI,-0.01774084294273448
2024-01-24,^NSEI,0.010129971071150878
2024-01-25,^NSEI,-0.004724053755400193
2024-01-29,^NSEI,0.018030591452244726
2024-01-30,^NSEI,-0.009913698102483215
2024-01-31,^NSEI,0.009460025419002926
2024-02-01,^NSEI,-0.0013003033741542103
2024-02-02,^NSEI,0.007205988175093214
2024-02-05,^NSEI,-0.0037568550808078083
2024-02-06,^NSEI,0.007243402101531293
2024-02-07,^NSEI,5.014315737827957e-05
2024-02-08,^NSEI,-0.009692017110872975
2024-02-09,^NSEI,0.0029722318898448563
2024-02-12,^NSEI,-0.0076414194307357075
2024-02-13,^NSEI,0.005884480011507653
2024-02-14,^NSEI,0.004451992284961959
2024-02-15,^NSEI,0.0032371361888359207
2024-02-16,^NSEI,0.005930843022260657
2024-02-19,^NSEI,0.0037000088082788096
2024-02-20,^NSEI,0.0033766555730090353
2024-02-21,^NSEI,-0.006392700010330099
2024-02-22,^NSEI,0.0073633218581414805
2024-02-23,^NSEI,-0.0002137959201901074
2024-02-26,^NSEI,-0.004080928508836235
2024-02-27,^NSEI,0.003448994348646428
2024-02-28,^NSEI,-0.011135927809948543
2024-02-29,^NSEI,0.0014418556686905948
2024-03-01,^NSEI,0.016192168700068565
2024-03-04,^NSEI,0.0029925402887358565
2024-03-05,^NSEI,-0.00220029050703785
2024-03-06,^NSEI,0.005266971542034149
2024-03-07,^NSEI,0.0008676673462120199
2024-03-11,^NSEI,-0.007153178801771132
2024-03-12,^NSEI,0.0001365188668460693
2024-03-13,^NSEI,-0.015132725270416536
2024-03-14,^NSEI,0.006771215952804832
2024-03-15,^NSEI,-0.005567468627318717
2024-03-18,^NSEI,0.0014688778023679294
2024-03-19,^NSEI,-0.010802196640288697
2024-03-20,^NSEI,0.0009923428906801757
2024-03-21,^NSEI,0.0079146856998078
2024-03-22,^NSEI,0.0038524885010076115
2024-03-26,^NSEI,-0.00416580634029895
2024-03-27,^NSEI,0.005405716783151604
2024-03-28,^NSEI,0.009187001078543977
2024-04-01,^NSEI,0.006050979178091831
2024-04-02,^NSEI,-0.0003872860275131451
2024-04-03,^NSEI,-0.0008306302403686683
2024-04-04,^NSEI,0.003565912488363576
2024-04-05,^NSEI,-4.224679746289706e-05
2024-04-08,^NSEI,0.006778164752814453
2024-04-09,^NSEI,-0.0010390218270411866
2024-04-10,^NSEI,0.0049044741142307835
2024-04-12,^NSEI,-0.010301592814249916
2024-04-15,^NSEI,-0.010963897188301042
2024-04-16,^NSEI,-0.005594325260972033
2024-04-18,^NSEI,-0.0068652458503182245
2024-04-19,^NSEI,0.0068717686886063944
2024-04-22,^NSEI,0.008551965982977361
2024-04-23,^NSEI,0.0014147135985376202
2024-04-24,^NSEI,0.0015379287654238016
2024-04-25,^NSEI,0.0074969296067168845
2024-04-26,^NSEI,-0.006663626980883297
2024-04-29,^NSEI,0.00996662256880243
2024-04-30,^NSEI,-0.00170251731563964
2024-05-02,^NSEI,0.0019177127972140884
2024-05-03,^NSEI,-0.007609859296553445
2024-05-06,^NSEI,-0.0014749338156797576
2024-05-07,^NSEI,-0.006246985595782073
2024-05-08,^NSEI,0.0
2024-05-09,^NSEI,-0.01546911781190452
2024-05-10,^NSEI,0.0044494691449390444
2024-05-13,^NSEI,0.0022149680905385605
2024-05-14,^NSEI,0.005148324587705533
2024-05-15,^NSEI,-0.0007786004689536163
2024-05-16,^NSEI,0.009157377676264788
2024-05-17,^NSEI,0.0027785403439750667
2024-05-21,^NSEI,0.002802051667603722
2024-05-22,^NSEI,0.0030516154749500313
2024-05-23,^NSEI,0.01636661960848307
2024-05-24,^NSEI,-0.0004593757337192361
2024-05-27,^NSEI,-0.0010737589261899938
2024-05-28,^NSEI,-0.0019317094176221072
2024-05-29,^NSEI,-0.008015115627261094
2024-05-30,^NSEI,-0.009515599658179275
2024-05-31,^NSEI,0.0018697799732139142
2024-06-03,^NSEI,0.03254231769535276
2024-06-04,^NSEI,-0.05929359941641077
2024-06-05,^NSEI,0.033624236760035675
2024-06-06,^NSEI,0.008888049244237806
2024-06-07,^NSEI,0.020539931466807104
2024-06-10,^NSEI,-0.0013289382574128705
2024-06-11,^NSEI,0.0002429314342191624
2024-06-12,^NSEI,0.002497312914139238
2024-06-13,^NSEI,0.0032564994745150067
2024-06-14,^NSEI,0.0028505279152657437
2024-06-18,^NSEI,0.003933450786960613
2024-06-19,^NSEI,-0.0017786131162043084
2024-06-20,^NSEI,0.0021687361796223215
2024-06-21,^NSEI,-0.00279629951309035
2024-06-24,^NSEI,0.00156375661610908
2024-06-25,^NSEI,0.007793879853915442
2024-06-26,^NSEI,0.006218040121837909
2024-06-27,^NSEI,0.007361040898544724
2024-06-28,^NSEI,-0.0014099020825968367
2024-07-01,^NSEI,0.005470484349075377
2024-07-02,^NSEI,-0.0007497161563467802
2024-07-03,^NSEI,0.006742306607722792
2024-07-04,^NSEI,0.0006444070008029268
2024-07-05,^NSEI,0.0008928929498506211
2024-07-08,^NSEI,-0.00013562113637344275
2024-07-09,^NSEI,0.004631820986013446
2024-07-10,^NSEI,-0.004450911197766749
2024-07-11,^NSEI,-0.0003494426502141934
2024-07-12,^NSEI,0.007657573644356042
2024-07-15,^NSEI,0.003450669707641296
2024-07-16,^NSEI,0.0010697158254551198
2024-07-18,^NSEI,0.007632129743428306
2024-07-19,^NSEI,-0.010884676251089243
2024-07-22,^NSEI,-0.0008825762723847497
2024-07-23,^NSEI,-0.0012321559717249908
2024-07-24,^NSEI,-0.002677831825905974
2024-07-25,^NSEI,-0.0003031269840456652
2024-07-26,^NSEI,0.01756732976027453
2024-07-29,^NSEI,5.03324972633834e-05
2024-07-30,^NSEI,0.0008536433743000504
2024-07-31,^NSEI,0.00377553501085659
2024-08-01,^NSEI,0.0023946791656728195
2024-08-02,^NSEI,-0.011722935491954689
2024-08-05,^NSEI,-0.02678645789462286
2024-08-06,^NSEI,-0.0026209626510589334
2024-08-07,^NSEI,0.012710162480444431
2024-08-08,^NSEI,-0.007428747813561065
2024-08-09,^NSEI,0.010386864037815746
2024-08-12,^NSEI,-0.0008412844977941925
2024-08-13,^NSEI,-0.008543146999630324
2024-08-14,^NSEI,0.00019677699987563635
2024-08-16,^NSEI,0.016459762490292462
2024-08-19,^NSEI,0.0012835584110202358
2024-08-20,^NSEI,0.005135759339910173
2024-08-21,^NSEI,0.0028887826964991703
2024-08-22,^NSEI,0.001667357653657442
2024-08-23,^NSEI,0.00046955607782672715
2024-08-26,^NSEI,0.007551387144671073
2024-08-27,^NSEI,0.0002858944102370753
2024-08-28,^NSEI,0.0013830024432652799
2024-08-29,^NSEI,0.00397565940632294
2024-08-30,^NSEI,0.003337760073577778
2024-09-02,^NSEI,0.001695950113232314
2024-09-03,^NSEI,4.550829989491412e-05
2024-09-04,^NSEI,-0.0032100820170585243
2024-09-05,^NSEI,-0.0021270784221717465
2024-09-06,^NSEI,-0.011650350298901935
2024-09-09,^NSEI,0.003390048695012693
2024-09-10,^NSEI,0.0041986500501236534
2024-09-11,^NSEI,-0.004897963449619458
2024-09-12,^NSEI,0.01887963282727112
2024-09-13,^NSEI,-0.0012761636040355961
2024-09-16,^NSEI,0.0010746751326089488
2024-09-17,^NSEI,0.0013709866056039743
2024-09-18,^NSEI,-0.0016129951842196455
2024-09-19,^NSEI,0.0015072376499098983
2024-09-20,^NSEI,0.014760441377741573
2024-09-23,^NSEI,0.005742385099666292
2024-09-24,^NSEI,5.2030021699067674e-05
2024-09-25,^NSEI,0.0024575565157058943
2024-09-26,^NSEI,0.008148714241454025
2024-09-27,^NSEI,-0.0014152231703233875
2024-09-30,^NSEI,-0.014060900852023384
2024-10-01,^NSEI,-0.0005404401234794243
2024-10-03,^NSEI,-0.021196375260987388
2024-10-04,^NSEI,-0.009326695880144675
2024-10-07,^NSEI,-0.008748875168602677
2024-10-08,^NSEI,0.00876764730346924
2024-10-09,^NSEI,-0.0012473907279866303
2024-10-10,^NSEI,0.0006604768849507447
2024-10-11,^NSEI,-0.0013680536120755926
2024-10-14,^NSEI,0.006557345754428789
2024-10-15,^NSEI,-0.0028096049048969007
2024-10-16,^NSEI,-0.0034340754096676696
2024-10-17,^NSEI,-0.008868227322834543
2024-10-18,^NSEI,0.004210173941240125
2024-10-21,^NSEI,-0.00293518237799828
2024-10-22,^NSEI,-0.012469180337869368
2024-10-23,^NSEI,-0.001495564743491773
2024-10-24,^NSEI,-0.0014773427748562273
2024-10-25,^NSEI,-0.008959220549493163
2024-10-28,^NSEI,0.0065485676346082045
2024-10-29,^NSEI,0.0052466588480091225
2024-10-30,^NSEI,-0.005149825253829232
2024-10-31,^NSEI,-0.005566773640794054
2024-11-01,^NSEI,0.004090004961616156
2024-11-04,^NSEI,-0.0127137736646451
2024-11-05,^NSEI,0.00908305881860727
2024-11-06,^NSEI,0.011181870759630508
2024-11-07,^NSEI,-0.011628025706147627
2024-11-08,^NSEI,-0.002113709312467793
2024-11-11,^NSEI,-0.00028567088740283353
2024-11-12,^NSEI,-0.010680930776533315
2024-11-13,^NSEI,-0.013582562322921432
2024-11-14,^NSEI,-0.0011185324376894457
2024-11-18,^NSEI,-0.0033527151631265184
2024-11-19,^NSEI,0.002758581406631766
2024-11-21,^NSEI,-0.007168807933116472
2024-11-22,^NSEI,0.023869464111237804
2024-11-25,^NSEI,0.013161295867362366
2024-11-26,^NSEI,-0.0011312238174179257
2024-11-27,^NSEI,0.003323085437806128
2024-11-28,^NSEI,-0.014861029054492936
2024-11-29,^NSEI,0.009072001940535257
2024-12-02,^NSEI,0.006006820004948565
2024-12-03,^NSEI,0.007460011144599932
2024-12-04,^NSEI,0.00042109681465385407
2024-12-05,^NSEI,0.009847825562885104
2024-12-06,^NSEI,-0.0012384293961259507
2024-12-09,^NSEI,-0.0023827399277279726
2024-12-10,^NSEI,-0.0003635086213900074
2024-12-11,^NSEI,0.0012901233029631864
2024-12-12,^NSEI,-0.003778196379659149
2024-12-13,^NSEI,0.008945547808588916
2024-12-16,^NSEI,-0.004039468921733236
2024-12-17,^NSEI,-0.013468730047733413
2024-12-18,^NSEI,-0.005635699812006956
2024-12-19,^NSEI,-0.010213311567061067
2024-12-20,^NSEI,-0.01520556915080562
2024-12-23,^NSEI,0.0070354729729729115
2024-12-24,^NSEI,-0.0010861087115143775
2024-12-26,^NSEI,0.0009503186263191132
2024-12-27,^NSEI,0.002661079652128029
2024-12-30,^NSEI,-0.007075847935867907
2024-12-31,^NSEI,-4.212721278373799e-06
2025-01-01,^NSEI,0.004148887118253564
2025-01-02,^NSEI,0.018774033191665485
2025-01-03,^NSEI,-0.007602755327609123
2025-01-06,^NSEI,-0.016192595996625703
2025-01-07,^NSEI,0.0038892874268343647
2025-01-08,^NSEI,-0.0007993610384197103
2025-01-09,^NSEI,-0.006857594959147506
2025-01-10,^NSEI,-0.004037999702463213
2025-01-13,^NSEI,-0.014747275302477436
2025-01-14,^NSEI,0.003902874499386977
2025-01-15,^NSEI,0.0016028803979861728
2025-01-16,^NSEI,0.004247650725383689
2025-01-17,^NSEI,-0.004658651792672774
2025-01-20,^NSEI,0.006100485537167577
2025-01-21,^NSEI,-0.013711845677293555
2025-01-22,^NSEI,0.0056764909144164655
2025-01-23,^NSEI,0.0021593282262408753
2025-01-24,^NSEI,-0.004876047658393667
2025-01-27,^NSEI,-0.011391241935562957
2025-01-28,^NSEI,0.005611229817278129
2025-01-29,^NSEI,0.008966649288351114
2025-01-30,^NSEI,0.003730087599762788
2025-01-31,^NSEI,0.011135740150325812
2025-02-01,^NSEI,-0.0011166221250199504
2025-02-03,^NSEI,-0.005157091976693451
2025-02-04,^NSEI,0.016189306820631133
2025-02-05,^NSEI,-0.001809207062143936
2025-02-06,^NSEI,-0.003922602634608197
2025-02-07,^NSEI,-0.0018387386257991967
2025-02-10,^NSEI,-0.007570033692307909
2025-02-11,^NSEI,-0.013249684936046169
2025-02-12,^NSEI,-0.0011507892904301098
2025-02-13,^NSEI,-0.0006009745771905495
2025-02-14,^NSEI,-0.004435266153706374
2025-02-17,^NSEI,0.0013192755977626813
2025-02-18,^NSEI,-0.0006184463402948426
2025-02-19,^NSEI,-0.0005404326900405598
2025-02-20,^NSEI,-0.0008612081186238907
2025-02-21,^NSEI,-0.005117148798882476
2025-02-24,^NSEI,-0.010640105330068539
2025-02-25,^NSEI,-0.00025711604818956513
2025-02-27,^NSEI,-0.00011087678764998277
2025-02-28,^NSEI,-0.018644959666695105
2025-03-03,^NSEI,-0.00024400049223838316
2025-03-04,^NSEI,-0.0016569416451024388
2025-03-05,^NSEI,0.011531695069225467
2025-03-06,^NSEI,0.009284847776867
2025-03-07,^NSEI,0.00034601398645017767
2025-03-10,^NSEI,-0.004088203913091726
2025-03-11,^NSEI,0.0016740474556060647
2025-03-12,^NSEI,-0.0012179087892316698
2025-03-13,^NSEI,-0.003262089461738671
2025-03-17,^NSEI,0.004980568336268254
2025-03-18,^NSEI,0.01446329899483545
2025-03-19,^NSEI,0.0032100316461272094
2025-03-20,^NSEI,0.012356195589090069
2025-03-21,^NSEI,0.0068885519512889015
2025-03-24,^NSEI,0.013188177230298859
2025-03-25,^NSEI,0.00043539728764163677
2025-03-26,^NSEI,-0.007681079328545448
2025-03-27,^NSEI,0.004474827877002596
2025-03-28,^NSEI,-0.0030773044101545244
2025-04-01,^NSEI,-0.015036571865236992
2025-04-02,^NSEI,0.0071938424586863725
2025-04-03,^NSEI,-0.0035251486188494496
2025-04-04,^NSEI,-0.014866619775066536
2025-04-07,^NSEI,-0.03243254628305536
2025-04-08,^NSEI,0.016887318902814252
2025-04-09,^NSEI,-0.006065856008070525
2025-04-11,^NSEI,0.019170387409190415
2025-04-15,^NSEI,0.02190239778210845
2025-04-16,^NSEI,0.004657316201027051
2025-04-17,^NSEI,0.017683476937954135
2025-04-21,^NSEI,0.011483498464016417
2025-04-22,^NSEI,0.0017284255654137493
2025-04-23,^NSEI,0.006690840652122221
2025-04-24,^NSEI,-0.0033807460922566923
2025-04-25,^NSEI,-0.00855166336268387
2025-04-28,^NSEI,0.012028211882747275
2025-04-29,^NSEI,0.0003061930965739812
2025-04-30,^NSEI,-7.191007773188485e-05
2025-05-02,^NSEI,0.0005136803511647248
2025-05-05,^NSEI,0.004700890697612925
2025-05-06,^NSEI,-0.0033338898599493128
2025-05-07,^NSEI,0.0014274549954715887
2025-05-08,^NSEI,-0.005758880297096702
2025-05-09,^NSEI,-0.0109501096942064
2025-05-12,^NSEI,0.038183073090219954
2025-05-13,^NSEI,-0.01389583907654357
2025-05-14,^NSEI,0.0036027960647213586
2025-05-15,^NSEI,0.01602143814146184
2025-05-16,^NSEI,-0.0016877607536591732
2025-05-19,^NSEI,-0.0029717088137536374
2025-05-20,^NSEI,-0.010484831354666824
2025-05-21,^NSEI,0.00524831270888626
2025-05-22,^NSEI,-0.008211272774042211
2025-05-23,^NSEI,0.009892488718005854
2025-05-26,^NSEI,0.005954979456279652
2025-05-27,^NSEI,-0.0069977248703164685
2025-05-28,^NSEI,-0.0029706520659956714
2025-05-29,^NSEI,0.003278479228775888
2025-05-30,^NSEI,-0.00333823496911434
2025-06-02,^NSEI,-0.0013777230725331435
2025-06-03,^NSEI,-0.007043833380258491
2025-06-04,^NSEI,0.003165904807986175
2025-06-05,^NSEI,0.005308696762106768
2025-06-06,^NSEI,0.01018752395450262
2025-06-09,^NSEI,0.004005448710087123
2025-06-10,^NSEI,4.18584595869298e-05
2025-06-11,^NSEI,0.0014798446727146697
2025-06-12,^NSEI,-0.010071084662786611
2025-06-13,^NSEI,-0.006814458847919758
2025-06-16,^NSEI,0.00921979376770854
2025-06-17,^NSEI,-0.0037319707924959866
2025-06-18,^NSEI,-0.0016637405234334324
2025-06-19,^NSEI,-0.0007577278241026608
2025-06-20,^NSEI,0.01287247095983779
2025-06-23,^NSEI,-0.0055948454872697395
2025-06-24,^NSEI,0.0029012296868362597
2025-06-25,^NSEI,0.008001820520425307
2025-06-26,^NSEI,0.012052010814129765
2025-06-27,^NSEI,0.003475704773181043
2025-06-30,^NSEI,-0.004709842354665206
2025-07-01,^NSEI,0.0009699396772837598
2025-07-02,^NSEI,-0.0034610085397696055
2025-07-03,^NSEI,-0.00188971251922454
2025-07-04,^NSEI,0.0021924250859925998
2025-07-07,^NSEI,1.1813410706551508e-05
2025-07-08,^NSEI,0.0024036171315751087
2025-07-09,^NSEI,-0.00181801902732881
2025-07-10,^NSEI,-0.004743646446198069
2025-07-11,^NSEI,-0.008100901810276007
2025-07-14,^NSEI,-0.002685854157148504
2025-07-15,^NSEI,0.004525103218794291
2025-07-16,^NSEI,0.0006449487413033861
2025-07-17,^NSEI,-0.003990217351728331
2025-07-18,^NSEI,-0.0056965580472427835
2025-07-21,^NSEI,0.004898144302865282
2025-07-22,^NSEI,-0.0011876443882732346
2025-07-23,^NSEI,0.006344544590244583
2025-07-24,^NSEI,-0.006256994627491075
2025-07-25,^NSEI,-0.008981674037030651
2025-07-28,^NSEI,-0.006284962329387578
2025-07-29,^NSEI,0.005680474234370125
2025-07-30,^NSEI,0.001367835124523431
2025-07-31,^NSEI,-0.0034882717656889994
2025-08-01,^NSEI,-0.008195943742782208
2025-08-04,^NSEI,0.006407415043054421
2025-08-05,^NSEI,-0.0029608040671041946
2025-08-06,^NSEI,-0.003056914228121266
2025-08-07,^NSEI,0.0008932609229541644
2025-08-08,^NSEI,-0.009466912735407229
2025-08-11,^NSEI,0.009101804471857822
2025-08-12,^NSEI,-0.003971941790719136
2025-08-13,^NSEI,0.005388453516712133
2025-08-14,^NSEI,0.00048543816407109475
2025-08-18,^NSEI,0.009973019276634965
2025-08-19,^NSEI,0.004168564680625764
2025-08-20,^NSEI,0.0027981813736617234
2025-08-21,^NSEI,0.0013252889742787488
2025-08-22,^NSEI,-0.008517482060098724
2025-08-25,^NSEI,0.003926417350905487
2025-08-26,^NSEI,-0.010241179872034878
2025-08-28,^NSEI,-0.008544430103923584
2025-08-29,^NSEI,-0.0030223697933294824
2025-09-01,^NSEI,0.008114070174605414
2025-09-02,^NSEI,-0.0018457290617897026
2025-09-03,^NSEI,0.0055107151470170646
2025-09-04,^NSEI,0.0007788776228048189
2025-09-05,^NSEI,0.00027084730671167456
2025-09-08,^NSEI,0.0012994782193525012
2025-09-09,^NSEI,0.003852930178235292
2025-09-10,^NSEI,0.0042020862308871365
2025-09-11,^NSEI,0.0012974116602184615
2025-09-12,^NSEI,0.004339045410009845
2025-09-15,^NSEI,-0.0017838966811339896
2025-09-16,^NSEI,0.006777256391098607
2025-09-17,^NSEI,0.003611475529465391
2025-09-18,^NSEI,0.0036853015416349333
2025-09-19,^NSEI,-0.0037976065391384095
2025-09-22,^NSEI,-0.004923635718664832
2025-09-23,^NSEI,-0.0013034343973540308
2025-09-24,^NSEI,-0.00447365300760838
2025-09-25,^NSEI,-0.006626948212322681
2025-09-26,^NSEI,-0.009487437927231501
2025-09-29,^NSEI,-0.0008030448049409777
2025-09-30,^NSEI,-0.0009661407544825362
2025-10-01,^NSEI,0.009150390492475902
2025-10-03,^NSEI,0.0023332467769816567
2025-10-06,^NSEI,0.007367178791287232
2025-10-07,^NSEI,0.0012222193924698033
2025-10-08,^NSEI,-0.0024752925801897474
2025-10-09,^NSEI,0.005416017571936882
2025-10-10,^NSEI,0.0041120501676790155
2025-10-13,^NSEI,-0.0022938183927065925
2025-10-14,^NSEI,-0.003244479132464395
2025-10-15,^NSEI,0.007080820872521931
2025-10-16,^NSEI,0.010336228211479837
2025-10-17,^NSEI,0.004867983737610659
2025-10-20,^NSEI,0.005184813729964155
2025-10-21,^NSEI,0.0009847568259027106
2025-10-23,^NSEI,0.0008814076368377499
2025-10-24,^NSEI,-0.0037174505259611745
2025-10-27,^NSEI,0.006625291500029773
2025-10-28,^NSEI,-0.001149638146805021
2025-10-29,^NSEI,0.0045381040946781415
2025-10-30,^NSEI,-0.0067571756478100875
2025-10-31,^NSEI,-0.006018660837397216
2025-11-03,^NSEI,0.0016036793506921665
2025-11-04,^NSEI,-0.006431586779760301
2025-11-06,^NSEI,-0.0034359080045569534
2025-11-07,^NSEI,-0.0006820322478444663
2025-11-10,^NSEI,0.0032185728871263475
2025-11-11,^NSEI,0.0047156471705849246
2025-11-12,^NSEI,0.0070384090258497345
2025-11-13,^NSEI,0.00012944949620363744
2025-11-14,^NSEI,0.001194026471448284
2025-11-17,^NSEI,0.0039906690408659795
2025-11-18,^NSEI,-0.003974806902018679
2025-11-19,^NSEI,0.005503640675154298
2025-11-20,^NSEI,0.005354541588221684
2025-11-21,^NSEI,-0.0047342428227803435
2025-11-24,^NSEI,-0.004167936312968079
2025-11-25,^NSEI,-0.002877529180069005
2025-11-26,^NSEI,0.012381783530362567
2025-11-27,^NSEI,0.0003911422381892571
2025-11-28,^NSEI,-0.0004806903583736144
2025-12-01,^NSEI,-0.0010380212747401751
2025-12-02,^NSEI,-0.005484113396941881
2025-12-03,^NSEI,-0.0017746951904364927
2025-12-04,^NSEI,0.0018375278996383138
2025-12-05,^NSEI,0.005865433091659877
2025-12-08,^NSEI,-0.00862653945989178
2025-12-09,^NSEI,-0.004657081109092687
2025-12-10,^NSEI,-0.0031598875909956137
2025-12-11,^NSEI,0.0054565875164998
2025-12-12,^NSEI,0.005729990019651465
2025-12-15,^NSEI,-0.0007543469807149705
2025-12-16,^NSEI,-0.006424068837574293
2025-12-17,^NSEI,-0.001606677033445636
2025-12-18,^NSEI,-0.00011619552256891819
2025-12-19,^NSEI,0.005843362036054733
2025-12-22,^NSEI,0.00793332910611566
2025-12-23,^NSEI,0.00018148889399149937
2025-12-24,^NSEI,-0.0013389838361685946
2025-12-26,^NSEI,-0.0038175521330050532
2025-12-29,^NSEI,-0.003847631310177624
2025-12-30,^NSEI,-0.00012527898855285713
2025-12-31,^NSEI,0.0073538342244390265
