Date,HDFCBANK.NS,ICICIBANK.NS,INFY.NS,RELIANCE.NS,TCS.NS,^NSEI,NIFTY50
2021-01-01,712.5250244140625,527.5,1260.449951171875,917.23095703125,2928.25,14018.5,14018.5
2021-01-04,708.0,531.7000122070312,1288.25,918.7769775390625,3039.449951171875,14132.900390625,14132.900390625
2021-01-05,713.3499755859375,537.25,1293.800048828125,907.3548583984375,3093.0,14199.5,14199.5
2021-01-06,710.2750244140625,546.7000122070312,1282.0999755859375,883.4260864257812,3051.5,14146.25,14146.25
2021-01-07,708.125,541.0999755859375,1262.1500244140625,881.9954223632812,3032.800048828125,14137.349609375,14137.349609375
2021-01-08,715.8250122070312,542.0499877929688,1312.0999755859375,892.4022216796875,3120.89990234375,14347.25,14347.25
2021-01-11,725.7249755859375,544.7000122070312,1376.199951171875,875.58056640625,3176.449951171875,14484.75,14484.75
2021-01-12,740.5,548.0,1371.75,903.1782836914062,3174.85009765625,14563.4501953125,14563.4501953125
2021-01-13,735.3250122070312,556.5,1387.1500244140625,894.755859375,3158.949951171875,14564.849609375,14564.849609375
2021-01-14,734.375,553.2999877929688,1370.5,904.8165893554688,3250.699951171875,14595.599609375,14595.599609375
2021-01-15,733.3250122070312,543.0,1344.949951171875,894.1328735351562,3233.35009765625,14433.7001953125,14433.7001953125
2021-01-18,741.5499877929688,533.1500244140625,1312.050048828125,915.5925903320312,3221.75,14281.2998046875,14281.2998046875
2021-01-19,751.9249877929688,546.4500122070312,1316.6500244140625,930.5682983398438,3260.699951171875,14521.150390625,14521.150390625
2021-01-20,746.0,551.0,1339.449951171875,948.2437133789062,3308.800048828125,14644.7001953125,14644.7001953125
2021-01-21,737.4000244140625,552.7000122070312,1339.699951171875,968.8727416992188,3273.85009765625,14590.349609375,14590.349609375
2021-01-22,721.7750244140625,533.7999877929688,1340.8499755859375,945.8900756835938,3303.10009765625,14371.900390625,14371.900390625
2021-01-25,731.4249877929688,538.0499877929688,1325.0999755859375,895.7711791992188,3291.300048828125,14238.900390625,14238.900390625
2021-01-27,704.7999877929688,522.3499755859375,1301.0,874.5421752929688,3261.050048828125,13967.5,13967.5
2021-01-28,685.7249755859375,528.25,1276.199951171875,866.0275268554688,3196.550048828125,13817.5498046875,13817.5498046875
2021-01-29,695.25,537.0,1239.050048828125,850.0596313476562,3111.35009765625,13634.599609375,13634.599609375
2021-02-01,738.375,603.7999877929688,1260.9000244140625,874.6806640625,3139.35009765625,14281.2001953125,14281.2001953125
2021-02-02,780.2750244140625,617.3499755859375,1271.25,888.7564086914062,3203.449951171875,14647.849609375,14647.849609375
2021-02-03,787.4000244140625,622.3499755859375,1284.6500244140625,890.9946899414062,3200.050048828125,14789.9501953125,14789.9501953125
2021-02-04,789.5499877929688,628.2999877929688,1279.3499755859375,888.0641479492188,3188.449951171875,14895.650390625,14895.650390625
2021-02-05,798.7999877929688,614.1500244140625,1272.0999755859375,887.810302734375,3157.949951171875,14924.25,14924.25
2021-02-08,802.625,629.5999755859375,1303.550048828125,900.5938720703125,3214.10009765625,15115.7998046875,15115.7998046875
2021-02-09,805.9249877929688,633.3499755859375,1305.550048828125,902.7628784179688,3176.89990234375,15109.2998046875,15109.2998046875
2021-02-10,790.875,632.1500244140625,1296.5,911.1390991210938,3213.300048828125,15106.5,15106.5
2021-02-11,786.1749877929688,630.6500244140625,1292.6500244140625,948.7052001953125,3206.0,15173.2998046875,15173.2998046875
2021-02-12,790.9749755859375,647.5999755859375,1309.800048828125,942.1980590820312,3190.800048828125,15163.2998046875,15163.2998046875
2021-02-15,808.2999877929688,673.9500122070312,1309.6500244140625,938.0445556640625,3139.85009765625,15314.7001953125,15314.7001953125
2021-02-16,813.3250122070312,658.3499755859375,1290.4000244140625,950.4589233398438,3108.800048828125,15313.4501953125,15313.4501953125
2021-02-17,793.25,657.3499755859375,1281.300048828125,961.4195556640625,3073.10009765625,15208.900390625,15208.900390625
2021-02-18,777.1500244140625,644.6500244140625,1292.449951171875,954.2432250976562,3057.35009765625,15118.9501953125,15118.9501953125
2021-02-19,769.5499877929688,624.0499877929688,1291.300048828125,960.05810546875,3071.85009765625,14981.75,14981.75
2021-02-22,774.0,609.8499755859375,1265.199951171875,926.73779296875,2958.449951171875,14675.7001953125,14675.7001953125
2021-02-23,764.5750122070312,616.2999877929688,1266.3499755859375,933.8218383789062,2980.199951171875,14707.7998046875,14707.7998046875
2021-02-24,803.2249755859375,641.0999755859375,1274.300048828125,951.1511840820312,2948.10009765625,14982.0,14982.0
2021-02-25,803.2000122070312,628.0,1274.550048828125,989.6171875,2995.300048828125,15097.349609375,15097.349609375
2021-02-26,767.2000122070312,597.75,1253.300048828125,962.5963745117188,2894.300048828125,14529.150390625,14529.150390625
2021-03-01,779.4500122070312,608.3499755859375,1267.0,969.9342041015625,2924.199951171875,14761.5498046875,14761.5498046875
2021-03-02,784.0999755859375,610.5,1304.5,971.9186401367188,3006.35009765625,14919.099609375,14919.099609375
2021-03-03,793.4249877929688,632.0999755859375,1343.550048828125,1016.268798828125,3059.10009765625,15245.599609375,15245.599609375
2021-03-04,776.0250244140625,620.75,1330.3499755859375,1004.1544189453125,3049.699951171875,15080.75,15080.75
2021-03-05,765.0,609.4500122070312,1316.699951171875,1005.4696655273438,3008.050048828125,14938.099609375,14938.099609375
2021-03-08,759.75,608.0499877929688,1335.75,1011.1923217773438,3006.949951171875,14956.2001953125,14956.2001953125
2021-03-09,781.25,625.0999755859375,1345.550048828125,1011.169189453125,3050.949951171875,15098.400390625,15098.400390625
2021-03-10,777.875,625.5999755859375,1368.1500244140625,1006.9695434570312,3070.949951171875,15174.7998046875,15174.7998046875
2021-03-12,775.9749755859375,612.8499755859375,1374.8499755859375,986.5020751953125,3057.949951171875,15030.9501953125,15030.9501953125
2021-03-15,764.3250122070312,603.5,1373.5999755859375,973.2570190429688,3066.14990234375,14929.5,14929.5
2021-03-16,756.0750122070312,594.9500122070312,1384.0,969.4265747070312,3110.050048828125,14910.4501953125,14910.4501953125
2021-03-17,747.6749877929688,589.5,1387.0,948.543701171875,3112.949951171875,14721.2998046875,14721.2998046875
2021-03-18,745.5,578.5999755859375,1337.0999755859375,927.1993408203125,3036.5,14557.849609375,14557.849609375
2021-03-19,748.75,586.6500244140625,1344.449951171875,960.8426513671875,3050.199951171875,14744.0,14744.0
2021-03-22,734.5750122070312,573.4500122070312,1370.800048828125,951.7972412109375,3129.64990234375,14736.400390625,14736.400390625
2021-03-23,750.0750122070312,586.4000244140625,1371.550048828125,963.3809204101562,3142.60009765625,14814.75,14814.75
2021-03-24,739.4000244140625,567.5,1353.75,944.82861328125,3121.10009765625,14549.400390625,14549.400390625
2021-03-25,731.6749877929688,571.5499877929688,1333.800048828125,919.0538330078125,3064.85009765625,14324.900390625,14324.900390625
2021-03-26,745.6500244140625,578.5499877929688,1336.199951171875,920.5306396484375,3066.800048828125,14507.2998046875,14507.2998046875
2021-03-30,776.8499755859375,591.4500122070312,1385.300048828125,936.5216064453125,3158.550048828125,14845.099609375,14845.099609375
2021-03-31,746.8250122070312,582.0999755859375,1368.050048828125,924.4302978515625,3177.85009765625,14690.7001953125,14690.7001953125
2021-04-01,743.375,594.4000244140625,1385.199951171875,933.0834350585938,3165.0,14867.349609375,14867.349609375
2021-04-05,724.7999877929688,571.25,1409.9000244140625,919.5845947265625,3238.89990234375,14637.7998046875,14637.7998046875
2021-04-06,720.125,565.9000244140625,1411.050048828125,915.754150390625,3264.699951171875,14683.5,14683.5
2021-04-07,723.5999755859375,577.6500244140625,1430.199951171875,924.31494140625,3271.39990234375,14819.0498046875,14819.0498046875
2021-04-08,716.4000244140625,576.7000122070312,1439.8499755859375,925.4686889648438,3317.35009765625,14873.7998046875,14873.7998046875
2021-04-09,710.875,566.2000122070312,1441.050048828125,914.7157592773438,3322.25,14834.849609375,14834.849609375
2021-04-12,683.5250244140625,538.5499877929688,1425.75,881.9954223632812,3246.550048828125,14310.7998046875,14310.7998046875
2021-04-13,700.1749877929688,560.5999755859375,1397.1500244140625,891.525390625,3104.050048828125,14504.7998046875,14504.7998046875
2021-04-15,715.0499877929688,575.2000122070312,1360.75,897.2941284179688,3218.949951171875,14581.4501953125,14581.4501953125
2021-04-16,714.3250122070312,566.9500122070312,1353.75,891.663818359375,3195.14990234375,14617.849609375,14617.849609375
2021-04-19,706.2000122070312,559.75,1362.550048828125,877.6342163085938,3161.800048828125,14359.4501953125,14359.4501953125
2021-04-20,695.7000122070312,559.0999755859375,1351.3499755859375,877.3804321289062,3144.550048828125,14296.400390625,14296.400390625
2021-04-22,711.25,579.2000122070312,1351.0999755859375,879.8032836914062,3118.800048828125,14406.150390625,14406.150390625
2021-04-23,707.0750122070312,569.9500122070312,1333.800048828125,878.8572387695312,3109.5,14341.349609375,14341.349609375
2021-04-26,702.4000244140625,591.0999755859375,1343.550048828125,894.3174438476562,3100.800048828125,14485.0,14485.0
2021-04-27,719.3499755859375,598.75,1348.5,917.7616577148438,3132.0,14653.0498046875,14653.0498046875
2021-04-28,738.4000244140625,621.3499755859375,1356.0,921.7536010742188,3124.10009765625,14864.5498046875,14864.5498046875
2021-04-29,736.25,621.4500122070312,1356.3499755859375,934.0987548828125,3115.25,14894.900390625,14894.900390625
2021-04-30,706.1500244140625,600.5,1354.3499755859375,920.46142578125,3035.64990234375,14631.099609375,14631.099609375
2021-05-03,707.2249755859375,596.75,1352.050048828125,904.1012573242188,3037.0,14634.150390625,14634.150390625
2021-05-04,694.1749877929688,591.5499877929688,1329.4000244140625,884.5105590820312,3049.75,14496.5,14496.5
2021-05-05,701.2999877929688,602.7999877929688,1341.5,886.1258544921875,3095.699951171875,14617.849609375,14617.849609375
2021-05-06,700.4500122070312,608.2000122070312,1361.5999755859375,891.1561889648438,3111.449951171875,14724.7998046875,14724.7998046875
2021-05-07,707.375,607.0999755859375,1352.550048828125,891.5023193359375,3132.89990234375,14823.150390625,14823.150390625
2021-05-10,709.9249877929688,613.25,1339.550048828125,888.9409790039062,3145.5,14942.349609375,14942.349609375
2021-05-11,701.7750244140625,609.8499755859375,1330.6500244140625,892.1484375,3122.60009765625,14850.75,14850.75
2021-05-12,699.75,594.75,1327.0,882.9183959960938,3087.60009765625,14696.5,14696.5
2021-05-14,693.4249877929688,597.2999877929688,1316.4000244140625,894.0636596679688,3051.5,14677.7998046875,14677.7998046875
2021-05-17,720.125,623.5999755859375,1329.4000244140625,904.7012329101562,3069.75,14923.150390625,14923.150390625
2021-05-18,738.3499755859375,633.2000122070312,1340.0,917.4385986328125,3088.800048828125,15108.099609375,15108.099609375
2021-05-19,729.0999755859375,625.4500122070312,1337.0,921.6382446289062,3082.0,15030.150390625,15030.150390625
2021-05-20,716.4000244140625,618.5999755859375,1339.300048828125,916.2617797851562,3060.0,14906.0498046875,14906.0498046875
2021-05-21,748.6500244140625,642.4500122070312,1354.5,924.176513671875,3080.5,15175.2998046875,15175.2998046875
2021-05-24,754.9749755859375,647.3499755859375,1348.050048828125,916.3771362304688,3081.5,15197.7001953125,15197.7001953125
2021-05-25,739.4749755859375,650.2999877929688,1361.5999755859375,905.993408203125,3114.0,15208.4501953125,15208.4501953125
2021-05-26,738.5250244140625,652.5,1397.25,909.177734375,3158.5,15301.4501953125,15301.4501953125
2021-05-27,741.3250122070312,652.25,1402.25,911.9698486328125,3180.0,15337.849609375,15337.849609375
2021-05-28,751.7249755859375,643.0499877929688,1405.050048828125,966.7498779296875,3143.60009765625,15435.650390625,15435.650390625
2021-05-31,757.9249877929688,662.75,1393.75,996.9780883789062,3159.14990234375,15582.7998046875,15582.7998046875
2021-06-01,755.8499755859375,650.0999755859375,1387.199951171875,1000.947021484375,3153.0,15574.849609375,15574.849609375
2021-06-02,752.0,648.3499755859375,1378.6500244140625,1015.8765258789062,3129.449951171875,15576.2001953125,15576.2001953125
2021-06-03,760.2750244140625,650.25,1389.6500244140625,1019.7531127929688,3141.25,15690.349609375,15690.349609375
2021-06-04,750.4749755859375,642.7000122070312,1385.6500244140625,1010.9154052734375,3143.75,15670.25,15670.25
2021-06-07,749.9249877929688,648.2000122070312,1389.6500244140625,1027.9447021484375,3183.199951171875,15751.650390625,15751.650390625
2021-06-08,741.5250244140625,642.4000244140625,1412.949951171875,1022.0375366210938,3200.14990234375,15740.099609375,15740.099609375
2021-06-09,740.1500244140625,636.0999755859375,1415.300048828125,1003.7621459960938,3200.25,15635.349609375,15635.349609375
2021-06-10,740.5250244140625,640.4000244140625,1424.300048828125,1007.4541625976562,3216.800048828125,15737.75,15737.75
2021-06-11,743.1749877929688,635.7000122070312,1446.9000244140625,1021.3683471679688,3273.800048828125,15799.349609375,15799.349609375
2021-06-14,739.7249755859375,635.1500244140625,1461.800048828125,1036.02099609375,3276.35009765625,15811.849609375,15811.849609375
2021-06-15,745.125,645.2999877929688,1473.9000244140625,1038.3746337890625,3262.75,15869.25,15869.25
2021-06-16,742.2999877929688,640.0999755859375,1480.5999755859375,1020.6530151367188,3274.35009765625,15767.5498046875,15767.5498046875
2021-06-17,733.0499877929688,633.0,1495.300048828125,1022.5220947265625,3317.75,15691.400390625,15691.400390625
2021-06-18,739.9000244140625,630.4000244140625,1503.300048828125,1027.1370849609375,3297.300048828125,15683.349609375,15683.349609375
2021-06-21,744.3499755859375,631.25,1500.300048828125,1032.490478515625,3273.10009765625,15746.5,15746.5
2021-06-22,741.9000244140625,630.8499755859375,1511.8499755859375,1027.1832275390625,3301.199951171875,15772.75,15772.75
2021-06-23,742.75,624.7000122070312,1503.1500244140625,1017.7686767578125,3261.39990234375,15686.9501953125,15686.9501953125
2021-06-24,753.125,634.0499877929688,1559.199951171875,993.8399047851562,3373.60009765625,15790.4501953125,15790.4501953125
2021-06-25,757.5499877929688,649.0,1574.199951171875,971.2033081054688,3380.800048828125,15860.349609375,15860.349609375
2021-06-28,754.1749877929688,650.2999877929688,1571.800048828125,962.6886596679688,3336.75,15814.7001953125,15814.7001953125
2021-06-29,751.0250244140625,640.0999755859375,1563.050048828125,963.5193481445312,3340.85009765625,15748.4501953125,15748.4501953125
2021-06-30,748.9500122070312,630.9000244140625,1580.800048828125,974.0646362304688,3345.75,15721.5,15721.5
2021-07-01,743.375,630.8499755859375,1560.4000244140625,968.20361328125,3341.5,15680.0,15680.0
2021-07-02,740.2000122070312,640.25,1567.800048828125,982.5562133789062,3325.449951171875,15722.2001953125,15722.2001953125
2021-07-05,747.7249755859375,647.8499755859375,1578.949951171875,992.3169555664062,3321.0,15834.349609375,15834.349609375
2021-07-06,767.3499755859375,650.2999877929688,1562.199951171875,980.5948486328125,3262.300048828125,15818.25,15818.25
2021-07-07,769.75,654.0,1564.5999755859375,973.7877197265625,3274.949951171875,15879.650390625,15879.650390625
2021-07-08,760.2249755859375,641.9000244140625,1560.75,965.7345581054688,3258.5,15727.900390625,15727.900390625
2021-07-09,751.0,638.5499877929688,1562.9000244140625,955.8584594726562,3208.14990234375,15689.7998046875,15689.7998046875
2021-07-12,743.5,646.25,1547.8499755859375,961.8118286132812,3193.10009765625,15692.599609375,15692.599609375
2021-07-13,750.9249877929688,664.9500122070312,1544.949951171875,969.01123046875,3187.550048828125,15812.349609375,15812.349609375
2021-07-14,749.5750122070312,664.3499755859375,1576.9000244140625,962.6886596679688,3214.550048828125,15853.9501953125,15853.9501953125
2021-07-15,760.3499755859375,667.4500122070312,1580.800048828125,961.0042114257812,3202.949951171875,15924.2001953125,15924.2001953125
2021-07-16,761.1749877929688,660.2999877929688,1555.449951171875,974.8722534179688,3194.800048828125,15923.400390625,15923.400390625
2021-07-19,735.5,655.9000244140625,1541.699951171875,968.6651000976562,3184.60009765625,15752.400390625,15752.400390625
2021-07-20,721.5750122070312,641.9000244140625,1550.050048828125,966.288330078125,3205.800048828125,15632.099609375,15632.099609375
2021-07-22,724.3499755859375,655.9500122070312,1590.199951171875,978.7026977539062,3216.35009765625,15824.0498046875,15824.0498046875
2021-07-23,721.375,676.6500244140625,1590.449951171875,971.7802124023438,3212.85009765625,15856.0498046875,15856.0498046875
2021-07-26,717.2750244140625,676.75,1603.9000244140625,958.4659423828125,3197.550048828125,15824.4501953125,15824.4501953125
2021-07-27,719.875,677.4500122070312,1602.550048828125,948.3821411132812,3182.949951171875,15746.4501953125,15746.4501953125
2021-07-28,708.6500244140625,685.0499877929688,1605.5999755859375,940.2366943359375,3197.800048828125,15709.400390625,15709.400390625
2021-07-29,709.125,687.5,1617.0,947.5745239257812,3195.800048828125,15778.4501953125,15778.4501953125
2021-07-30,713.2249755859375,682.5,1610.5,939.2906494140625,3167.449951171875,15763.0498046875,15763.0498046875
2021-08-02,711.3250122070312,681.4000244140625,1631.550048828125,956.4584350585938,3219.39990234375,15885.150390625,15885.150390625
2021-08-03,717.3499755859375,690.4000244140625,1655.199951171875,963.4962768554688,3284.89990234375,16130.75,16130.75
2021-08-04,732.6500244140625,714.6500244140625,1649.25,970.8803100585938,3273.949951171875,16258.7998046875,16258.7998046875
2021-08-05,742.4249877929688,702.4500122070312,1653.550048828125,984.9560546875,3283.949951171875,16294.599609375,16294.599609375
2021-08-06,746.3250122070312,697.6500244140625,1650.199951171875,964.0962524414062,3309.800048828125,16238.2001953125,16238.2001953125
2021-08-09,751.9500122070312,702.8499755859375,1663.300048828125,958.6043701171875,3322.699951171875,16258.25,16258.25
2021-08-10,753.8250122070312,700.9000244140625,1677.25,963.6347045898438,3333.89990234375,16280.099609375,16280.099609375
2021-08-11,747.4749755859375,693.5499877929688,1677.550048828125,977.1336059570312,3344.199951171875,16282.25,16282.25
2021-08-12,750.7000122070312,701.3499755859375,1689.5999755859375,973.9954223632812,3351.75,16364.400390625,16364.400390625
2021-08-13,763.0999755859375,704.7999877929688,1712.199951171875,990.2171020507812,3463.39990234375,16529.099609375,16529.099609375
2021-08-16,765.2999877929688,702.6500244140625,1704.4000244140625,1003.0698852539062,3472.949951171875,16563.05078125,16563.05078125
2021-08-17,757.3250122070312,701.2000122070312,1741.6500244140625,998.801025390625,3553.050048828125,16614.599609375,16614.599609375
2021-08-18,756.5,688.2999877929688,1733.449951171875,1002.6776123046875,3560.550048828125,16568.849609375,16568.849609375
2021-08-20,757.375,680.7000122070312,1732.949951171875,991.4170532226562,3559.5,16450.5,16450.5
2021-08-23,762.2999877929688,682.7000122070312,1738.75,997.9241943359375,3637.39990234375,16496.44921875,16496.44921875
2021-08-24,779.4249877929688,694.4500122070312,1720.8499755859375,1007.7772216796875,3613.199951171875,16624.599609375,16624.599609375
2021-08-25,778.7000122070312,691.0499877929688,1735.550048828125,1016.49951171875,3659.0,16634.650390625,16634.650390625
2021-08-26,777.4000244140625,698.7999877929688,1727.699951171875,1029.352294921875,3671.85009765625,16636.900390625,16636.900390625
2021-08-27,774.2249755859375,699.75,1708.800048828125,1027.9447021484375,3720.14990234375,16705.19921875,16705.19921875
2021-08-30,784.125,713.6500244140625,1698.050048828125,1047.719970703125,3701.300048828125,16931.05078125,16931.05078125
2021-08-31,790.7000122070312,719.0499877929688,1706.449951171875,1042.1358642578125,3786.449951171875,17132.19921875,17132.19921875
2021-09-01,789.5499877929688,719.9000244140625,1677.75,1046.2662353515625,3714.949951171875,17076.25,17076.25
2021-09-02,794.5,725.1500244140625,1689.0999755859375,1058.865234375,3836.75,17234.150390625,17234.150390625
2021-09-03,788.0250244140625,724.2999877929688,1700.6500244140625,1102.2923583984375,3842.050048828125,17323.599609375,17323.599609375
2021-09-06,782.8499755859375,721.1500244140625,1730.4000244140625,1119.4140625,3852.0,17377.80078125,17377.80078125
2021-09-07,784.625,716.9000244140625,1706.6500244140625,1126.4749755859375,3815.89990234375,17362.099609375,17362.099609375
2021-09-08,788.2000122070312,720.9500122070312,1693.25,1122.067626953125,3774.14990234375,17353.5,17353.5
2021-09-09,784.2999877929688,720.25,1691.5999755859375,1119.4140625,3791.39990234375,17369.25,17369.25
2021-09-13,777.7750244140625,707.4000244140625,1691.9000244140625,1094.469970703125,3845.35009765625,17355.30078125,17355.30078125
2021-09-14,774.2750244140625,707.4500122070312,1686.1500244140625,1093.039306640625,3885.89990234375,17380.0,17380.0
2021-09-15,773.4000244140625,714.3499755859375,1711.449951171875,1097.5850830078125,3954.550048828125,17519.44921875,17519.44921875
2021-09-16,779.9749755859375,727.2000122070312,1702.25,1120.6138916015625,3903.300048828125,17629.5,17629.5
2021-09-17,791.0750122070312,720.1500244140625,1691.300048828125,1103.2384033203125,3827.85009765625,17585.150390625,17585.150390625
2021-09-20,779.9249877929688,710.0,1687.8499755859375,1104.9921875,3823.5,17396.900390625,17396.900390625
2021-09-21,775.9749755859375,711.8499755859375,1718.449951171875,1109.7686767578125,3862.949951171875,17562.0,17562.0
2021-09-22,766.8499755859375,703.3499755859375,1716.9000244140625,1121.6754150390625,3862.14990234375,17546.650390625,17546.650390625
2021-09-23,785.0,717.0,1742.550048828125,1149.0885009765625,3869.25,17822.94921875,17822.94921875
2021-09-24,800.7750244140625,722.9500122070312,1763.8499755859375,1145.765625,3871.300048828125,17853.19921875,17853.19921875
2021-09-27,812.5499877929688,730.0,1721.1500244140625,1165.033203125,3836.949951171875,17855.099609375,17855.099609375
2021-09-28,807.5250244140625,717.1500244140625,1687.0999755859375,1175.9246826171875,3779.14990234375,17748.599609375,17748.599609375
2021-09-29,796.9249877929688,709.5,1692.25,1166.6024169921875,3791.89990234375,17711.30078125,17711.30078125
2021-09-30,797.4749755859375,700.8499755859375,1675.199951171875,1162.6334228515625,3775.550048828125,17618.150390625,17618.150390625
2021-10-01,791.3499755859375,692.3499755859375,1665.1500244140625,1164.6871337890625,3730.199951171875,17532.05078125,17532.05078125
2021-10-04,792.875,700.2000122070312,1678.75,1179.662841796875,3773.300048828125,17691.25,17691.25
2021-10-05,797.7249755859375,697.0999755859375,1692.800048828125,1204.1453857421875,3833.300048828125,17822.30078125,17822.30078125
2021-10-06,807.4500122070312,689.5,1673.550048828125,1181.370361328125,3810.89990234375,17646.0,17646.0
2021-10-07,805.25,702.2000122070312,1691.0,1187.1622314453125,3892.89990234375,17790.349609375,17790.349609375
2021-10-08,801.3250122070312,703.4000244140625,1723.8499755859375,1232.781494140625,3935.64990234375,17895.19921875,17895.19921875
2021-10-11,816.9000244140625,713.2999877929688,1690.949951171875,1224.197509765625,3685.60009765625,17945.94921875,17945.94921875
2021-10-12,814.7999877929688,708.5999755859375,1685.1500244140625,1231.189208984375,3652.85009765625,17991.94921875,17991.94921875
2021-10-13,819.7000122070312,709.9500122070312,1709.199951171875,1243.718994140625,3655.199951171875,18161.75,18161.75
2021-10-14,843.7000122070312,727.2999877929688,1715.75,1246.234130859375,3611.449951171875,18338.55078125,18338.55078125
2021-10-18,835.1500244140625,745.4500122070312,1792.1500244140625,1249.5570068359375,3647.14990234375,18477.05078125,18477.05078125
2021-10-19,844.3499755859375,747.4500122070312,1822.1500244140625,1260.748291015625,3634.14990234375,18418.75,18418.75
2021-10-20,836.9249877929688,745.8499755859375,1802.3499755859375,1246.234130859375,3608.85009765625,18266.599609375,18266.599609375
2021-10-21,838.1500244140625,755.5,1753.6500244140625,1210.2833251953125,3532.5,18178.099609375,18178.099609375
2021-10-22,840.375,759.2999877929688,1719.800048828125,1212.544677734375,3498.85009765625,18114.900390625,18114.900390625
2021-10-25,828.5,841.7000122070312,1707.550048828125,1200.730224609375,3492.949951171875,18125.400390625,18125.400390625
2021-10-26,826.375,829.4000244140625,1703.699951171875,1228.0740966796875,3482.60009765625,18268.400390625,18268.400390625
2021-10-27,821.4000244140625,835.0,1728.949951171875,1212.544677734375,3489.75,18210.94921875,18210.94921875
2021-10-28,796.7999877929688,798.7000122070312,1703.9000244140625,1199.25341796875,3421.64990234375,17857.25,17857.25
2021-10-29,791.4249877929688,802.0499877929688,1667.75,1170.47900390625,3397.75,17671.650390625,17671.650390625
2021-11-01,802.6500244140625,803.9000244140625,1700.050048828125,1171.1943359375,3476.39990234375,17929.650390625,17929.650390625
2021-11-02,803.375,800.9500122070312,1697.9000244140625,1154.1187744140625,3484.199951171875,17888.94921875,17888.94921875
2021-11-03,790.7249755859375,785.9500122070312,1702.5,1146.1810302734375,3492.25,17829.19921875,17829.19921875
2021-11-04,796.9749755859375,782.0999755859375,1708.699951171875,1153.2188720703125,3508.64990234375,17916.80078125,17916.80078125
2021-11-08,800.125,780.1500244140625,1737.5,1154.6495361328125,3502.75,18068.55078125,18068.55078125
2021-11-09,786.125,786.5499877929688,1742.5,1163.76416015625,3505.699951171875,18044.25,18044.25
2021-11-10,777.625,780.9000244140625,1740.1500244140625,1176.7784423828125,3484.300048828125,18017.19921875,18017.19921875
2021-11-11,774.1500244140625,771.4500122070312,1733.300048828125,1178.9244384765625,3488.199951171875,17873.599609375,17873.599609375
2021-11-12,776.5,776.5999755859375,1780.199951171875,1196.7152099609375,3526.050048828125,18102.75,18102.75
2021-11-15,778.625,773.2999877929688,1787.1500244140625,1189.654296875,3553.300048828125,18109.44921875,18109.44921875
2021-11-16,774.0,764.0499877929688,1792.300048828125,1162.010498046875,3556.39990234375,17999.19921875,17999.19921875
2021-11-17,765.4000244140625,761.2999877929688,1787.449951171875,1137.1356201171875,3521.89990234375,17898.650390625,17898.650390625
2021-11-18,769.7000122070312,762.9000244140625,1779.4000244140625,1141.427490234375,3475.699951171875,17764.80078125,17764.80078125
2021-11-22,757.6749877929688,752.0,1759.4000244140625,1090.8702392578125,3458.39990234375,17416.55078125,17416.55078125
2021-11-23,757.7750244140625,751.8499755859375,1736.9000244140625,1101.0693359375,3464.25,17503.349609375,17503.349609375
2021-11-24,759.0250244140625,760.2000122070312,1696.0,1085.1707763671875,3443.300048828125,17415.05078125,17415.05078125
2021-11-25,762.9749755859375,751.0499877929688,1722.4000244140625,1150.4959716796875,3445.89990234375,17536.25,17536.25
2021-11-26,744.9500122070312,722.2000122070312,1691.6500244140625,1113.41455078125,3446.85009765625,17026.44921875,17026.44921875
2021-11-29,750.625,718.4000244140625,1696.3499755859375,1126.7518310546875,3502.0,17053.94921875,17053.94921875
2021-11-30,746.7750244140625,714.3499755859375,1712.6500244140625,1110.0916748046875,3529.14990234375,16983.19921875,16983.19921875
2021-12-01,752.3250122070312,727.7000122070312,1714.9000244140625,1138.5201416015625,3577.800048828125,17166.900390625,17166.900390625
2021-12-02,762.875,722.4000244140625,1748.25,1145.8348388671875,3642.89990234375,17401.650390625,17401.650390625
2021-12-03,756.7750244140625,716.2999877929688,1735.550048828125,1111.406982421875,3640.449951171875,17196.69921875,17196.69921875
2021-12-06,751.9000244140625,709.5499877929688,1695.300048828125,1090.3394775390625,3536.39990234375,16912.25,16912.25
2021-12-07,762.8499755859375,734.6500244140625,1711.6500244140625,1099.223388671875,3584.5,17176.69921875,17176.69921875
2021-12-08,776.9000244140625,753.4000244140625,1753.3499755859375,1115.9527587890625,3626.89990234375,17469.75,17469.75
2021-12-09,763.4249877929688,755.0,1763.449951171875,1133.6512451171875,3601.75,17516.849609375,17516.849609375
2021-12-10,761.2750244140625,758.0,1759.25,1134.8050537109375,3636.800048828125,17511.30078125,17511.30078125
2021-12-13,755.5750122070312,754.0,1744.6500244140625,1112.0531005859375,3609.64990234375,17368.25,17368.25
2021-12-14,751.2249755859375,758.6500244140625,1752.1500244140625,1098.4388427734375,3623.800048828125,17324.900390625,17324.900390625
2021-12-15,750.0,752.25,1734.199951171875,1095.2314453125,3570.35009765625,17221.400390625,17221.400390625
2021-12-16,750.0499877929688,741.1500244140625,1771.5999755859375,1109.3994140625,3581.60009765625,17248.400390625,17248.400390625
2021-12-17,736.5250244140625,728.2999877929688,1820.8499755859375,1080.1173095703125,3584.35009765625,16985.19921875,16985.19921875
2021-12-20,712.8250122070312,709.9500122070312,1798.9000244140625,1050.9967041015625,3556.89990234375,16614.19921875,16614.19921875
2021-12-21,720.9000244140625,720.3499755859375,1811.5999755859375,1066.6414794921875,3608.300048828125,16770.849609375,16770.849609375
2021-12-22,722.5999755859375,732.7999877929688,1824.699951171875,1091.9547119140625,3630.75,16955.44921875,16955.44921875
2021-12-23,722.0499877929688,731.2999877929688,1857.5999755859375,1091.5625,3662.699951171875,17072.599609375,17072.599609375
2021-12-24,719.4500122070312,727.0999755859375,1863.5,1095.046875,3670.89990234375,17003.75,17003.75
2021-12-27,725.4000244140625,736.0,1866.1500244140625,1093.8699951171875,3696.10009765625,17086.25,17086.25
2021-12-28,730.4000244140625,735.7999877929688,1888.0,1106.8612060546875,3706.550048828125,17233.25,17233.25
2021-12-29,726.9249877929688,735.7000122070312,1885.550048828125,1108.75341796875,3694.699951171875,17213.599609375,17213.599609375
2021-12-30,730.75,735.7000122070312,1892.8499755859375,1088.7242431640625,3733.75,17203.94921875,17203.94921875
2021-12-31,739.7000122070312,740.1500244140625,1887.75,1092.90087890625,3738.35009765625,17354.05078125,17354.05078125
2022-01-03,759.8250122070312,764.7000122070312,1898.449951171875,1109.3763427734375,3817.75,17625.69921875,17625.69921875
2022-01-04,764.2750244140625,772.8499755859375,1899.1500244140625,1134.4127197265625,3884.75,17805.25,17805.25
2022-01-05,782.4249877929688,788.0499877929688,1844.6500244140625,1139.719970703125,3860.949951171875,17925.25,17925.25
2022-01-06,769.875,785.0499877929688,1817.800048828125,1115.21435546875,3807.449951171875,17745.900390625,17745.900390625
2022-01-07,775.2750244140625,793.25,1814.300048828125,1124.213623046875,3853.5,17812.69921875,17812.69921875
2022-01-10,779.5750122070312,810.75,1850.75,1125.1365966796875,3879.85009765625,18003.30078125,18003.30078125
2022-01-11,782.9500122070312,810.6500244140625,1855.5999755859375,1133.2359619140625,3915.89990234375,18055.75,18055.75
2022-01-12,778.3250122070312,823.75,1877.449951171875,1163.4871826171875,3859.89990234375,18212.349609375,18212.349609375
2022-01-13,764.0,824.7000122070312,1896.800048828125,1170.04052734375,3897.89990234375,18257.80078125,18257.80078125
2022-01-14,772.5750122070312,820.0,1929.3499755859375,1171.748046875,3968.14990234375,18255.75,18255.75
2022-01-17,760.75,819.2999877929688,1939.5,1177.8629150390625,4019.14990234375,18308.099609375,18308.099609375
2022-01-18,764.625,823.0999755859375,1920.75,1163.810302734375,3990.60009765625,18113.05078125,18113.05078125
2022-01-19,759.2249755859375,808.5999755859375,1867.050048828125,1163.718017578125,3914.64990234375,17938.400390625,17938.400390625
2022-01-20,754.5,810.25,1823.699951171875,1143.3427734375,3826.550048828125,17757.0,17757.0
2022-01-21,760.7999877929688,804.5,1785.699951171875,1143.52734375,3833.5,17617.150390625,17617.150390625
2022-01-24,743.3250122070312,798.4500122070312,1736.800048828125,1097.4005126953125,3771.35009765625,17149.099609375,17149.099609375
2022-01-25,744.0250244140625,801.6500244140625,1722.1500244140625,1095.2545166015625,3769.89990234375,17277.94921875,17277.94921875
2022-01-27,737.4749755859375,794.6500244140625,1678.5999755859375,1079.03271484375,3649.25,17110.150390625,17110.150390625
2022-01-28,731.625,781.1500244140625,1686.199951171875,1077.994384765625,3690.050048828125,17101.94921875,17101.94921875
2022-01-31,742.8499755859375,788.7999877929688,1736.199951171875,1101.41552734375,3736.25,17339.849609375,17339.849609375
2022-02-01,748.5,810.2999877929688,1772.050048828125,1097.7696533203125,3800.64990234375,17576.849609375,17576.849609375
2022-02-02,765.5999755859375,813.75,1787.0999755859375,1100.0079345703125,3856.199951171875,17780.0,17780.0
2022-02-03,757.6749877929688,808.9500122070312,1738.550048828125,1085.793701171875,3824.60009765625,17560.19921875,17560.19921875
2022-02-04,762.0,805.0499877929688,1741.0999755859375,1075.89453125,3814.89990234375,17516.30078125,17516.30078125
2022-02-07,734.0750122070312,786.4000244140625,1715.0,1069.34130859375,3779.0,17213.599609375,17213.599609375
2022-02-08,730.9249877929688,792.5,1717.300048828125,1087.316650390625,3743.449951171875,17266.75,17266.75
2022-02-09,748.7999877929688,802.7999877929688,1737.300048828125,1099.98486328125,3760.550048828125,17463.80078125,17463.80078125
2022-02-10,762.5499877929688,805.5,1769.5999755859375,1098.854248046875,3770.35009765625,17605.849609375,17605.849609375
2022-02-11,759.4249877929688,790.7999877929688,1721.3499755859375,1096.708251953125,3694.949951171875,17374.75,17374.75
2022-02-14,736.8499755859375,753.7000122070312,1682.199951171875,1079.240478515625,3733.75,16842.80078125,16842.80078125
2022-02-15,758.9000244140625,776.0499877929688,1738.25,1115.883544921875,3817.800048828125,17352.44921875,17352.44921875
2022-02-16,757.875,764.0499877929688,1733.300048828125,1113.5760498046875,3813.10009765625,17322.19921875,17322.19921875
2022-02-17,753.25,750.3499755859375,1724.800048828125,1127.6748046875,3784.199951171875,17304.599609375,17304.599609375
2022-02-18,756.1749877929688,748.9000244140625,1706.949951171875,1118.8602294921875,3793.89990234375,17276.30078125,17276.30078125
2022-02-21,761.0499877929688,754.4500122070312,1730.699951171875,1107.553466796875,3719.39990234375,17206.650390625,17206.650390625
2022-02-22,755.3499755859375,751.2999877929688,1734.3499755859375,1102.5230712890625,3586.39990234375,17092.19921875,17092.19921875
2022-02-23,750.4500122070312,744.5999755859375,1742.8499755859375,1095.6236572265625,3563.800048828125,17063.25,17063.25
2022-02-24,709.7000122070312,707.4000244140625,1678.1500244140625,1041.0281982421875,3401.64990234375,16247.9501953125,16247.9501953125
2022-02-25,728.0499877929688,730.0499877929688,1694.5999755859375,1054.0426025390625,3520.75,16658.400390625,16658.400390625
2022-02-28,713.125,742.7000122070312,1715.5999755859375,1088.931884765625,3554.199951171875,16793.900390625,16793.900390625
2022-03-02,687.125,714.8499755859375,1702.800048828125,1106.930419921875,3546.14990234375,16605.94921875,16605.94921875
2022-03-03,685.5,698.2999877929688,1720.8499755859375,1097.5850830078125,3544.39990234375,16498.05078125,16498.05078125
2022-03-04,683.25,688.0499877929688,1723.300048828125,1073.240966796875,3524.35009765625,16245.349609375,16245.349609375
2022-03-07,662.4000244140625,653.75,1739.8499755859375,1033.552001953125,3484.89990234375,15863.150390625,15863.150390625
2022-03-08,663.9000244140625,665.0,1778.199951171875,1031.682861328125,3599.949951171875,16013.4501953125,16013.4501953125
2022-03-09,685.5750122070312,667.4500122070312,1813.3499755859375,1086.416748046875,3632.60009765625,16345.349609375,16345.349609375
2022-03-10,696.3499755859375,676.5999755859375,1825.9000244140625,1104.02294921875,3620.949951171875,16594.900390625,16594.900390625
2022-03-11,698.4000244140625,677.9000244140625,1822.0,1107.207275390625,3599.14990234375,16630.44921875,16630.44921875
2022-03-14,721.2750244140625,696.1500244140625,1890.699951171875,1116.298828125,3643.0,16871.30078125,16871.30078125
2022-03-15,712.0,697.3499755859375,1839.300048828125,1090.7318115234375,3593.89990234375,16663.0,16663.0
2022-03-16,724.0750122070312,708.0,1889.4000244140625,1109.1456298828125,3655.89990234375,16975.349609375,16975.349609375
2022-03-17,740.0250244140625,720.0999755859375,1854.5999755859375,1145.30419921875,3672.75,17287.05078125,17287.05078125
2022-03-21,743.25,710.75,1853.050048828125,1138.7047119140625,3626.699951171875,17117.599609375,17117.599609375
2022-03-22,747.0750122070312,718.2000122070312,1887.4000244140625,1168.1253662109375,3700.949951171875,17315.5,17315.5
2022-03-23,739.625,718.2999877929688,1872.4000244140625,1171.84033203125,3712.39990234375,17245.650390625,17245.650390625
2022-03-24,721.3250122070312,704.2000122070312,1886.699951171875,1190.0465087890625,3749.85009765625,17222.75,17222.75
2022-03-25,715.4500122070312,699.25,1876.550048828125,1197.984375,3707.449951171875,17153.0,17153.0
2022-03-28,716.4000244140625,710.3499755859375,1873.9000244140625,1210.029541015625,3707.699951171875,17222.0,17222.0
2022-03-29,725.9000244140625,715.2999877929688,1886.0,1210.306396484375,3705.35009765625,17325.30078125,17325.30078125
2022-03-30,738.4749755859375,730.9000244140625,1903.949951171875,1233.5660400390625,3731.550048828125,17498.25,17498.25
2022-03-31,735.1749877929688,730.2999877929688,1906.8499755859375,1215.9366455078125,3739.949951171875,17464.75,17464.75
2022-04-01,753.0,736.25,1903.550048828125,1225.67431640625,3758.75,17670.44921875,17670.44921875
2022-04-04,828.4000244140625,746.5999755859375,1882.949951171875,1229.297119140625,3770.35009765625,18053.400390625,18053.400390625
2022-04-05,804.125,741.7999877929688,1861.0999755859375,1211.921630859375,3814.800048828125,17957.400390625,17957.400390625
2022-04-06,775.4249877929688,741.5999755859375,1828.8499755859375,1208.691162109375,3755.35009765625,17807.650390625,17807.650390625
2022-04-07,758.375,748.5499877929688,1811.0,1187.369873046875,3684.14990234375,17639.55078125,17639.55078125
2022-04-08,757.3250122070312,754.2999877929688,1814.5999755859375,1207.1220703125,3685.64990234375,17784.349609375,17784.349609375
2022-04-11,748.0750122070312,759.5999755859375,1766.550048828125,1204.60693359375,3696.39990234375,17674.94921875,17674.94921875
2022-04-12,746.75,763.8499755859375,1742.449951171875,1181.9241943359375,3691.10009765625,17530.30078125,17530.30078125
2022-04-13,732.4749755859375,762.25,1748.550048828125,1177.5860595703125,3661.949951171875,17475.650390625,17475.650390625
2022-04-18,697.7249755859375,757.7999877929688,1621.4000244140625,1173.986328125,3528.050048828125,17173.650390625,17173.650390625
2022-04-19,671.0999755859375,766.2999877929688,1562.0,1218.728759765625,3471.89990234375,16958.650390625,16958.650390625
2022-04-20,677.1500244140625,755.5499877929688,1587.699951171875,1254.564208984375,3556.800048828125,17136.55078125,17136.55078125
2022-04-21,687.1749877929688,762.3499755859375,1618.800048828125,1283.938720703125,3628.64990234375,17392.599609375,17392.599609375
2022-04-22,677.7999877929688,747.6500244140625,1585.449951171875,1273.185791015625,3612.550048828125,17171.94921875,17171.94921875
2022-04-25,682.875,752.2000122070312,1561.0999755859375,1243.7420654296875,3548.199951171875,16953.94921875,16953.94921875
2022-04-26,686.0250244140625,753.75,1581.0,1280.9620361328125,3546.300048828125,17200.80078125,17200.80078125
2022-04-27,686.2750244140625,736.7000122070312,1552.800048828125,1282.2081298828125,3561.199951171875,17038.400390625,17038.400390625
2022-04-28,685.6749877929688,747.1500244140625,1582.5999755859375,1301.3603515625,3584.300048828125,17245.05078125,17245.05078125
2022-04-29,692.2999877929688,743.2999877929688,1567.550048828125,1287.699951171875,3546.699951171875,17102.55078125,17102.55078125
2022-05-02,701.8499755859375,741.0,1541.0,1283.17724609375,3542.39990234375,17069.099609375,17069.099609375
2022-05-04,678.0,724.25,1535.550048828125,1243.1190185546875,3479.75,16677.599609375,16677.599609375
2022-05-05,676.4749755859375,728.7999877929688,1585.1500244140625,1218.77490234375,3513.39990234375,16682.650390625,16682.650390625
2022-05-06,658.7999877929688,719.25,1542.8499755859375,1209.4295654296875,3432.60009765625,16411.25,16411.25
2022-05-09,659.9249877929688,710.3499755859375,1570.3499755859375,1162.195068359375,3445.10009765625,16301.849609375,16301.849609375
2022-05-10,670.5250244140625,711.2999877929688,1553.0,1142.050537109375,3438.75,16240.0498046875,16240.0498046875
2022-05-11,674.2999877929688,714.2000122070312,1526.75,1130.3515625,3412.0,16167.099609375,16167.099609375
2022-05-12,651.5250244140625,695.7999877929688,1508.800048828125,1107.32275390625,3408.64990234375,15808.0,15808.0
2022-05-13,645.6749877929688,677.3499755859375,1504.4000244140625,1119.87548828125,3414.89990234375,15782.150390625,15782.150390625
2022-05-16,652.5499877929688,683.0,1489.0999755859375,1120.1524658203125,3376.800048828125,15842.2998046875,15842.2998046875
2022-05-17,657.0,710.0,1518.449951171875,1167.2022705078125,3451.60009765625,16259.2998046875,16259.2998046875
2022-05-18,656.9500122070312,707.3499755859375,1509.199951171875,1171.4481201171875,3448.800048828125,16240.2998046875,16240.2998046875
2022-05-19,643.5250244140625,690.2999877929688,1427.1500244140625,1144.4503173828125,3261.949951171875,15809.400390625,15809.400390625
2022-05-20,660.4749755859375,709.5499877929688,1455.1500244140625,1211.1832275390625,3293.0,16266.150390625,16266.150390625
2022-05-23,652.0,711.0499877929688,1468.4000244140625,1203.083984375,3321.75,16214.7001953125,16214.7001953125
2022-05-24,659.4749755859375,708.1500244140625,1441.0,1207.21435546875,3288.0,16125.150390625,16125.150390625
2022-05-25,664.4000244140625,713.3499755859375,1410.449951171875,1205.4376220703125,3167.64990234375,16025.7998046875,16025.7998046875
2022-05-26,683.3499755859375,728.5,1423.949951171875,1193.9462890625,3226.949951171875,16170.150390625,16170.150390625
2022-05-27,696.0250244140625,739.7999877929688,1461.3499755859375,1188.408203125,3261.300048828125,16352.4501953125,16352.4501953125
2022-05-30,700.7750244140625,748.5,1526.800048828125,1229.8048095703125,3375.25,16661.400390625,16661.400390625
2022-05-31,694.4749755859375,752.8499755859375,1503.5999755859375,1214.967529296875,3364.35009765625,16584.55078125,16584.55078125
2022-06-01,697.4249877929688,752.6500244140625,1478.550048828125,1215.35986328125,3355.199951171875,16522.75,16522.75
2022-06-02,692.5499877929688,749.75,1508.0,1257.2640380859375,3423.0,16628.0,16628.0
2022-06-03,690.1500244140625,744.2999877929688,1521.699951171875,1282.73876953125,3440.14990234375,16584.30078125,16584.30078125
2022-06-06,689.2249755859375,746.75,1530.050048828125,1277.223876953125,3430.949951171875,16569.55078125,16569.55078125
2022-06-07,681.2999877929688,735.25,1506.699951171875,1279.6236572265625,3362.699951171875,16416.349609375,16416.349609375
2022-06-08,683.7000122070312,729.5,1500.0,1257.148681640625,3404.14990234375,16356.25,16356.25
2022-06-09,688.8499755859375,732.75,1515.0,1291.6226806640625,3427.10009765625,16478.099609375,16478.099609375
2022-06-10,675.5499877929688,720.0,1476.800048828125,1252.6259765625,3359.89990234375,16201.7998046875,16201.7998046875
2022-06-13,663.2999877929688,688.0,1424.5,1228.9278564453125,3219.60009765625,15774.400390625,15774.400390625
2022-06-14,656.0,685.5,1440.550048828125,1212.86767578125,3210.550048828125,15732.099609375,15732.099609375
2022-06-15,653.7249755859375,687.25,1422.199951171875,1198.1920166015625,3206.300048828125,15692.150390625,15692.150390625
2022-06-16,640.6500244140625,678.5,1397.199951171875,1181.4395751953125,3142.0,15360.599609375,15360.599609375
2022-06-17,644.875,686.8499755859375,1387.300048828125,1195.2845458984375,3088.89990234375,15293.5,15293.5
2022-06-20,661.0750122070312,685.9500122070312,1414.1500244140625,1173.6171875,3112.39990234375,15350.150390625,15350.150390625
2022-06-21,668.2750244140625,696.0999755859375,1449.9000244140625,1192.561767578125,3211.949951171875,15638.7998046875,15638.7998046875
2022-06-22,665.125,686.5999755859375,1437.25,1156.333984375,3222.949951171875,15413.2998046875,15413.2998046875
2022-06-23,667.5750122070312,699.1500244140625,1452.449951171875,1137.573974609375,3308.800048828125,15556.650390625,15556.650390625
2022-06-24,676.9000244140625,713.4500122070312,1441.0999755859375,1153.772705078125,3293.10009765625,15699.25,15699.25
2022-06-27,678.125,717.3499755859375,1474.5999755859375,1150.3575439453125,3314.699951171875,15832.0498046875,15832.0498046875
2022-06-28,672.9500122070312,710.2999877929688,1480.1500244140625,1166.5330810546875,3318.14990234375,15850.2001953125,15850.2001953125
2022-06-29,671.9749755859375,702.75,1463.25,1190.73876953125,3290.5,15799.099609375,15799.099609375
2022-06-30,674.0,707.2000122070312,1461.9000244140625,1197.89208984375,3267.10009765625,15780.25,15780.25
2022-07-01,676.875,703.9000244140625,1479.4000244140625,1111.6146240234375,3315.10009765625,15752.0498046875,15752.0498046875
2022-07-04,677.8250122070312,720.0999755859375,1488.0,1113.922119140625,3235.050048828125,15835.349609375,15835.349609375
2022-07-05,676.2999877929688,719.4500122070312,1475.949951171875,1122.9444580078125,3216.300048828125,15810.849609375,15810.849609375
2022-07-06,685.625,725.9500122070312,1491.6500244140625,1113.068359375,3260.75,15989.7998046875,15989.7998046875
2022-07-07,697.9000244140625,742.0,1498.699951171875,1102.1077880859375,3287.85009765625,16132.900390625,16132.900390625
2022-07-08,698.5499877929688,755.7000122070312,1514.449951171875,1103.6307373046875,3265.449951171875,16220.599609375,16220.599609375
2022-07-11,703.0750122070312,769.5,1473.1500244140625,1118.6295166015625,3113.800048828125,16216.0,16216.0
2022-07-12,695.9000244140625,759.9000244140625,1438.5999755859375,1117.0372314453125,3084.699951171875,16058.2998046875,16058.2998046875
2022-07-13,678.9249877929688,753.2000122070312,1444.449951171875,1097.2388916015625,3038.75,15966.650390625,15966.650390625
2022-07-14,675.5250244140625,752.4000244140625,1428.8499755859375,1106.2843017578125,2998.75,15938.650390625,15938.650390625
2022-07-15,681.0250244140625,751.2000122070312,1430.3499755859375,1108.4302978515625,2994.60009765625,16049.2001953125,16049.2001953125
2022-07-18,673.7750244140625,772.0,1489.9000244140625,1117.8680419921875,3063.5,16278.5,16278.5
2022-07-19,674.0250244140625,780.6500244140625,1484.1500244140625,1124.7213134765625,3074.25,16340.5498046875,16340.5498046875
2022-07-20,682.5250244140625,783.0999755859375,1515.300048828125,1155.134033203125,3164.800048828125,16520.849609375,16520.849609375
2022-07-21,680.375,786.0,1532.9000244140625,1147.427001953125,3177.300048828125,16605.25,16605.25
2022-07-22,696.25,800.0499877929688,1506.300048828125,1155.1802978515625,3171.0,16719.44921875,16719.44921875
2022-07-25,698.2999877929688,800.9000244140625,1503.5999755859375,1117.01416015625,3166.75,16631.0,16631.0
2022-07-26,696.875,796.2999877929688,1451.1500244140625,1117.5218505859375,3115.89990234375,16483.849609375,16483.849609375
2022-07-27,702.2000122070312,800.5,1471.050048828125,1116.46044921875,3188.85009765625,16641.80078125,16641.80078125
2022-07-28,708.4249877929688,814.5999755859375,1517.4000244140625,1133.9512939453125,3260.5,16929.599609375,16929.599609375
2022-07-29,717.0999755859375,818.5999755859375,1549.699951171875,1158.1107177734375,3301.89990234375,17158.25,17158.25
2022-08-01,723.0750122070312,823.4000244140625,1551.050048828125,1188.2928466796875,3298.800048828125,17340.05078125,17340.05078125
2022-08-02,715.125,817.75,1543.5999755859375,1192.8155517578125,3291.800048828125,17345.44921875,17345.44921875
2022-08-03,716.7999877929688,824.7999877929688,1566.0999755859375,1202.830078125,3339.5,17388.150390625,17388.150390625
2022-08-04,715.9500122070312,820.25,1599.9000244140625,1186.931396484375,3354.949951171875,17382.0,17382.0
2022-08-05,713.5250244140625,838.2000122070312,1616.6500244140625,1169.4405517578125,3365.050048828125,17397.5,17397.5
2022-08-08,731.0250244140625,836.9500122070312,1619.4000244140625,1184.7392578125,3374.449951171875,17525.099609375,17525.099609375
2022-08-10,733.1500244140625,848.75,1602.449951171875,1191.8233642578125,3354.25,17534.75,17534.75
2022-08-11,742.8499755859375,859.7000122070312,1619.949951171875,1195.792236328125,3422.5,17659.0,17659.0
2022-08-12,742.5750122070312,874.4000244140625,1594.0999755859375,1215.1290283203125,3401.550048828125,17698.150390625,17698.150390625
2022-08-16,751.0750122070312,879.25,1596.449951171875,1223.574462890625,3392.699951171875,17825.25,17825.25
2022-08-17,754.9500122070312,883.25,1606.25,1229.96630859375,3401.10009765625,17944.25,17944.25
2022-08-18,755.8499755859375,885.0999755859375,1582.949951171875,1228.1895751953125,3381.25,17956.5,17956.5
2022-08-19,746.5250244140625,870.4000244140625,1597.0999755859375,1206.2913818359375,3385.75,17758.44921875,17758.44921875
2022-08-22,735.1749877929688,852.25,1575.6500244140625,1202.9454345703125,3354.550048828125,17490.69921875,17490.69921875
2022-08-23,732.9000244140625,863.9000244140625,1542.4000244140625,1221.497802734375,3284.60009765625,17577.5,17577.5
2022-08-24,736.4249877929688,873.2999877929688,1537.5,1218.244140625,3255.35009765625,17604.94921875,17604.94921875
2022-08-25,732.4249877929688,872.3499755859375,1518.1500244140625,1214.690673828125,3218.199951171875,17522.44921875,17522.44921875
2022-08-26,732.5499877929688,870.8499755859375,1521.550048828125,1208.20654296875,3222.199951171875,17558.900390625,17558.900390625
2022-08-29,719.7000122070312,855.8499755859375,1461.75,1198.8150634765625,3132.550048828125,17312.900390625,17312.900390625
2022-08-30,743.0499877929688,887.2999877929688,1492.949951171875,1217.4134521484375,3211.14990234375,17759.30078125,17759.30078125
2022-09-01,736.0750122070312,874.3499755859375,1464.199951171875,1181.6241455078125,3131.699951171875,17542.80078125,17542.80078125
2022-09-02,742.75,872.4000244140625,1453.0,1167.8253173828125,3130.39990234375,17539.44921875,17539.44921875
2022-09-05,747.5250244140625,882.4500122070312,1461.300048828125,1185.9622802734375,3133.39990234375,17665.80078125,17665.80078125
2022-09-06,744.6749877929688,883.6500244140625,1455.0999755859375,1198.44580078125,3127.050048828125,17655.599609375,17655.599609375
2022-09-07,741.1500244140625,876.2000122070312,1457.6500244140625,1191.4771728515625,3149.60009765625,17624.400390625,17624.400390625
2022-09-08,748.7999877929688,898.7999877929688,1475.9000244140625,1193.16162109375,3169.64990234375,17798.75,17798.75
2022-09-09,749.2999877929688,901.25,1511.6500244140625,1185.7315673828125,3217.64990234375,17833.349609375,17833.349609375
2022-09-12,746.7750244140625,907.2000122070312,1536.199951171875,1198.9996337890625,3242.949951171875,17936.349609375,17936.349609375
2022-09-13,756.5499877929688,910.0,1544.949951171875,1209.01416015625,3229.35009765625,18070.05078125,18070.05078125
2022-09-14,764.3250122070312,918.0999755859375,1475.4000244140625,1194.5230712890625,3120.39990234375,18003.75,18003.75
2022-09-15,760.3499755859375,917.5999755859375,1432.800048828125,1182.6856689453125,3104.35009765625,17877.400390625,17877.400390625
2022-09-16,746.375,909.0999755859375,1377.050048828125,1153.38037109375,3008.699951171875,17530.849609375,17530.849609375
2022-09-19,751.2999877929688,899.2000122070312,1390.300048828125,1154.8802490234375,3028.800048828125,17622.25,17622.25
2022-09-20,760.3499755859375,916.75,1388.550048828125,1155.0648193359375,3040.300048828125,17816.25,17816.25
2022-09-21,759.1749877929688,915.25,1377.25,1158.249267578125,3001.199951171875,17718.349609375,17718.349609375
2022-09-22,743.0,903.4000244140625,1367.949951171875,1147.334716796875,3007.39990234375,17629.80078125,17629.80078125
2022-09-23,723.0750122070312,882.25,1365.449951171875,1125.828857421875,2982.050048828125,17327.349609375,17327.349609375
2022-09-26,713.3250122070312,861.0499877929688,1380.25,1097.1466064453125,2994.39990234375,17016.30078125,17016.30078125
2022-09-27,706.9249877929688,852.5499877929688,1393.550048828125,1105.8690185546875,3017.449951171875,17007.400390625,17007.400390625
2022-09-28,694.7750244140625,849.5,1394.699951171875,1076.42529296875,3035.64990234375,16858.599609375,16858.599609375
2022-09-29,691.1749877929688,843.9000244140625,1398.6500244140625,1073.1256103515625,2997.300048828125,16818.099609375,16818.099609375
2022-09-30,710.6749877929688,862.0,1413.449951171875,1097.331298828125,3004.550048828125,17094.349609375,17094.349609375
2022-10-03,706.5999755859375,848.3499755859375,1393.75,1093.52392578125,2984.949951171875,16887.349609375,16887.349609375
2022-10-04,726.5,867.6500244140625,1429.4000244140625,1113.69140625,3091.14990234375,17274.30078125,17274.30078125
2022-10-06,718.5,885.4500122070312,1455.1500244140625,1117.7987060546875,3101.949951171875,17331.80078125,17331.80078125
2022-10-07,715.4000244140625,882.5499877929688,1451.199951171875,1122.5291748046875,3064.89990234375,17314.650390625,17314.650390625
2022-10-10,707.5,881.75,1462.6500244140625,1110.2763671875,3118.550048828125,17241.0,17241.0
2022-10-11,700.3250122070312,870.5999755859375,1423.800048828125,1088.17041015625,3069.550048828125,16983.55078125,16983.55078125
2022-10-12,704.9000244140625,868.3499755859375,1428.699951171875,1096.177490234375,3100.75,17123.599609375,17123.599609375
2022-10-13,696.7999877929688,853.5999755859375,1419.9000244140625,1099.661865234375,3103.300048828125,17014.349609375,17014.349609375
2022-10-14,719.5,870.25,1474.25,1094.07763671875,3099.14990234375,17185.69921875,17185.69921875
2022-10-17,723.2750244140625,885.2000122070312,1489.949951171875,1111.6376953125,3111.75,17311.80078125,17311.80078125
2022-10-18,721.9249877929688,896.9000244140625,1503.699951171875,1131.25146484375,3144.699951171875,17486.94921875,17486.94921875
2022-10-19,729.3250122070312,892.0999755859375,1485.449951171875,1150.9344482421875,3121.85009765625,17512.25,17512.25
2022-10-20,724.4000244140625,888.6500244140625,1500.9000244140625,1154.0264892578125,3157.300048828125,17563.94921875,17563.94921875
2022-10-21,719.2999877929688,907.1500244140625,1500.5,1140.6429443359375,3137.39990234375,17576.30078125,17576.30078125
2022-10-24,730.5250244140625,926.2999877929688,1517.8499755859375,1144.4503173828125,3161.699951171875,17730.75,17730.75
2022-10-25,725.4500122070312,925.0499877929688,1526.300048828125,1126.77490234375,3162.10009765625,17656.349609375,17656.349609375
2022-10-27,727.2000122070312,924.4000244140625,1523.949951171875,1131.205322265625,3157.39990234375,17736.94921875,17736.94921875
2022-10-28,729.3499755859375,907.8499755859375,1513.25,1165.81787109375,3163.25,17786.80078125,17786.80078125
2022-10-31,748.3499755859375,908.7000122070312,1537.6500244140625,1176.6400146484375,3193.14990234375,18012.19921875,18012.19921875
2022-11-01,756.625,908.5999755859375,1573.0,1167.525390625,3259.699951171875,18145.400390625,18145.400390625
2022-11-02,757.0999755859375,904.7000122070312,1553.300048828125,1174.8170166015625,3241.699951171875,18082.849609375,18082.849609375
2022-11-03,753.7750244140625,908.6500244140625,1530.75,1179.2012939453125,3206.75,18052.69921875,18052.69921875
2022-11-04,748.5750122070312,905.2999877929688,1514.0,1196.5537109375,3217.39990234375,18117.150390625,18117.150390625
2022-11-07,754.4000244140625,917.5,1507.449951171875,1202.9454345703125,3233.699951171875,18202.80078125,18202.80078125
2022-11-09,754.1749877929688,910.5,1511.199951171875,1201.74560546875,3216.050048828125,18157.0,18157.0
2022-11-10,762.375,910.7000122070312,1501.949951171875,1187.2083740234375,3205.64990234375,18028.19921875,18028.19921875
2022-11-11,805.5750122070312,906.5499877929688,1570.0999755859375,1214.5753173828125,3315.949951171875,18349.69921875,18349.69921875
2022-11-14,807.5250244140625,894.9500122070312,1585.300048828125,1208.691162109375,3335.5,18329.150390625,18329.150390625
2022-11-15,809.5,911.7000122070312,1594.0,1203.2685546875,3332.60009765625,18403.400390625,18403.400390625
2022-11-16,816.4500122070312,913.5999755859375,1602.800048828125,1196.369140625,3355.35009765625,18409.650390625,18409.650390625
2022-11-17,809.0750122070312,919.7999877929688,1587.4000244140625,1199.461181640625,3349.0,18343.900390625,18343.900390625
2022-11-18,806.9500122070312,920.3499755859375,1593.4000244140625,1198.8150634765625,3343.449951171875,18307.650390625,18307.650390625
2022-11-21,798.6749877929688,921.4000244140625,1568.199951171875,1177.239990234375,3283.5,18159.94921875,18159.94921875
2022-11-22,797.5,923.7000122070312,1585.050048828125,1183.7701416015625,3314.949951171875,18244.19921875,18244.19921875
2022-11-23,799.5750122070312,927.4500122070312,1583.1500244140625,1180.078125,3308.300048828125,18267.25,18267.25
2022-11-24,812.5750122070312,938.8499755859375,1629.800048828125,1190.2542724609375,3380.14990234375,18484.099609375,18484.099609375
2022-11-25,808.8250122070312,930.2999877929688,1635.6500244140625,1208.02197265625,3389.64990234375,18512.75,18512.75
2022-11-28,800.125,937.4000244140625,1623.4000244140625,1249.533935546875,3395.25,18562.75,18562.75
2022-11-29,798.9249877929688,946.75,1629.050048828125,1251.6798095703125,3397.35009765625,18618.05078125,18618.05078125
2022-11-30,804.2249755859375,952.9000244140625,1634.949951171875,1260.517578125,3390.800048828125,18758.349609375,18758.349609375
2022-12-01,809.75,940.2000122070312,1657.0999755859375,1256.802490234375,3475.64990234375,18812.5,18812.5
2022-12-02,803.5499877929688,930.5999755859375,1637.9000244140625,1256.271728515625,3439.14990234375,18696.099609375,18696.099609375
2022-12-05,806.4749755859375,933.5999755859375,1639.75,1237.9501953125,3425.89990234375,18701.05078125,18701.05078125
2022-12-06,805.5750122070312,922.6500244140625,1612.9000244140625,1241.52685546875,3385.35009765625,18642.75,18642.75
2022-12-07,805.2249755859375,922.1500244140625,1605.5,1223.205322265625,3380.60009765625,18560.5,18560.5
2022-12-08,809.75,931.9000244140625,1620.1500244140625,1222.62841796875,3350.550048828125,18609.349609375,18609.349609375
2022-12-09,815.5250244140625,929.9000244140625,1569.300048828125,1204.0992431640625,3292.75,18496.599609375,18496.599609375
2022-12-12,821.875,930.2999877929688,1547.199951171875,1205.9451904296875,3286.449951171875,18497.150390625,18497.150390625
2022-12-13,824.1500244140625,932.9500122070312,1572.1500244140625,1211.4371337890625,3332.10009765625,18608.0,18608.0
2022-12-14,831.125,921.75,1579.4000244140625,1207.0528564453125,3365.35009765625,18660.30078125,18660.30078125
2022-12-15,815.9000244140625,908.7999877929688,1540.5,1189.9080810546875,3305.10009765625,18414.900390625,18414.900390625
2022-12-16,819.8250122070312,902.0,1522.199951171875,1184.02392578125,3240.25,18269.0,18269.0
2022-12-19,822.375,906.4500122070312,1507.3499755859375,1199.5765380859375,3202.050048828125,18420.44921875,18420.44921875
2022-12-20,816.7000122070312,909.7000122070312,1507.300048828125,1209.9603271484375,3243.949951171875,18385.30078125,18385.30078125
2022-12-21,808.7999877929688,892.25,1509.550048828125,1192.746337890625,3268.550048828125,18199.099609375,18199.099609375
2022-12-22,806.0250244140625,890.6500244140625,1522.050048828125,1189.654296875,3259.699951171875,18127.349609375,18127.349609375
2022-12-23,798.8250122070312,878.9000244140625,1497.0999755859375,1154.764892578125,3228.35009765625,17806.80078125,17806.80078125
2022-12-26,814.7249755859375,893.2000122070312,1502.4000244140625,1164.8486328125,3252.89990234375,18014.599609375,18014.599609375
2022-12-27,815.5499877929688,900.6500244140625,1514.8499755859375,1174.378662109375,3259.5,18132.30078125,18132.30078125
2022-12-28,814.9000244140625,898.9500122070312,1510.1500244140625,1174.2633056640625,3257.10009765625,18122.5,18122.5
2022-12-29,820.6500244140625,908.0499877929688,1517.550048828125,1173.7325439453125,3268.75,18191.0,18191.0
2022-12-30,814.0750122070312,890.8499755859375,1508.199951171875,1175.5323486328125,3256.699951171875,18105.30078125,18105.30078125
2023-01-02,814.3499755859375,902.4500122070312,1524.0,1188.7774658203125,3261.449951171875,18197.44921875,18197.44921875
2023-01-03,819.6749877929688,901.3499755859375,1522.550048828125,1180.078125,3311.35009765625,18232.55078125,18232.55078125
2023-01-04,805.0250244140625,899.0999755859375,1494.800048828125,1162.3104248046875,3314.64990234375,18042.94921875,18042.94921875
2023-01-05,799.8499755859375,879.1500244140625,1475.199951171875,1160.233642578125,3311.10009765625,17992.150390625,17992.150390625
2023-01-06,797.2000122070312,870.0999755859375,1448.5,1170.7789306640625,3211.550048828125,17859.44921875,17859.44921875
2023-01-09,798.75,873.3499755859375,1484.449951171875,1198.4227294921875,3319.949951171875,18101.19921875,18101.19921875
2023-01-10,784.1500244140625,861.3499755859375,1469.75,1180.701171875,3286.39990234375,17914.150390625,17914.150390625
2023-01-11,795.4500122070312,866.2999877929688,1471.25,1165.81787109375,3328.699951171875,17895.69921875,17895.69921875
2023-01-12,799.7000122070312,860.6500244140625,1480.5999755859375,1140.6429443359375,3334.35009765625,17858.19921875,17858.19921875
2023-01-13,800.3250122070312,873.4500122070312,1503.6500244140625,1138.7969970703125,3374.550048828125,17956.599609375,17956.599609375
2023-01-16,792.6500244140625,865.25,1525.5,1127.9517822265625,3334.050048828125,17894.849609375,17894.849609375
2023-01-17,804.4500122070312,865.1500244140625,1539.5,1143.9658203125,3378.39990234375,18053.30078125,18053.30078125
2023-01-18,818.6500244140625,869.5,1545.4000244140625,1142.0736083984375,3390.0,18165.349609375,18165.349609375
2023-01-19,822.0499877929688,866.1500244140625,1538.9000244140625,1140.8507080078125,3373.10009765625,18107.849609375,18107.849609375
2023-01-20,830.4749755859375,870.3499755859375,1525.550048828125,1127.2825927734375,3363.10009765625,18027.650390625,18027.650390625
2023-01-23,836.5499877929688,871.7000122070312,1548.0,1121.5830078125,3414.89990234375,18118.55078125,18118.55078125
2023-01-24,847.75,870.75,1551.9000244140625,1114.9605712890625,3436.300048828125,18118.30078125,18118.30078125
2023-01-25,824.3250122070312,855.2999877929688,1543.0,1099.54638671875,3429.75,17891.94921875,17891.94921875
2023-01-27,807.9000244140625,817.2000122070312,1519.1500244140625,1078.6866455078125,3411.050048828125,17604.349609375,17604.349609375
2023-01-30,807.0750122070312,823.5,1538.800048828125,1089.0242919921875,3433.64990234375,17648.94921875,17648.94921875
2023-01-31,801.75,831.9000244140625,1533.75,1086.3013916015625,3358.699951171875,17662.150390625,17662.150390625
2023-02-01,813.7750244140625,847.9500122070312,1551.0999755859375,1079.863525390625,3408.35009765625,17616.30078125,17616.30078125
2023-02-02,801.6749877929688,857.9000244140625,1583.75,1073.8870849609375,3460.39990234375,17610.400390625,17610.400390625
2023-02-03,829.4000244140625,863.7999877929688,1599.4000244140625,1074.8331298828125,3482.300048828125,17854.05078125,17854.05078125
2023-02-06,825.875,853.7000122070312,1569.8499755859375,1066.7337646484375,3459.949951171875,17764.599609375,17764.599609375
2023-02-07,827.0999755859375,852.75,1562.4000244140625,1064.1724853515625,3472.550048828125,17721.5,17721.5
2023-02-08,827.0,859.0999755859375,1590.5,1085.424560546875,3520.10009765625,17871.69921875,17871.69921875
2023-02-09,825.2750244140625,860.7999877929688,1617.0,1087.316650390625,3540.85009765625,17893.44921875,17893.44921875
2023-02-10,828.5499877929688,853.8499755859375,1608.550048828125,1078.3636474609375,3537.550048828125,17856.5,17856.5
2023-02-13,829.1749877929688,850.6500244140625,1567.449951171875,1072.2257080078125,3482.39990234375,17770.900390625,17770.900390625
2023-02-14,836.8499755859375,865.2999877929688,1593.25,1097.4927978515625,3500.10009765625,17929.849609375,17929.849609375
2023-02-15,835.1500244140625,870.7999877929688,1597.050048828125,1122.344482421875,3520.64990234375,18015.849609375,18015.849609375
2023-02-16,832.125,869.4500122070312,1601.800048828125,1121.4676513671875,3558.050048828125,18035.849609375,18035.849609375
2023-02-17,827.9500122070312,862.6500244140625,1583.800048828125,1126.15185546875,3501.14990234375,17944.19921875,17944.19921875
2023-02-20,820.1749877929688,852.0999755859375,1592.449951171875,1114.2452392578125,3487.300048828125,17844.599609375,17844.599609375
2023-02-21,823.25,854.2000122070312,1579.5,1123.3367919921875,3451.0,17826.69921875,17826.69921875
2023-02-22,807.0999755859375,839.25,1561.800048828125,1097.8619384765625,3401.550048828125,17554.30078125,17554.30078125
2023-02-23,801.625,839.75,1550.699951171875,1092.600830078125,3413.800048828125,17511.25,17511.25
2023-02-24,794.4749755859375,839.7000122070312,1550.6500244140625,1100.0771484375,3400.449951171875,17465.80078125,17465.80078125
2023-02-27,796.4500122070312,856.4000244140625,1509.300048828125,1092.7623291015625,3331.85009765625,17392.69921875,17392.69921875
2023-02-28,799.7999877929688,854.8499755859375,1487.550048828125,1071.8564453125,3312.85009765625,17303.94921875,17303.94921875
2023-03-01,799.0250244140625,856.2999877929688,1496.050048828125,1081.70947265625,3385.699951171875,17450.900390625,17450.900390625
2023-03-02,792.2249755859375,854.0,1472.1500244140625,1073.4716796875,3321.449951171875,17321.900390625,17321.900390625
2023-03-03,807.9500122070312,868.5499877929688,1479.300048828125,1100.8616943359375,3342.14990234375,17594.349609375,17594.349609375
2023-03-06,813.6500244140625,867.75,1507.449951171875,1111.6146240234375,3371.85009765625,17711.44921875,17711.44921875
2023-03-08,815.2750244140625,872.0999755859375,1492.699951171875,1115.606689453125,3390.39990234375,17754.400390625,17754.400390625
2023-03-09,815.3499755859375,855.9500122070312,1480.4000244140625,1088.79345703125,3336.85009765625,17589.599609375,17589.599609375
2023-03-10,794.3250122070312,842.6500244140625,1471.550048828125,1071.9256591796875,3331.0,17412.900390625,17412.900390625
2023-03-13,784.2750244140625,828.4000244140625,1435.0999755859375,1054.29638671875,3281.949951171875,17154.30078125,17154.30078125
2023-03-14,782.1749877929688,830.3499755859375,1420.0,1050.3505859375,3214.949951171875,17043.30078125,17043.30078125
2023-03-15,770.9500122070312,825.9000244140625,1419.6500244140625,1032.398193359375,3198.89990234375,16972.150390625,16972.150390625
2023-03-16,775.9500122070312,823.9000244140625,1404.0999755859375,1027.25244140625,3185.0,16985.599609375,16985.599609375
2023-03-17,786.3250122070312,836.25,1420.699951171875,1025.9603271484375,3179.300048828125,17100.05078125,17100.05078125
2023-03-20,780.875,836.4500122070312,1403.6500244140625,1015.8765258789062,3143.300048828125,16988.400390625,16988.400390625
2023-03-21,789.7249755859375,852.4000244140625,1390.699951171875,1047.4661865234375,3106.10009765625,17107.5,17107.5
2023-03-22,787.9000244140625,860.2000122070312,1389.25,1050.6505126953125,3130.800048828125,17151.900390625,17151.900390625
2023-03-23,781.5750122070312,855.4500122070312,1374.550048828125,1037.359375,3124.64990234375,17076.900390625,17076.900390625
2023-03-24,780.3250122070312,852.4000244140625,1380.6500244140625,1016.8225708007812,3120.5,16945.05078125,16945.05078125
2023-03-27,783.7249755859375,848.7000122070312,1388.949951171875,1032.62890625,3122.300048828125,16985.69921875,16985.69921875
2023-03-28,790.0999755859375,854.75,1377.5999755859375,1037.45166015625,3115.89990234375,16951.69921875,16951.69921875
2023-03-29,793.9000244140625,851.0,1383.550048828125,1031.313720703125,3138.89990234375,17080.69921875,17080.69921875
2023-03-31,804.7750244140625,877.25,1427.949951171875,1075.7791748046875,3205.89990234375,17359.75,17359.75
2023-04-03,805.2750244140625,883.7999877929688,1410.8499755859375,1075.9637451171875,3200.0,17398.05078125,17398.05078125
2023-04-05,826.875,884.5999755859375,1423.550048828125,1073.37939453125,3239.800048828125,17557.05078125,17557.05078125
2023-04-06,833.1749877929688,875.0,1421.9000244140625,1080.5787353515625,3220.699951171875,17599.150390625,17599.150390625
2023-04-10,829.2249755859375,868.4500122070312,1427.5999755859375,1072.9178466796875,3263.39990234375,17624.05078125,17624.05078125
2023-04-11,831.6500244140625,881.9000244140625,1406.1500244140625,1078.22509765625,3213.800048828125,17722.30078125,17722.30078125
2023-04-12,842.4500122070312,890.1500244140625,1428.300048828125,1082.9786376953125,3241.64990234375,17812.400390625,17812.400390625
2023-04-13,846.2249755859375,899.0,1389.199951171875,1087.0628662109375,3188.85009765625,17828.0,17828.0
2023-04-17,833.3250122070312,901.2999877929688,1258.300048828125,1092.5777587890625,3139.5,17706.849609375,17706.849609375
2023-04-18,829.7999877929688,896.8499755859375,1259.3499755859375,1080.0711669921875,3130.75,17660.150390625,17660.150390625
2023-04-19,832.8499755859375,891.9000244140625,1232.199951171875,1085.4476318359375,3089.60009765625,17618.75,17618.75
2023-04-20,835.9500122070312,894.4000244140625,1223.4000244140625,1082.70166015625,3104.800048828125,17624.44921875,17624.44921875
2023-04-21,837.2999877929688,885.6500244140625,1227.3499755859375,1084.0631103515625,3160.85009765625,17624.05078125,17624.05078125
2023-04-24,844.0750122070312,904.75,1226.300048828125,1088.2166748046875,3174.800048828125,17743.400390625,17743.400390625
2023-04-25,832.0750122070312,913.4500122070312,1224.9000244140625,1096.546630859375,3176.0,17769.25,17769.25
2023-04-26,835.9000244140625,914.9500122070312,1227.550048828125,1090.1087646484375,3198.14990234375,17813.599609375,17813.599609375
2023-04-27,840.5,918.3499755859375,1246.25,1097.0081787109375,3187.949951171875,17915.05078125,17915.05078125
2023-04-28,843.7999877929688,917.6500244140625,1252.75,1117.060302734375,3219.25,18065.0,18065.0
2023-05-02,843.625,922.0999755859375,1277.449951171875,1126.544189453125,3219.39990234375,18147.650390625,18147.650390625
2023-05-03,846.5750122070312,922.8499755859375,1269.1500244140625,1116.875732421875,3179.89990234375,18089.849609375,18089.849609375
2023-05-04,863.9000244140625,921.7000122070312,1273.550048828125,1129.7515869140625,3220.699951171875,18255.80078125,18255.80078125
2023-05-05,812.8250122070312,926.9500122070312,1259.0999755859375,1126.8671875,3230.699951171875,18069.0,18069.0
2023-05-08,822.2249755859375,937.9000244140625,1265.5999755859375,1140.781494140625,3250.60009765625,18264.400390625,18264.400390625
2023-05-09,822.25,934.4000244140625,1270.699951171875,1144.3118896484375,3283.25,18265.94921875,18265.94921875
2023-05-10,826.0499877929688,936.0499877929688,1263.25,1152.1805419921875,3286.800048828125,18315.099609375,18315.099609375
2023-05-11,826.5999755859375,939.2000122070312,1256.0999755859375,1144.6580810546875,3282.14990234375,18297.0,18297.0
2023-05-12,833.9000244140625,943.9000244140625,1245.199951171875,1146.527099609375,3274.300048828125,18314.80078125,18314.80078125
2023-05-15,837.9000244140625,945.75,1258.3499755859375,1148.7884521484375,3255.050048828125,18398.849609375,18398.849609375
2023-05-16,823.6500244140625,946.3499755859375,1264.300048828125,1132.4283447265625,3258.14990234375,18286.5,18286.5
2023-05-17,819.2249755859375,939.3499755859375,1246.9000244140625,1125.736572265625,3208.699951171875,18181.75,18181.75
2023-05-18,822.5,946.5,1246.0,1123.313720703125,3199.85009765625,18129.94921875,18129.94921875
2023-05-19,823.4500122070312,954.2999877929688,1268.9000244140625,1126.95947265625,3222.85009765625,18203.400390625,18203.400390625
2023-05-22,820.5250244140625,950.3499755859375,1292.800048828125,1132.9820556640625,3298.699951171875,18314.400390625,18314.400390625
2023-05-23,818.5999755859375,953.4000244140625,1300.050048828125,1132.7744140625,3297.050048828125,18348.0,18348.0
2023-05-24,807.9000244140625,940.6500244140625,1298.6500244140625,1126.1749267578125,3303.35009765625,18285.400390625,18285.400390625
2023-05-25,804.7999877929688,939.8499755859375,1304.3499755859375,1126.0364990234375,3293.5,18321.150390625,18321.150390625
2023-05-26,807.9000244140625,950.7000122070312,1317.449951171875,1156.7493896484375,3328.89990234375,18499.349609375,18499.349609375
2023-05-29,817.75,948.1500244140625,1314.4000244140625,1163.2564697265625,3320.35009765625,18598.650390625,18598.650390625
2023-05-30,818.375,949.9500122070312,1323.8499755859375,1162.95654296875,3316.199951171875,18633.849609375,18633.849609375
2023-05-31,805.4249877929688,949.1500244140625,1318.300048828125,1139.8583984375,3289.5,18534.400390625,18534.400390625
2023-06-01,802.0,936.0999755859375,1319.5,1136.7894287109375,3324.0,18487.75,18487.75
2023-06-02,803.25,938.1500244140625,1299.0,1133.0743408203125,3305.60009765625,18534.099609375,18534.099609375
2023-06-05,802.2000122070312,946.75,1304.5,1143.25048828125,3288.89990234375,18593.849609375,18593.849609375
2023-06-06,799.7000122070312,942.0999755859375,1279.0,1144.2196044921875,3232.300048828125,18599.0,18599.0
2023-06-07,803.8499755859375,940.2000122070312,1288.949951171875,1152.8958740234375,3274.89990234375,18726.400390625,18726.400390625
2023-06-08,804.3499755859375,937.9000244140625,1282.800048828125,1153.5880126953125,3236.449951171875,18634.55078125,18634.55078125
2023-06-09,805.2999877929688,938.0499877929688,1265.949951171875,1145.4195556640625,3209.300048828125,18563.400390625,18563.400390625
2023-06-12,800.4000244140625,935.9500122070312,1291.949951171875,1146.434814453125,3246.89990234375,18601.5,18601.5
2023-06-13,801.75,943.5499877929688,1304.8499755859375,1163.371826171875,3243.699951171875,18716.150390625,18716.150390625
2023-06-14,800.875,939.7999877929688,1300.4000244140625,1177.6783447265625,3251.050048828125,18755.900390625,18755.900390625
2023-06-15,791.0250244140625,926.5999755859375,1286.800048828125,1178.00146484375,3216.300048828125,18688.099609375,18688.099609375
2023-06-16,801.375,934.2000122070312,1291.6500244140625,1189.4697265625,3174.89990234375,18826.0,18826.0
2023-06-19,802.0750122070312,923.1500244140625,1294.0,1177.6552734375,3210.39990234375,18755.44921875,18755.44921875
2023-06-20,803.75,925.5499877929688,1303.4000244140625,1180.1011962890625,3227.699951171875,18816.69921875,18816.69921875
2023-06-21,817.7999877929688,924.7000122070312,1299.3499755859375,1183.424072265625,3258.199951171875,18856.849609375,18856.849609375
2023-06-22,821.7999877929688,925.75,1281.550048828125,1170.1328125,3238.5,18771.25,18771.25
2023-06-23,821.75,923.5,1265.0,1160.5567626953125,3216.35009765625,18665.5,18665.5
2023-06-26,817.7750244140625,927.4500122070312,1270.3499755859375,1151.6959228515625,3189.64990234375,18691.19921875,18691.19921875
2023-06-27,829.2999877929688,936.0999755859375,1279.1500244140625,1152.111328125,3197.35009765625,18817.400390625,18817.400390625
2023-06-28,838.0750122070312,937.4500122070312,1293.3499755859375,1167.3638916015625,3215.449951171875,18972.099609375,18972.099609375
2023-06-30,850.7000122070312,934.5999755859375,1335.5,1176.93994140625,3302.25,19189.05078125,19189.05078125
2023-07-03,859.9000244140625,942.5499877929688,1333.699951171875,1207.1451416015625,3272.300048828125,19322.55078125,19322.55078125
2023-07-04,864.0999755859375,944.7000122070312,1345.1500244140625,1194.707763671875,3308.85009765625,19389.0,19389.0
2023-07-05,836.6500244140625,958.0,1347.300048828125,1192.746337890625,3319.949951171875,19398.5,19398.5
2023-07-06,837.5,959.4000244140625,1343.9000244140625,1217.78271484375,3322.89990234375,19497.30078125,19497.30078125
2023-07-07,830.2000122070312,946.4000244140625,1330.199951171875,1215.406005859375,3329.25,19331.80078125,19331.80078125
2023-07-10,828.2249755859375,948.4000244140625,1329.1500244140625,1262.22509765625,3271.949951171875,19355.900390625,19355.900390625
2023-07-11,824.2000122070312,944.9500122070312,1348.5999755859375,1275.9085693359375,3272.39990234375,19439.400390625,19439.400390625
2023-07-12,816.4749755859375,944.4000244140625,1333.300048828125,1277.316162109375,3259.89990234375,19384.30078125,19384.30078125
2023-07-13,820.5499877929688,955.7000122070312,1365.0999755859375,1265.89404296875,3340.550048828125,19413.75,19413.75
2023-07-14,822.25,960.0499877929688,1425.949951171875,1264.8326416015625,3514.64990234375,19564.5,19564.5
2023-07-17,839.4500122070312,968.7000122070312,1422.949951171875,1290.6766357421875,3491.699951171875,19711.44921875,19711.44921875
2023-07-18,838.75,975.4500122070312,1475.199951171875,1301.63720703125,3496.85009765625,19749.25,19749.25
2023-07-19,842.5499877929688,973.4500122070312,1474.949951171875,1311.5133056640625,3470.050048828125,19833.150390625,19833.150390625
2023-07-20,844.375,995.5999755859375,1449.5,1309.925048828125,3463.300048828125,19979.150390625,19979.150390625
2023-07-21,837.875,997.0,1331.5999755859375,1269.375,3368.300048828125,19745.0,19745.0
2023-07-24,839.2000122070312,992.0,1336.5999755859375,1243.699951171875,3394.75,19672.349609375,19672.349609375
2023-07-25,848.2999877929688,994.7000122070312,1334.5999755859375,1242.9000244140625,3399.14990234375,19680.599609375,19680.599609375
2023-07-26,845.3499755859375,996.4500122070312,1348.8499755859375,1263.0999755859375,3388.300048828125,19778.30078125,19778.30078125
2023-07-27,836.5750122070312,990.25,1353.1500244140625,1251.3499755859375,3396.89990234375,19659.900390625,19659.900390625
2023-07-28,821.75,996.2000122070312,1340.5,1263.925048828125,3355.39990234375,19646.05078125,19646.05078125
2023-07-31,825.5999755859375,998.2999877929688,1355.699951171875,1274.625,3421.449951171875,19753.80078125,19753.80078125
2023-08-01,831.125,994.5499877929688,1365.199951171875,1256.5999755859375,3452.050048828125,19733.55078125,19733.55078125
2023-08-02,820.25,986.9500122070312,1356.8499755859375,1243.175048828125,3440.64990234375,19526.55078125,19526.55078125
2023-08-03,814.3250122070312,965.0,1364.300048828125,1237.949951171875,3399.949951171875,19381.650390625,19381.650390625
2023-08-04,826.0999755859375,970.5,1378.3499755859375,1254.7750244140625,3443.550048828125,19517.0,19517.0
2023-08-07,825.625,975.6500244140625,1393.0,1261.925048828125,3484.050048828125,19597.30078125,19597.30078125
2023-08-08,824.9500122070312,979.9000244140625,1390.199951171875,1254.324951171875,3470.60009765625,19570.849609375,19570.849609375
2023-08-09,825.25,972.7000122070312,1394.4000244140625,1262.5999755859375,3462.5,19632.55078125,19632.55078125
2023-08-10,817.9249877929688,964.0999755859375,1389.0999755859375,1268.2249755859375,3442.10009765625,19543.099609375,19543.099609375
2023-08-11,809.4000244140625,952.8499755859375,1371.8499755859375,1273.574951171875,3448.800048828125,19428.30078125,19428.30078125
2023-08-14,805.4500122070312,959.5499877929688,1393.550048828125,1288.625,3449.85009765625,19434.55078125,19434.55078125
2023-08-16,803.0999755859375,956.5,1418.5,1287.574951171875,3458.39990234375,19465.0,19465.0
2023-08-17,798.6500244140625,951.6500244140625,1411.550048828125,1269.0,3435.75,19365.25,19365.25
2023-08-18,795.375,950.6500244140625,1388.800048828125,1278.4000244140625,3367.10009765625,19310.150390625,19310.150390625
2023-08-21,794.75,955.2000122070312,1405.4000244140625,1260.0,3401.64990234375,19393.599609375,19393.599609375
2023-08-22,791.3499755859375,952.0,1403.75,1259.699951171875,3382.14990234375,19396.44921875,19396.44921875
2023-08-23,793.2999877929688,966.8499755859375,1407.949951171875,1261.0999755859375,3398.25,19444.0,19444.0
2023-08-24,789.6500244140625,968.9500122070312,1423.5999755859375,1239.9000244140625,3387.75,19386.69921875,19386.69921875
2023-08-25,780.75,970.4000244140625,1420.0999755859375,1234.175048828125,3381.300048828125,19265.80078125,19265.80078125
2023-08-28,788.875,970.5499877929688,1415.6500244140625,1221.875,3375.550048828125,19306.05078125,19306.05078125
2023-08-29,795.1500244140625,967.75,1417.6500244140625,1210.175048828125,3376.14990234375,19342.650390625,19342.650390625
2023-08-30,789.3499755859375,958.9000244140625,1435.1500244140625,1209.0250244140625,3390.949951171875,19347.44921875,19347.44921875
2023-08-31,785.7249755859375,958.75,1435.449951171875,1203.5,3356.800048828125,19253.80078125,19253.80078125
2023-09-01,787.3499755859375,968.7000122070312,1443.8499755859375,1206.324951171875,3379.199951171875,19435.30078125,19435.30078125
2023-09-04,792.2750244140625,967.3499755859375,1465.0999755859375,1205.3499755859375,3418.5,19528.80078125,19528.80078125
2023-09-05,787.4500122070312,968.4000244140625,1478.9000244140625,1211.800048828125,3429.35009765625,19574.900390625,19574.900390625
2023-09-06,797.75,957.5,1477.449951171875,1214.3499755859375,3429.89990234375,19611.05078125,19611.05078125
2023-09-07,805.4249877929688,965.6500244140625,1466.199951171875,1216.0,3455.25,19727.05078125,19727.05078125
2023-09-08,811.7000122070312,970.5499877929688,1469.5999755859375,1224.0999755859375,3441.89990234375,19819.94921875,19819.94921875
2023-09-11,815.9000244140625,978.25,1476.449951171875,1237.300048828125,3480.64990234375,19996.349609375,19996.349609375
2023-09-12,818.4500122070312,990.5,1501.0999755859375,1219.425048828125,3580.800048828125,19993.19921875,19993.19921875
2023-09-13,821.9500122070312,989.7999877929688,1498.3499755859375,1225.5250244140625,3567.85009765625,20070.0,20070.0
2023-09-14,821.4500122070312,987.7000122070312,1506.949951171875,1226.6500244140625,3560.050048828125,20103.099609375,20103.099609375
2023-09-15,830.875,992.4500122070312,1511.5999755859375,1228.925048828125,3598.300048828125,20192.349609375,20192.349609375
2023-09-18,814.5250244140625,990.2000122070312,1491.800048828125,1218.2249755859375,3606.14990234375,20133.30078125,20133.30078125
2023-09-20,781.8499755859375,987.1500244140625,1490.25,1191.074951171875,3606.050048828125,19901.400390625,19901.400390625
2023-09-21,776.6749877929688,959.2999877929688,1501.75,1182.4000244140625,3585.300048828125,19742.349609375,19742.349609375
2023-09-22,764.8250122070312,950.2999877929688,1496.1500244140625,1177.4749755859375,3603.64990234375,19674.25,19674.25
2023-09-25,765.5,956.3499755859375,1474.1500244140625,1170.2249755859375,3577.14990234375,19674.55078125,19674.55078125
2023-09-26,768.8250122070312,948.7000122070312,1460.6500244140625,1171.25,3585.699951171875,19664.69921875,19664.69921875
2023-09-27,763.4249877929688,943.0999755859375,1467.0,1184.449951171875,3589.300048828125,19716.44921875,19716.44921875
2023-09-28,761.8499755859375,942.5999755859375,1439.449951171875,1167.050048828125,3536.75,19523.55078125,19523.55078125
2023-09-29,763.1500244140625,951.9000244140625,1435.449951171875,1172.5,3528.60009765625,19638.30078125,19638.30078125
2023-10-03,754.0250244140625,940.2999877929688,1434.0,1159.074951171875,3513.85009765625,19528.75,19528.75
2023-10-04,764.7750244140625,930.0499877929688,1444.3499755859375,1157.074951171875,3537.75,19436.099609375,19436.099609375
2023-10-05,767.875,940.8499755859375,1463.449951171875,1157.050048828125,3589.35009765625,19545.75,19545.75
2023-10-06,767.0250244140625,945.2000122070312,1478.699951171875,1159.0,3621.39990234375,19653.5,19653.5
2023-10-09,758.125,938.5999755859375,1475.449951171875,1149.125,3638.35009765625,19512.349609375,19512.349609375
2023-10-10,762.4249877929688,951.2000122070312,1495.1500244140625,1154.199951171875,3628.89990234375,19689.849609375,19689.849609375
2023-10-11,769.7999877929688,953.0999755859375,1494.4000244140625,1172.5250244140625,3609.89990234375,19811.349609375,19811.349609375
2023-10-12,774.9249877929688,954.25,1465.5,1174.699951171875,3542.550048828125,19794.0,19794.0
2023-10-13,767.875,951.2999877929688,1431.1500244140625,1174.6500244140625,3570.85009765625,19751.05078125,19751.05078125
2023-10-16,764.7999877929688,951.4000244140625,1434.1500244140625,1172.0250244140625,3524.050048828125,19731.75,19731.75
2023-10-17,770.5999755859375,953.9000244140625,1442.449951171875,1177.625,3507.050048828125,19811.5,19811.5
2023-10-18,759.875,943.75,1440.550048828125,1162.0,3487.25,19671.099609375,19671.099609375
2023-10-19,757.4749755859375,935.75,1433.6500244140625,1153.074951171875,3455.64990234375,19624.69921875,19624.69921875
2023-10-20,761.4000244140625,932.75,1427.25,1149.550048828125,3494.550048828125,19542.650390625,19542.650390625
2023-10-23,753.0250244140625,929.9500122070312,1408.6500244140625,1131.5999755859375,3410.14990234375,19281.75,19281.75
2023-10-25,748.25,916.0999755859375,1370.050048828125,1128.9749755859375,3390.10009765625,19122.150390625,19122.150390625
2023-10-26,731.7000122070312,908.6500244140625,1359.449951171875,1113.25,3336.75,18857.25,18857.25
2023-10-27,734.5750122070312,912.75,1380.3499755859375,1132.9000244140625,3350.949951171875,19047.25,19047.25
2023-10-30,742.5499877929688,924.9000244140625,1377.050048828125,1156.25,3378.550048828125,19140.900390625,19140.900390625
2023-10-31,738.25,915.3499755859375,1368.4000244140625,1143.949951171875,3368.75,19079.599609375,19079.599609375
2023-11-01,737.25,914.0499877929688,1354.1500244140625,1148.699951171875,3330.64990234375,18989.150390625,18989.150390625
2023-11-02,738.375,919.9500122070312,1370.1500244140625,1160.0999755859375,3360.10009765625,19133.25,19133.25
2023-11-03,741.875,933.7999877929688,1389.050048828125,1159.8499755859375,3350.89990234375,19230.599609375,19230.599609375
2023-11-06,747.25,945.4500122070312,1403.300048828125,1169.5,3380.25,19411.75,19411.75
2023-11-07,743.625,948.0999755859375,1404.300048828125,1161.9000244140625,3370.449951171875,19406.69921875,19406.69921875
2023-11-08,745.7750244140625,935.75,1391.0,1167.949951171875,3381.550048828125,19443.5,19443.5
2023-11-09,742.8250122070312,937.3499755859375,1374.800048828125,1155.2750244140625,3347.449951171875,19395.30078125,19395.30078125
2023-11-10,745.75,938.5999755859375,1368.8499755859375,1157.449951171875,3333.449951171875,19425.349609375,19425.349609375
2023-11-13,744.4000244140625,934.4500122070312,1373.550048828125,1157.300048828125,3331.550048828125,19443.55078125,19443.55078125
2023-11-15,752.2000122070312,941.0999755859375,1410.5,1178.2249755859375,3404.300048828125,19675.44921875,19675.44921875
2023-11-16,754.1749877929688,936.0,1444.9000244140625,1180.3499755859375,3497.85009765625,19765.19921875,19765.19921875
2023-11-17,752.5499877929688,921.8499755859375,1437.550048828125,1177.7750244140625,3502.449951171875,19731.80078125,19731.80078125
2023-11-20,752.5999755859375,921.4500122070312,1436.5999755859375,1174.675048828125,3519.60009765625,19694.0,19694.0
2023-11-21,758.9749755859375,926.0999755859375,1439.0,1189.449951171875,3510.199951171875,19783.400390625,19783.400390625
2023-11-22,756.2750244140625,922.75,1457.800048828125,1194.0999755859375,3530.14990234375,19811.849609375,19811.849609375
2023-11-23,760.6500244140625,923.0,1449.25,1197.75,3508.25,19802.0,19802.0
2023-11-24,766.0499877929688,929.4000244140625,1437.4000244140625,1196.949951171875,3457.10009765625,19794.69921875,19794.69921875
2023-11-28,764.3250122070312,925.5,1442.699951171875,1197.199951171875,3470.14990234375,19889.69921875,19889.69921875
2023-11-29,779.5750122070312,939.5999755859375,1459.5999755859375,1200.3499755859375,3513.75,20096.599609375,20096.599609375
2023-11-30,779.4000244140625,934.9500122070312,1455.1500244140625,1188.7249755859375,3487.60009765625,20133.150390625,20133.150390625
2023-12-01,777.7000122070312,946.7000122070312,1452.300048828125,1197.1500244140625,3511.64990234375,20267.900390625,20267.900390625
2023-12-04,804.7000122070312,991.2000122070312,1464.3499755859375,1210.0999755859375,3512.449951171875,20686.80078125,20686.80078125
2023-12-05,811.8499755859375,1013.4500122070312,1453.949951171875,1218.875,3531.60009765625,20855.099609375,20855.099609375
2023-12-06,813.9000244140625,1003.25,1474.300048828125,1230.550048828125,3604.10009765625,20937.69921875,20937.69921875
2023-12-07,815.2249755859375,999.0,1465.9000244140625,1228.5250244140625,3614.89990234375,20901.150390625,20901.150390625
2023-12-08,826.5999755859375,1010.8499755859375,1491.1500244140625,1227.875,3626.699951171875,20969.400390625,20969.400390625
2023-12-11,825.5,1017.0999755859375,1488.5,1229.675048828125,3642.89990234375,20997.099609375,20997.099609375
2023-12-12,817.2999877929688,1015.7000122070312,1476.050048828125,1212.0250244140625,3672.10009765625,20906.400390625,20906.400390625
2023-12-13,815.4500122070312,1013.9000244140625,1449.0,1216.9749755859375,3593.550048828125,20926.349609375,20926.349609375
2023-12-14,825.0750122070312,1033.6500244140625,1501.449951171875,1232.074951171875,3667.25,21182.69921875,21182.69921875
2023-12-15,828.2750244140625,1037.4000244140625,1578.4000244140625,1247.800048828125,3861.0,21456.650390625,21456.650390625
2023-12-18,827.8499755859375,1021.4500122070312,1564.3499755859375,1260.5,3859.199951171875,21418.650390625,21418.650390625
2023-12-19,826.4500122070312,1015.4500122070312,1558.300048828125,1279.050048828125,3816.199951171875,21453.099609375,21453.099609375
2023-12-20,828.5,1006.6500244140625,1536.4000244140625,1263.574951171875,3780.050048828125,21150.150390625,21150.150390625
2023-12-21,843.3499755859375,1004.4000244140625,1536.0,1281.2750244140625,3787.5,21255.05078125,21255.05078125
2023-12-22,835.4249877929688,994.2999877929688,1562.9000244140625,1282.5250244140625,3824.0,21349.400390625,21349.400390625
2023-12-26,841.2249755859375,995.0999755859375,1543.949951171875,1289.0250244140625,3795.550048828125,21441.349609375,21441.349609375
2023-12-27,851.6500244140625,1002.25,1567.0999755859375,1293.425048828125,3811.199951171875,21654.75,21654.75
2023-12-28,852.625,1005.9000244140625,1562.6500244140625,1302.7750244140625,3799.89990234375,21778.69921875,21778.69921875
2023-12-29,854.625,996.5999755859375,1542.9000244140625,1292.4749755859375,3793.39990234375,21731.400390625,21731.400390625
2024-01-01,849.0499877929688,999.4000244140625,1551.3499755859375,1295.125,3811.10009765625,21741.900390625,21741.900390625
2024-01-02,849.5499877929688,982.25,1534.4000244140625,1305.8499755859375,3783.199951171875,21665.80078125,21665.80078125
2024-01-03,836.4500122070312,984.0499877929688,1490.0,1291.6500244140625,3691.75,21517.349609375,21517.349609375
2024-01-04,845.4249877929688,987.1500244140625,1512.699951171875,1298.324951171875,3666.800048828125,21658.599609375,21658.599609375
2024-01-05,841.0999755859375,993.7000122070312,1532.550048828125,1303.8499755859375,3737.89990234375,21710.80078125,21710.80078125
2024-01-08,831.7249755859375,982.0,1522.800048828125,1293.675048828125,3678.300048828125,21513.0,21513.0
2024-01-09,825.25,979.75,1529.300048828125,1290.25,3689.89990234375,21544.849609375,21544.849609375
2024-01-10,827.9749755859375,993.0499877929688,1519.9000244140625,1325.050048828125,3713.050048828125,21618.69921875,21618.69921875
2024-01-11,824.5,991.1500244140625,1494.199951171875,1359.9000244140625,3735.550048828125,21647.19921875,21647.19921875
2024-01-12,820.5999755859375,1003.5,1612.75,1370.7249755859375,3882.800048828125,21894.55078125,21894.55078125
2024-01-15,836.4000244140625,1009.8499755859375,1652.0999755859375,1394.125,3903.800048828125,22097.44921875,22097.44921875
2024-01-16,839.5750122070312,1009.0499877929688,1631.550048828125,1374.625,3861.300048828125,22032.30078125,22032.30078125
2024-01-17,768.75,981.75,1640.199951171875,1361.574951171875,3884.60009765625,21571.94921875,21571.94921875
2024-01-18,743.0750122070312,986.3499755859375,1642.5999755859375,1367.949951171875,3902.60009765625,21462.25,21462.25
2024-01-19,735.3250122070312,999.2000122070312,1659.199951171875,1367.449951171875,3943.050048828125,21622.400390625,21622.400390625
2024-01-23,713.6749877929688,1029.050048828125,1642.1500244140625,1328.574951171875,3858.25,21238.80078125,21238.80078125
2024-01-24,727.9500122070312,999.2000122070312,1675.4000244140625,1343.875,3841.800048828125,21453.94921875,21453.94921875
2024-01-25,717.4500122070312,1009.9500122070312,1669.0999755859375,1353.074951171875,3810.300048828125,21352.599609375,21352.599609375
2024-01-29,727.3250122070312,1016.4000244140625,1656.5999755859375,1448.050048828125,3801.0,21737.599609375,21737.599609375
2024-01-30,722.1500244140625,1016.9000244140625,1651.449951171875,1407.625,3800.550048828125,21522.099609375,21522.099609375
2024-01-31,731.2750244140625,1028.1500244140625,1660.9000244140625,1426.625,3815.949951171875,21725.69921875,21725.69921875
2024-02-01,733.1749877929688,1025.1500244140625,1657.050048828125,1426.6500244140625,3854.14990234375,21697.44921875,21697.44921875
2024-02-02,723.0750122070312,1024.0,1693.3499755859375,1457.699951171875,3966.300048828125,21853.80078125,21853.80078125
2024-02-05,722.4249877929688,1023.5,1687.199951171875,1439.0250244140625,3973.300048828125,21771.69921875,21771.69921875
2024-02-06,722.0499877929688,1026.4000244140625,1729.449951171875,1427.800048828125,4136.0,21929.400390625,21929.400390625
2024-02-07,714.9749755859375,1022.1500244140625,1693.75,1442.1500244140625,4083.39990234375,21930.5,21930.5
2024-02-08,701.5250244140625,989.2999877929688,1692.0999755859375,1450.125,4134.10009765625,21717.94921875,21717.94921875
2024-02-09,701.7999877929688,1010.7000122070312,1669.3499755859375,1460.75,4133.7001953125,21782.5,21782.5
2024-02-12,695.0,996.0999755859375,1680.0999755859375,1452.3499755859375,4120.7001953125,21616.05078125,21616.05078125
2024-02-13,697.2249755859375,1019.7999877929688,1684.550048828125,1465.0999755859375,4149.5,21743.25,21743.25
2024-02-14,692.0250244140625,1022.7000122070312,1666.199951171875,1481.375,4100.10009765625,21840.05078125,21840.05078125
2024-02-15,707.0250244140625,1016.6500244140625,1676.3499755859375,1470.5999755859375,4103.2001953125,21910.75,21910.75
2024-02-16,709.9500122070312,1023.25,1701.6500244140625,1460.574951171875,4128.2998046875,22040.69921875,22040.69921875
2024-02-19,708.5499877929688,1043.75,1699.75,1474.0,4103.7998046875,22122.25,22122.25
2024-02-20,727.1500244140625,1048.75,1685.25,1471.0250244140625,4030.64990234375,22196.94921875,22196.94921875
2024-02-21,719.5750122070312,1051.949951171875,1655.550048828125,1467.699951171875,3991.5,22055.05078125,22055.05078125
2024-02-22,709.7750244140625,1062.699951171875,1681.3499755859375,1481.75,4087.10009765625,22217.44921875,22217.44921875
2024-02-23,710.2999877929688,1061.300048828125,1676.8499755859375,1493.625,4052.10009765625,22212.69921875,22212.69921875
2024-02-26,711.1500244140625,1054.199951171875,1660.1500244140625,1487.324951171875,4001.050048828125,22122.05078125,22122.05078125
2024-02-27,710.0750122070312,1060.199951171875,1663.5999755859375,1485.6500244140625,4104.39990234375,22198.349609375,22198.349609375
2024-02-28,704.7000122070312,1046.199951171875,1671.25,1455.625,4118.9501953125,21951.150390625,21951.150390625
2024-02-29,701.7000122070312,1052.199951171875,1673.9000244140625,1460.800048828125,4095.10009765625,21982.80078125,21982.80078125
2024-03-01,715.375,1086.9000244140625,1654.699951171875,1492.125,4094.35009765625,22338.75,22338.75
2024-03-04,716.3499755859375,1092.3499755859375,1637.199951171875,1507.4000244140625,4080.699951171875,22405.599609375,22405.599609375
2024-03-05,720.4249877929688,1088.050048828125,1606.5,1500.199951171875,4012.10009765625,22356.30078125,22356.30078125
2024-03-06,721.2999877929688,1097.0999755859375,1617.550048828125,1503.0,4064.300048828125,22474.05078125,22474.05078125
2024-03-07,723.0499877929688,1087.949951171875,1616.449951171875,1478.925048828125,4108.60009765625,22493.55078125,22493.55078125
2024-03-11,713.9000244140625,1078.699951171875,1600.5999755859375,1466.5999755859375,4122.35009765625,22332.650390625,22332.650390625
2024-03-12,729.7750244140625,1076.8499755859375,1612.949951171875,1475.425048828125,4192.25,22335.69921875,22335.69921875
2024-03-13,730.2000122070312,1083.949951171875,1611.4000244140625,1432.175048828125,4149.0,21997.69921875,21997.69921875
2024-03-14,727.7249755859375,1083.5999755859375,1653.300048828125,1431.4749755859375,4207.60009765625,22146.650390625,22146.650390625
2024-03-15,726.3250122070312,1080.3499755859375,1634.0,1418.2249755859375,4219.25,22023.349609375,22023.349609375
2024-03-18,723.0250244140625,1081.199951171875,1602.6500244140625,1439.4749755859375,4152.5,22055.69921875,22055.69921875
2024-03-19,724.6749877929688,1083.949951171875,1561.449951171875,1425.25,3977.300048828125,21817.44921875,21817.44921875
2024-03-20,715.5250244140625,1084.5,1554.949951171875,1443.75,3970.89990234375,21839.099609375,21839.099609375
2024-03-21,722.875,1081.800048828125,1554.699951171875,1450.9749755859375,3972.949951171875,22011.94921875,22011.94921875
2024-03-22,721.4249877929688,1090.300048828125,1508.8499755859375,1455.0250244140625,3910.89990234375,22096.75,22096.75
2024-03-26,712.7000122070312,1083.699951171875,1492.6500244140625,1441.574951171875,3877.5,22004.69921875,22004.69921875
2024-03-27,720.3499755859375,1083.75,1483.8499755859375,1492.8499755859375,3840.89990234375,22123.650390625,22123.650390625
2024-03-28,723.9500122070312,1093.300048828125,1498.050048828125,1485.8499755859375,3876.300048828125,22326.900390625,22326.900390625
2024-04-01,735.25,1099.6500244140625,1495.449951171875,1484.7750244140625,3916.75,22462.0,22462.0
2024-04-02,740.0750122070312,1081.199951171875,1482.8499755859375,1486.949951171875,3883.800048828125,22453.30078125,22453.30078125
2024-04-03,741.1500244140625,1077.199951171875,1480.6500244140625,1471.5999755859375,3947.300048828125,22434.650390625,22434.650390625
2024-04-04,763.7999877929688,1078.8499755859375,1486.699951171875,1462.925048828125,4003.300048828125,22514.650390625,22514.650390625
2024-04-05,774.7750244140625,1083.4000244140625,1479.0999755859375,1460.0999755859375,3979.25,22513.69921875,22513.69921875
2024-04-08,773.2999877929688,1087.1500244140625,1476.699951171875,1485.9749755859375,3972.550048828125,22666.30078125,22666.30078125
2024-04-09,774.2750244140625,1107.050048828125,1494.8499755859375,1463.6500244140625,3946.550048828125,22642.75,22642.75
2024-04-10,768.1749877929688,1109.4000244140625,1506.800048828125,1479.574951171875,3984.64990234375,22753.80078125,22753.80078125
2024-04-12,759.4749755859375,1104.4000244140625,1484.75,1467.1500244140625,4001.39990234375,22519.400390625,22519.400390625
2024-04-15,747.3499755859375,1078.3499755859375,1468.1500244140625,1464.824951171875,3941.199951171875,22272.5,22272.5
2024-04-16,754.625,1067.050048828125,1414.449951171875,1465.75,3872.800048828125,22147.900390625,22147.900390625
2024-04-18,747.3499755859375,1055.449951171875,1419.25,1464.324951171875,3862.0,21995.849609375,21995.849609375
2024-04-19,765.6500244140625,1067.25,1411.25,1470.125,3826.199951171875,22147.0,22147.0
2024-04-22,756.0999755859375,1086.6500244140625,1432.75,1479.8499755859375,3864.60009765625,22336.400390625,22336.400390625
2024-04-23,753.7999877929688,1090.25,1442.4000244140625,1459.324951171875,3874.699951171875,22368.0,22368.0
2024-04-24,755.8499755859375,1096.75,1430.75,1450.175048828125,3831.050048828125,22402.400390625,22402.400390625
2024-04-25,755.375,1113.75,1438.449951171875,1459.9749755859375,3852.199951171875,22570.349609375,22570.349609375
2024-04-26,754.9000244140625,1107.9000244140625,1430.25,1452.550048828125,3821.35009765625,22419.94921875,22419.94921875
2024-04-29,764.75,1160.1500244140625,1434.75,1465.0250244140625,3870.199951171875,22643.400390625,22643.400390625
2024-04-30,760.0499877929688,1150.4000244140625,1420.550048828125,1467.0,3820.64990234375,22604.849609375,22604.849609375
2024-05-02,766.125,1139.449951171875,1414.449951171875,1466.550048828125,3863.300048828125,22648.19921875,22648.19921875
2024-05-03,759.7999877929688,1142.050048828125,1416.300048828125,1434.0,3843.39990234375,22475.849609375,22475.849609375
2024-05-06,761.3250122070312,1146.300048828125,1425.9000244140625,1419.5250244140625,3921.050048828125,22442.69921875,22442.69921875
2024-05-07,753.0750122070312,1131.9000244140625,1440.949951171875,1401.4749755859375,3978.949951171875,22302.5,22302.5
2024-05-08,741.3250122070312,1123.0,1427.300048828125,1418.550048828125,3976.949951171875,22302.5,22302.5
2024-05-09,723.75,1115.699951171875,1439.550048828125,1394.125,3960.199951171875,21957.5,21957.5
2024-05-10,718.9500122070312,1117.050048828125,1424.9000244140625,1407.425048828125,3893.89990234375,22055.19921875,22055.19921875
2024-05-13,727.625,1128.0,1423.449951171875,1402.699951171875,3947.800048828125,22104.05078125,22104.05078125
2024-05-14,730.4749755859375,1120.550048828125,1424.699951171875,1420.074951171875,3901.199951171875,22217.849609375,22217.849609375
2024-05-15,719.25,1124.3499755859375,1419.949951171875,1416.2750244140625,3880.39990234375,22200.55078125,22200.55078125
2024-05-16,730.125,1131.050048828125,1453.3499755859375,1425.3499755859375,3900.949951171875,22403.849609375,22403.849609375
2024-05-17,732.0499877929688,1130.5,1444.300048828125,1435.699951171875,3834.10009765625,22466.099609375,22466.099609375
2024-05-21,729.4000244140625,1120.949951171875,1434.1500244140625,1436.125,3820.199951171875,22529.05078125,22529.05078125
2024-05-22,729.5999755859375,1111.0999755859375,1454.800048828125,1460.6500244140625,3832.0,22597.80078125,22597.80078125
2024-05-23,746.2999877929688,1134.5,1472.4000244140625,1486.050048828125,3893.449951171875,22967.650390625,22967.650390625
2024-05-24,758.5999755859375,1131.949951171875,1465.0999755859375,1480.25,3849.5,22957.099609375,22957.099609375
2024-05-27,763.8499755859375,1129.800048828125,1471.3499755859375,1466.25,3847.050048828125,22932.44921875,22932.44921875
2024-05-28,765.25,1126.949951171875,1467.050048828125,1456.199951171875,3839.89990234375,22888.150390625,22888.150390625
2024-05-29,754.1500244140625,1102.0,1450.949951171875,1440.7750244140625,3803.64990234375,22704.69921875,22704.69921875
2024-05-30,757.4249877929688,1113.699951171875,1427.449951171875,1424.8499755859375,3736.10009765625,22488.650390625,22488.650390625
2024-05-31,765.7750244140625,1121.050048828125,1406.9000244140625,1430.4000244140625,3670.949951171875,22530.69921875,22530.69921875
2024-06-03,786.0999755859375,1160.0,1405.9000244140625,1510.324951171875,3702.85009765625,23263.900390625,23263.900390625
2024-06-04,741.5750122070312,1071.449951171875,1393.6500244140625,1397.2750244140625,3715.0,21884.5,21884.5
2024-06-05,775.9000244140625,1108.6500244140625,1430.0999755859375,1420.75,3746.449951171875,22620.349609375,22620.349609375
2024-06-06,779.8499755859375,1110.4000244140625,1472.25,1431.5999755859375,3830.39990234375,22821.400390625,22821.400390625
2024-06-07,786.6749877929688,1121.699951171875,1533.5999755859375,1469.949951171875,3893.949951171875,23290.150390625,23290.150390625
2024-06-10,780.6500244140625,1123.800048828125,1499.75,1471.4000244140625,3858.699951171875,23259.19921875,23259.19921875
2024-06-11,782.4000244140625,1118.199951171875,1495.75,1456.675048828125,3852.10009765625,23264.849609375,23264.849609375
2024-06-12,787.0750122070312,1119.550048828125,1485.199951171875,1463.324951171875,3831.64990234375,23322.94921875,23322.94921875
2024-06-13,790.375,1107.3499755859375,1493.949951171875,1465.25,3878.14990234375,23398.900390625,23398.900390625
2024-06-14,798.4500122070312,1105.6500244140625,1488.9000244140625,1477.550048828125,3832.050048828125,23465.599609375,23465.599609375
2024-06-18,803.9000244140625,1122.8499755859375,1498.199951171875,1481.0250244140625,3815.10009765625,23557.900390625,23557.900390625
2024-06-19,828.9249877929688,1144.449951171875,1511.3499755859375,1458.6500244140625,3801.699951171875,23516.0,23516.0
2024-06-20,834.6749877929688,1156.800048828125,1515.4000244140625,1473.699951171875,3787.25,23567.0,23567.0
2024-06-21,832.875,1158.6500244140625,1532.699951171875,1454.199951171875,3810.75,23501.099609375,23501.099609375
2024-06-24,836.2000122070312,1170.0999755859375,1527.1500244140625,1441.4749755859375,3816.800048828125,23537.849609375,23537.849609375
2024-06-25,855.6749877929688,1197.949951171875,1541.949951171875,1454.1500244140625,3838.449951171875,23721.30078125,23721.30078125
2024-06-26,850.75,1218.0,1540.699951171875,1514.0250244140625,3855.85009765625,23868.80078125,23868.80078125
2024-06-27,848.0750122070312,1219.9000244140625,1573.3499755859375,1530.550048828125,3934.14990234375,24044.5,24044.5
2024-06-28,841.9000244140625,1199.5999755859375,1566.75,1565.4000244140625,3904.14990234375,24010.599609375,24010.599609375
2024-07-01,852.5999755859375,1211.8499755859375,1590.800048828125,1560.1500244140625,3978.199951171875,24141.94921875,24141.94921875
2024-07-02,865.2999877929688,1190.5999755859375,1621.050048828125,1565.175048828125,4017.39990234375,24123.849609375,24123.849609375
2024-07-03,884.3250122070312,1201.5999755859375,1627.4000244140625,1552.425048828125,3965.25,24286.5,24286.5
2024-07-04,863.5750122070312,1233.0,1650.6500244140625,1554.0250244140625,4020.949951171875,24302.150390625,24302.150390625
2024-07-05,824.0499877929688,1233.4000244140625,1647.449951171875,1588.625,4011.800048828125,24323.849609375,24323.849609375
2024-07-08,817.6749877929688,1235.050048828125,1661.6500244140625,1600.9000244140625,3993.199951171875,24320.55078125,24320.55078125
2024-07-09,818.25,1248.25,1657.1500244140625,1590.2750244140625,3985.5,24433.19921875,24433.19921875
2024-07-10,813.0499877929688,1243.199951171875,1648.25,1584.2249755859375,3909.14990234375,24324.44921875,24324.44921875
2024-07-11,810.9500122070312,1238.449951171875,1652.699951171875,1580.6500244140625,3923.699951171875,24315.94921875,24315.94921875
2024-07-12,811.3499755859375,1232.9000244140625,1711.75,1596.7249755859375,4183.9501953125,24502.150390625,24502.150390625
2024-07-15,811.0499877929688,1229.949951171875,1707.050048828125,1597.2249755859375,4169.2001953125,24586.69921875,24586.69921875
2024-07-16,809.875,1239.9000244140625,1726.050048828125,1576.25,4178.4501953125,24613.0,24613.0
2024-07-18,807.4000244140625,1250.300048828125,1758.050048828125,1586.675048828125,4315.5498046875,24800.849609375,24800.849609375
2024-07-19,803.6500244140625,1248.6500244140625,1792.949951171875,1555.1500244140625,4302.39990234375,24530.900390625,24530.900390625
2024-07-22,821.2750244140625,1241.1500244140625,1810.8499755859375,1500.675048828125,4287.35009765625,24509.25,24509.25
2024-07-23,809.2000122070312,1226.75,1836.9000244140625,1487.9000244140625,4302.35009765625,24479.05078125,24479.05078125
2024-07-24,802.0250244140625,1223.0,1833.949951171875,1495.699951171875,4306.25,24413.5,24413.5
2024-07-25,808.2999877929688,1197.9000244140625,1824.8499755859375,1492.4000244140625,4322.5,24406.099609375,24406.099609375
2024-07-26,809.0750122070312,1207.199951171875,1878.9000244140625,1509.0250244140625,4387.85009765625,24834.849609375,24834.849609375
2024-07-29,802.5250244140625,1212.699951171875,1871.0999755859375,1520.0999755859375,4381.10009765625,24836.099609375,24836.099609375
2024-07-30,807.7750244140625,1209.449951171875,1877.1500244140625,1513.1500244140625,4365.35009765625,24857.30078125,24857.30078125
2024-07-31,807.875,1214.9000244140625,1868.25,1505.425048828125,4385.35009765625,24951.150390625,24951.150390625
2024-08-01,819.4000244140625,1210.0999755859375,1852.5999755859375,1515.300048828125,4397.10009765625,25010.900390625,25010.900390625
2024-08-02,829.5750122070312,1196.550048828125,1821.199951171875,1499.324951171875,4283.0498046875,24717.69921875,24717.69921875
2024-08-05,807.875,1172.5999755859375,1751.9000244140625,1447.324951171875,4155.0498046875,24055.599609375,24055.599609375
2024-08-06,800.5999755859375,1166.8499755859375,1751.0999755859375,1456.050048828125,4171.2001953125,23992.55078125,23992.55078125
2024-08-07,811.75,1172.449951171875,1791.6500244140625,1464.824951171875,4200.4501953125,24297.5,24297.5
2024-08-08,821.3499755859375,1164.5999755859375,1743.1500244140625,1449.125,4172.5498046875,24117.0,24117.0
2024-08-09,825.0999755859375,1171.5999755859375,1770.75,1474.300048828125,4228.75,24367.5,24367.5
2024-08-12,830.0499877929688,1172.800048828125,1797.4000244140625,1460.625,4195.64990234375,24347.0,24347.0
2024-08-13,801.5999755859375,1168.3499755859375,1797.449951171875,1463.625,4196.9501953125,24139.0,24139.0
2024-08-14,803.9000244140625,1161.6500244140625,1823.25,1461.8499755859375,4295.25,24143.75,24143.75
2024-08-16,816.0499877929688,1187.25,1858.949951171875,1478.199951171875,4416.0498046875,24541.150390625,24541.150390625
2024-08-19,815.7750244140625,1175.9000244140625,1864.800048828125,1488.4000244140625,4490.0,24572.650390625,24572.650390625
2024-08-20,818.8499755859375,1179.449951171875,1872.199951171875,1495.949951171875,4523.2998046875,24698.849609375,24698.849609375
2024-08-21,812.9000244140625,1174.8499755859375,1872.699951171875,1498.675048828125,4551.5,24770.19921875,24770.19921875
2024-08-22,815.6500244140625,1191.0999755859375,1880.25,1498.125,4502.0,24811.5,24811.5
2024-08-23,812.5250244140625,1203.5,1862.0999755859375,1499.9749755859375,4463.89990234375,24823.150390625,24823.150390625
2024-08-26,819.9749755859375,1213.300048828125,1876.1500244140625,1512.5999755859375,4502.4501953125,25010.599609375,25010.599609375
2024-08-27,818.875,1226.3499755859375,1900.0999755859375,1500.449951171875,4497.14990234375,25017.75,25017.75
2024-08-28,818.5499877929688,1223.8499755859375,1939.0999755859375,1498.300048828125,4506.0498046875,25052.349609375,25052.349609375
2024-08-29,819.2750244140625,1221.9000244140625,1933.3499755859375,1520.925048828125,4511.7998046875,25151.94921875,25151.94921875
2024-08-30,818.4500122070312,1229.199951171875,1943.699951171875,1509.625,4553.75,25235.900390625,25235.900390625
2024-09-02,813.4749755859375,1229.949951171875,1964.5,1516.25,4521.0498046875,25278.69921875,25278.69921875
2024-09-03,818.6749877929688,1247.699951171875,1941.25,1509.125,4512.35009765625,25279.849609375,25279.849609375
2024-09-04,820.9000244140625,1236.3499755859375,1922.449951171875,1514.550048828125,4479.25,25198.69921875,25198.69921875
2024-09-05,822.7249755859375,1235.949951171875,1933.1500244140625,1492.9749755859375,4475.9501953125,25145.099609375,25145.099609375
2024-09-06,818.4749755859375,1208.1500244140625,1901.8499755859375,1464.824951171875,4456.75,24852.150390625,24852.150390625
2024-09-09,823.25,1235.0,1894.6500244140625,1462.449951171875,4449.5498046875,24936.400390625,24936.400390625
2024-09-10,825.1749877929688,1237.300048828125,1912.300048828125,1461.5250244140625,4507.85009765625,25041.099609375,25041.099609375
2024-09-11,821.9500122070312,1236.3499755859375,1910.1500244140625,1451.5,4479.35009765625,24918.44921875,24918.44921875
2024-09-12,833.2999877929688,1252.1500244140625,1950.449951171875,1479.800048828125,4517.7001953125,25388.900390625,25388.900390625
2024-09-13,832.9749755859375,1250.3499755859375,1944.0999755859375,1472.625,4522.60009765625,25356.5,25356.5
2024-09-16,835.4749755859375,1262.8499755859375,1950.25,1471.3499755859375,4513.25,25383.75,25383.75
2024-09-17,834.4000244140625,1268.0999755859375,1952.550048828125,1472.300048828125,4505.64990234375,25418.55078125,25418.55078125
2024-09-18,847.4000244140625,1288.3499755859375,1892.1500244140625,1463.449951171875,4346.14990234375,25377.55078125,25377.55078125
2024-09-19,854.25,1292.0,1894.199951171875,1469.675048828125,4296.14990234375,25415.80078125,25415.80078125
2024-09-20,870.5999755859375,1338.449951171875,1905.75,1485.925048828125,4284.89990234375,25790.94921875,25790.94921875
2024-09-23,879.9000244140625,1321.9000244140625,1896.449951171875,1493.375,4268.5,25939.05078125,25939.05078125
2024-09-24,884.0250244140625,1318.5999755859375,1898.5999755859375,1489.375,4271.2998046875,25940.400390625,25940.400390625
2024-09-25,889.5499877929688,1323.8499755859375,1895.300048828125,1493.949951171875,4274.75,26004.150390625,26004.150390625
2024-09-26,891.7249755859375,1329.050048828125,1900.25,1497.949951171875,4292.5,26216.05078125,26216.05078125
2024-09-27,876.3250122070312,1306.5999755859375,1906.75,1526.175048828125,4308.7001953125,26178.94921875,26178.94921875
2024-09-30,866.0250244140625,1273.0,1875.5999755859375,1476.574951171875,4268.5,25810.849609375,25810.849609375
2024-10-01,863.0999755859375,1274.4000244140625,1904.3499755859375,1464.824951171875,4287.89990234375,25796.900390625,25796.900390625
2024-10-03,841.0,1256.3499755859375,1893.4000244140625,1406.9749755859375,4232.75,25250.099609375,25250.099609375
2024-10-04,828.8250122070312,1239.75,1918.1500244140625,1386.5250244140625,4252.25,25014.599609375,25014.599609375
2024-10-07,808.9000244140625,1233.9000244140625,1934.300048828125,1370.7249755859375,4272.85009765625,24795.75,24795.75
2024-10-08,825.5250244140625,1236.5999755859375,1948.550048828125,1397.3499755859375,4253.25,25013.150390625,25013.150390625
2024-10-09,816.5750122070312,1244.1500244140625,1952.75,1374.5999755859375,4252.9501953125,24981.94921875,24981.94921875
2024-10-10,831.2000122070312,1243.5,1919.0,1371.050048828125,4227.39990234375,24998.44921875,24998.44921875
2024-10-11,825.5,1223.0,1935.0999755859375,1372.0999755859375,4149.2001953125,24964.25,24964.25
2024-10-14,844.0499877929688,1231.75,1958.9000244140625,1372.5250244140625,4136.64990234375,25127.94921875,25127.94921875
2024-10-15,842.0499877929688,1255.5,1959.300048828125,1344.0250244140625,4116.7998046875,25057.349609375,25057.349609375
2024-10-16,849.9000244140625,1243.1500244140625,1920.0999755859375,1354.074951171875,4094.949951171875,24971.30078125,24971.30078125
2024-10-17,836.5750122070312,1231.25,1968.0999755859375,1356.425048828125,4109.0,24749.849609375,24749.849609375
2024-10-18,840.9249877929688,1264.5,1879.5999755859375,1359.300048828125,4123.0498046875,24854.05078125,24854.05078125
2024-10-21,864.3499755859375,1259.050048828125,1852.75,1369.199951171875,4079.85009765625,24781.099609375,24781.099609375
2024-10-22,857.2750244140625,1267.5,1851.5999755859375,1343.3499755859375,4015.5,24472.099609375,24472.099609375
2024-10-23,867.9000244140625,1251.5999755859375,1873.4000244140625,1338.5250244140625,4066.25,24435.5,24435.5
2024-10-24,874.8250122070312,1252.75,1863.3499755859375,1339.800048828125,4047.89990234375,24399.400390625,24399.400390625
2024-10-25,871.7000122070312,1255.449951171875,1862.050048828125,1327.8499755859375,4057.550048828125,24180.80078125,24180.80078125
2024-10-28,867.0999755859375,1292.8499755859375,1865.3499755859375,1334.3499755859375,4090.85009765625,24339.150390625,24339.150390625
2024-10-29,875.9249877929688,1331.8499755859375,1839.300048828125,1340.0,4075.25,24466.849609375,24466.849609375
2024-10-30,867.2999877929688,1312.1500244140625,1802.0999755859375,1343.9000244140625,4084.64990234375,24340.849609375,24340.849609375
2024-10-31,867.8499755859375,1292.25,1757.25,1332.050048828125,3968.449951171875,24205.349609375,24205.349609375
2024-11-01,868.6500244140625,1291.800048828125,1760.8499755859375,1338.6500244140625,3984.199951171875,24304.349609375,24304.349609375
2024-11-04,857.0499877929688,1277.199951171875,1763.6500244140625,1302.1500244140625,3964.14990234375,23995.349609375,23995.349609375
2024-11-05,878.9249877929688,1296.699951171875,1754.199951171875,1305.300048828125,3971.35009765625,24213.30078125,24213.30078125
2024-11-06,877.625,1302.3499755859375,1823.699951171875,1325.3499755859375,4139.64990234375,24484.05078125,24484.05078125
2024-11-07,873.2750244140625,1278.699951171875,1803.050048828125,1305.6500244140625,4150.89990234375,24199.349609375,24199.349609375
2024-11-08,877.2249755859375,1258.8499755859375,1829.949951171875,1283.75,4147.0,24148.19921875,24148.19921875
2024-11-11,883.1500244140625,1269.300048828125,1860.0999755859375,1272.699951171875,4198.7001953125,24141.30078125,24141.30078125
2024-11-12,859.0999755859375,1270.5999755859375,1868.800048828125,1274.25,4197.39990234375,23883.44921875,23883.44921875
2024-11-13,840.6749877929688,1253.699951171875,1868.4000244140625,1252.050048828125,4150.35009765625,23559.05078125,23559.05078125
2024-11-14,846.375,1256.949951171875,1864.550048828125,1267.5999755859375,4145.89990234375,23532.69921875,23532.69921875
2024-11-18,852.5499877929688,1253.449951171875,1811.449951171875,1260.75,4019.5,23453.80078125,23453.80078125
2024-11-19,871.125,1249.0999755859375,1824.75,1241.6500244140625,4039.550048828125,23518.5,23518.5
2024-11-21,870.5999755859375,1250.550048828125,1834.050048828125,1223.0,4072.85009765625,23349.900390625,23349.900390625
2024-11-22,872.7999877929688,1278.050048828125,1902.25,1265.4000244140625,4244.60009765625,23907.25,23907.25
2024-11-25,892.7999877929688,1300.949951171875,1889.699951171875,1287.0,4315.10009765625,24221.900390625,24221.900390625
2024-11-26,892.7750244140625,1304.949951171875,1924.1500244140625,1295.699951171875,4352.7001953125,24194.5,24194.5
2024-11-27,906.1500244140625,1300.699951171875,1924.5,1293.199951171875,4332.5498046875,24274.900390625,24274.900390625
2024-11-28,896.5750122070312,1286.3499755859375,1856.6500244140625,1270.800048828125,4244.89990234375,23914.150390625,23914.150390625
2024-11-29,898.0250244140625,1300.0999755859375,1857.8499755859375,1292.199951171875,4270.85009765625,24131.099609375,24131.099609375
2024-12-02,902.3499755859375,1304.6500244140625,1879.800048828125,1309.1500244140625,4276.64990234375,24276.05078125,24276.05078125
2024-12-03,913.1500244140625,1308.4000244140625,1892.0999755859375,1323.300048828125,4302.75,24457.150390625,24457.150390625
2024-12-04,930.0499877929688,1316.050048828125,1889.25,1308.949951171875,4354.39990234375,24467.44921875,24467.44921875
2024-12-05,932.875,1336.5,1934.8499755859375,1322.050048828125,4464.0498046875,24708.400390625,24708.400390625
2024-12-06,927.9249877929688,1328.75,1922.4000244140625,1311.550048828125,4445.5,24677.80078125,24677.80078125
2024-12-09,935.0,1322.300048828125,1923.6500244140625,1295.1500244140625,4452.14990234375,24619.0,24619.0
2024-12-10,934.0499877929688,1330.449951171875,1948.550048828125,1284.8499755859375,4432.5498046875,24610.05078125,24610.05078125
2024-12-11,931.5499877929688,1327.5,1974.1500244140625,1278.199951171875,4427.4501953125,24641.80078125,24641.80078125
2024-12-12,929.625,1329.25,1987.0,1262.9000244140625,4454.9501953125,24548.69921875,24548.69921875
2024-12-13,935.875,1344.9000244140625,1999.699951171875,1272.8499755859375,4473.89990234375,24768.30078125,24768.30078125
2024-12-16,932.5999755859375,1346.0999755859375,1980.050048828125,1268.300048828125,4415.2001953125,24668.25,24668.25
2024-12-17,916.625,1333.75,1976.5999755859375,1245.300048828125,4328.5,24336.0,24336.0
2024-12-18,905.3499755859375,1314.1500244140625,1979.1500244140625,1253.25,4347.85009765625,24198.849609375,24198.849609375
2024-12-19,896.75,1286.9000244140625,1946.199951171875,1230.449951171875,4271.89990234375,23951.69921875,23951.69921875
2024-12-20,885.75,1288.4000244140625,1922.1500244140625,1205.300048828125,4170.2998046875,23587.5,23587.5
2024-12-23,900.5,1296.800048828125,1924.300048828125,1222.300048828125,4158.2998046875,23753.44921875,23753.44921875
2024-12-24,899.0499877929688,1297.25,1909.050048828125,1222.75,4179.5,23727.650390625,23727.650390625
2024-12-26,895.375,1297.3499755859375,1907.4000244140625,1216.550048828125,4169.10009765625,23750.19921875,23750.19921875
2024-12-27,899.125,1307.550048828125,1916.75,1221.050048828125,4164.85009765625,23813.400390625,23813.400390625
2024-12-30,888.9500122070312,1294.6500244140625,1906.0,1210.699951171875,4158.7998046875,23644.900390625,23644.900390625
2024-12-31,886.4249877929688,1281.6500244140625,1880.0,1215.449951171875,4094.800048828125,23644.80078125,23644.80078125
2025-01-01,891.375,1283.6500244140625,1882.5,1221.25,4112.4501953125,23742.900390625,23742.900390625
2025-01-02,896.875,1290.5999755859375,1957.8499755859375,1241.800048828125,4175.75,24188.650390625,24188.650390625
2025-01-03,874.5999755859375,1265.050048828125,1938.75,1251.1500244140625,4099.89990234375,24004.75,24004.75
2025-01-06,855.25,1264.0999755859375,1937.8499755859375,1218.0,4095.0,23616.05078125,23616.05078125
2025-01-07,856.7000122070312,1279.25,1930.8499755859375,1240.8499755859375,4028.300048828125,23707.900390625,23707.900390625
2025-01-08,847.1500244140625,1263.75,1933.1500244140625,1265.5,4108.39990234375,23688.94921875,23688.94921875
2025-01-09,833.9000244140625,1262.4000244140625,1917.300048828125,1254.75,4038.85009765625,23526.5,23526.5
2025-01-10,828.375,1249.8499755859375,1966.949951171875,1241.9000244140625,4265.64990234375,23431.5,23431.5
2025-01-13,815.4249877929688,1229.75,1962.199951171875,1239.8499755859375,4291.10009765625,23085.94921875,23085.94921875
2025-01-14,823.2999877929688,1240.300048828125,1940.050048828125,1238.75,4233.0498046875,23176.05078125,23176.05078125
2025-01-15,821.5250244140625,1238.25,1949.6500244140625,1252.199951171875,4249.60009765625,23213.19921875,23213.19921875
2025-01-16,826.0250244140625,1249.0999755859375,1928.449951171875,1266.449951171875,4206.2998046875,23311.80078125,23311.80078125
2025-01-17,818.375,1225.449951171875,1815.449951171875,1302.3499755859375,4124.2998046875,23203.19921875,23203.19921875
2025-01-20,825.625,1232.949951171875,1813.300048828125,1305.449951171875,4077.800048828125,23344.75,23344.75
2025-01-21,821.2000122070312,1196.1500244140625,1800.699951171875,1273.699951171875,4035.85009765625,23024.650390625,23024.650390625
2025-01-22,833.0250244140625,1200.449951171875,1856.449951171875,1277.0999755859375,4156.60009765625,23155.349609375,23155.349609375
2025-01-23,832.4500122070312,1201.75,1865.449951171875,1263.6500244140625,4145.4501953125,23205.349609375,23205.349609375
2025-01-24,824.9000244140625,1209.199951171875,1875.449951171875,1246.300048828125,4152.35009765625,23092.19921875,23092.19921875
2025-01-27,814.9000244140625,1227.949951171875,1822.0,1229.3499755859375,4065.14990234375,22829.150390625,22829.150390625
2025-01-28,835.2000122070312,1246.9000244140625,1829.75,1234.4000244140625,4040.300048828125,22957.25,22957.25
2025-01-29,838.6500244140625,1251.6500244140625,1881.25,1235.5,4099.7998046875,23163.099609375,23163.099609375
2025-01-30,845.75,1255.5999755859375,1859.949951171875,1253.050048828125,4100.0498046875,23249.5,23249.5
2025-01-31,849.375,1252.800048828125,1879.800048828125,1265.0999755859375,4112.39990234375,23508.400390625,23508.400390625
2025-02-01,845.4749755859375,1255.550048828125,1851.3499755859375,1264.5999755859375,4073.14990234375,23482.150390625,23482.150390625
2025-02-03,839.0,1253.0,1863.300048828125,1245.9000244140625,4068.64990234375,23361.05078125,23361.05078125
2025-02-04,860.4500122070312,1268.199951171875,1898.800048828125,1285.199951171875,4107.0498046875,23739.25,23739.25
2025-02-05,868.9000244140625,1267.699951171875,1897.050048828125,1278.199951171875,4091.10009765625,23696.30078125,23696.30078125
2025-02-06,871.9249877929688,1272.4000244140625,1915.6500244140625,1281.550048828125,4082.75,23603.349609375,23603.349609375
2025-02-07,866.375,1256.9000244140625,1903.6500244140625,1266.699951171875,4029.39990234375,23559.94921875,23559.94921875
2025-02-10,857.875,1262.5999755859375,1880.300048828125,1253.6500244140625,4036.949951171875,23381.599609375,23381.599609375
2025-02-11,850.7000122070312,1252.75,1875.6500244140625,1234.8499755859375,3963.550048828125,23071.80078125,23071.80078125
2025-02-12,853.4000244140625,1251.800048828125,1863.1500244140625,1216.550048828125,3950.14990234375,23045.25,23045.25
2025-02-13,848.8499755859375,1248.9000244140625,1843.25,1216.0999755859375,3910.14990234375,23031.400390625,23031.400390625
2025-02-14,847.4249877929688,1260.0999755859375,1856.4000244140625,1217.25,3934.85009765625,22929.25,22929.25
2025-02-17,858.6749877929688,1251.1500244140625,1842.300048828125,1224.9000244140625,3904.5,22959.5,22959.5
2025-02-18,861.5250244140625,1243.050048828125,1851.949951171875,1225.4000244140625,3873.199951171875,22945.30078125,22945.30078125
2025-02-19,863.5999755859375,1261.6500244140625,1810.800048828125,1227.449951171875,3784.10009765625,22932.900390625,22932.900390625
2025-02-20,843.5499877929688,1249.949951171875,1825.1500244140625,1233.0,3779.39990234375,22913.150390625,22913.150390625
2025-02-21,846.25,1232.949951171875,1815.0,1228.1500244140625,3786.0,22795.900390625,22795.900390625
2025-02-24,838.5499877929688,1218.3499755859375,1764.0999755859375,1214.550048828125,3675.60009765625,22553.349609375,22553.349609375
2025-02-25,841.1749877929688,1224.1500244140625,1767.699951171875,1204.0,3629.550048828125,22547.55078125,22547.55078125
2025-02-27,850.3499755859375,1222.449951171875,1764.300048828125,1207.0999755859375,3612.550048828125,22545.05078125,22545.05078125
2025-02-28,866.2000122070312,1204.0999755859375,1687.699951171875,1200.0999755859375,3483.25,22124.69921875,22124.69921875
2025-03-03,850.7750244140625,1206.199951171875,1708.5999755859375,1171.25,3493.050048828125,22119.30078125,22119.30078125
2025-03-04,855.0,1210.4000244140625,1688.300048828125,1161.9000244140625,3532.050048828125,22082.650390625,22082.650390625
2025-03-05,845.0,1215.699951171875,1711.5,1175.5999755859375,3547.050048828125,22337.30078125,22337.30078125
2025-03-06,845.5999755859375,1218.050048828125,1715.8499755859375,1209.5999755859375,3601.60009765625,22544.69921875,22544.69921875
2025-03-07,844.625,1214.550048828125,1686.0,1249.800048828125,3611.199951171875,22552.5,22552.5
2025-03-10,843.75,1214.8499755859375,1701.449951171875,1238.4000244140625,3589.64990234375,22460.30078125,22460.30078125
2025-03-11,842.75,1245.4000244140625,1661.5999755859375,1247.300048828125,3575.300048828125,22497.900390625,22497.900390625
2025-03-12,855.5750122070312,1243.949951171875,1590.8499755859375,1257.050048828125,3506.199951171875,22470.5,22470.5
2025-03-13,853.2999877929688,1250.050048828125,1579.8499755859375,1247.9000244140625,3511.050048828125,22397.19921875,22397.19921875
2025-03-17,855.2000122070312,1269.0,1590.050048828125,1238.8499755859375,3497.699951171875,22508.75,22508.75
2025-03-18,855.2000122070312,1269.0,1590.050048828125,1238.8499755859375,3497.699951171875,22834.30078125,22834.30078125
2025-03-19,872.0499877929688,1313.0999755859375,1586.550048828125,1247.1500244140625,3497.10009765625,22907.599609375,22907.599609375
2025-03-20,884.375,1321.699951171875,1615.550048828125,1269.1500244140625,3563.14990234375,23190.650390625,23190.650390625
2025-03-21,885.1749877929688,1343.0999755859375,1592.550048828125,1276.3499755859375,3578.10009765625,23350.400390625,23350.400390625
2025-03-24,900.0,1358.1500244140625,1592.75,1302.0999755859375,3628.949951171875,23658.349609375,23658.349609375
2025-03-25,910.7249755859375,1343.699951171875,1628.449951171875,1285.449951171875,3657.75,23668.650390625,23668.650390625
2025-03-26,903.2750244140625,1335.9000244140625,1599.449951171875,1273.050048828125,3635.800048828125,23486.849609375,23486.849609375
2025-03-27,912.6749877929688,1336.6500244140625,1603.550048828125,1278.199951171875,3651.199951171875,23591.94921875,23591.94921875
2025-03-28,914.0999755859375,1348.3499755859375,1570.6500244140625,1275.0999755859375,3606.14990234375,23519.349609375,23519.349609375
2025-04-01,883.9249877929688,1318.449951171875,1526.5,1252.5999755859375,3550.800048828125,23165.69921875,23165.69921875
2025-04-02,898.4500122070312,1331.25,1550.1500244140625,1251.1500244140625,3543.949951171875,23332.349609375,23332.349609375
2025-04-03,897.4249877929688,1329.550048828125,1496.5,1248.699951171875,3403.14990234375,23250.099609375,23250.099609375
2025-04-04,908.6500244140625,1335.300048828125,1451.6500244140625,1204.699951171875,3299.39990234375,22904.44921875,22904.44921875
2025-04-07,878.8499755859375,1287.550048828125,1396.75,1165.699951171875,3274.050048828125,22161.599609375,22161.599609375
2025-04-08,884.5750122070312,1299.9000244140625,1428.800048828125,1182.199951171875,3292.949951171875,22535.849609375,22535.849609375
2025-04-09,882.5,1300.800048828125,1403.699951171875,1185.3499755859375,3246.60009765625,22399.150390625,22399.150390625
2025-04-11,903.375,1311.6500244140625,1409.449951171875,1218.949951171875,3231.5,22828.55078125,22828.55078125
2025-04-15,932.4500122070312,1350.199951171875,1426.0,1240.0999755859375,3248.199951171875,23328.55078125,23328.55078125
2025-04-16,939.0,1356.4000244140625,1413.0999755859375,1239.300048828125,3273.800048828125,23437.19921875,23437.19921875
2025-04-17,953.3499755859375,1406.699951171875,1419.5,1274.5,3298.89990234375,23851.650390625,23851.650390625
2025-04-21,963.5499877929688,1409.800048828125,1451.0,1295.5,3321.60009765625,24125.55078125,24125.55078125
2025-04-22,980.8499755859375,1416.5,1422.800048828125,1291.199951171875,3314.39990234375,24167.25,24167.25
2025-04-23,961.9500122070312,1424.4000244140625,1474.9000244140625,1300.0,3413.0,24328.94921875,24328.94921875
2025-04-24,958.4000244140625,1402.699951171875,1471.4000244140625,1301.5999755859375,3401.60009765625,24246.69921875,24246.69921875
2025-04-25,955.5999755859375,1404.800048828125,1480.199951171875,1300.4000244140625,3448.0,24039.349609375,24039.349609375
2025-04-28,960.0999755859375,1428.800048828125,1482.0999755859375,1368.800048828125,3443.5,24328.5,24328.5
2025-04-29,954.4000244140625,1429.800048828125,1497.5,1399.699951171875,3472.5,24335.94921875,24335.94921875
2025-04-30,962.5,1427.0,1500.0999755859375,1405.0,3453.699951171875,24334.19921875,24334.19921875
2025-05-02,960.9500122070312,1430.0999755859375,1506.9000244140625,1419.800048828125,3431.0,24346.69921875,24346.69921875
2025-05-05,968.4000244140625,1429.4000244140625,1508.5999755859375,1431.300048828125,3454.300048828125,24461.150390625,24461.150390625
2025-05-06,965.8499755859375,1431.5999755859375,1511.5,1420.9000244140625,3460.0,24379.599609375,24379.599609375
2025-05-07,972.7999877929688,1435.4000244140625,1508.300048828125,1406.0,3445.10009765625,24414.400390625,24414.400390625
2025-05-08,964.25,1435.5,1511.4000244140625,1407.0,3448.89990234375,24273.80078125,24273.80078125
2025-05-09,944.8499755859375,1388.9000244140625,1507.5999755859375,1377.199951171875,3440.300048828125,24008.0,24008.0
2025-05-12,978.5999755859375,1448.5,1626.9000244140625,1436.5,3620.39990234375,24924.69921875,24924.69921875
2025-05-13,961.2999877929688,1430.5999755859375,1568.5999755859375,1415.699951171875,3515.0,24578.349609375,24578.349609375
2025-05-14,955.2999877929688,1426.199951171875,1592.4000244140625,1424.4000244140625,3548.699951171875,24666.900390625,24666.900390625
2025-05-15,966.9000244140625,1450.800048828125,1613.0,1454.199951171875,3579.89990234375,25062.099609375,25062.099609375
2025-05-16,967.3499755859375,1454.0,1589.9000244140625,1456.4000244140625,3561.300048828125,25019.80078125,25019.80078125
2025-05-19,969.3499755859375,1449.0,1559.800048828125,1440.800048828125,3518.800048828125,24945.44921875,24945.44921875
2025-05-20,957.4500122070312,1438.199951171875,1560.5999755859375,1424.5999755859375,3498.300048828125,24683.900390625,24683.900390625
2025-05-21,963.4000244140625,1444.699951171875,1568.5,1429.199951171875,3525.800048828125,24813.44921875,24813.44921875
2025-05-22,959.9500122070312,1442.0999755859375,1547.5,1409.4000244140625,3477.0,24609.69921875,24609.69921875
2025-05-23,966.7999877929688,1449.800048828125,1564.800048828125,1426.800048828125,3514.60009765625,24853.150390625,24853.150390625
2025-05-26,970.0999755859375,1460.5999755859375,1580.5,1434.800048828125,3537.300048828125,25001.150390625,25001.150390625
2025-05-27,963.1500244140625,1446.4000244140625,1570.0999755859375,1422.0999755859375,3498.699951171875,24826.19921875,24826.19921875
2025-05-28,961.75,1453.800048828125,1571.800048828125,1412.9000244140625,3497.699951171875,24752.44921875,24752.44921875
2025-05-29,963.75,1456.5,1585.5999755859375,1417.800048828125,3498.10009765625,24833.599609375,24833.599609375
2025-05-30,972.4500122070312,1445.800048828125,1562.699951171875,1420.9000244140625,3463.39990234375,24750.69921875,24750.69921875
2025-06-02,966.0499877929688,1450.5,1553.800048828125,1413.699951171875,3449.800048828125,24716.599609375,24716.599609375
2025-06-03,962.2999877929688,1437.9000244140625,1543.0,1405.5,3405.199951171875,24542.5,24542.5
2025-06-04,970.5999755859375,1431.0,1551.199951171875,1423.5,3380.89990234375,24620.19921875,24620.19921875
2025-06-05,974.7999877929688,1454.800048828125,1554.300048828125,1442.4000244140625,3371.10009765625,24750.900390625,24750.900390625
2025-06-06,989.3499755859375,1459.699951171875,1563.800048828125,1443.5,3384.199951171875,25003.05078125,25003.05078125
2025-06-09,989.4500122070312,1434.800048828125,1572.9000244140625,1448.800048828125,3421.89990234375,25103.19921875,25103.19921875
2025-06-10,982.6500244140625,1422.9000244140625,1596.0,1438.5,3462.89990234375,25104.25,25104.25
2025-06-11,975.2000122070312,1431.0,1631.0999755859375,1448.9000244140625,3471.89990234375,25141.400390625,25141.400390625
2025-06-12,971.7000122070312,1425.199951171875,1608.5999755859375,1441.5999755859375,3434.199951171875,24888.19921875,24888.19921875
2025-06-13,958.7999877929688,1416.0999755859375,1602.0,1427.9000244140625,3445.699951171875,24718.599609375,24718.599609375
2025-06-16,967.7000122070312,1426.9000244140625,1623.800048828125,1437.800048828125,3496.300048828125,24946.5,24946.5
2025-06-17,964.7999877929688,1423.199951171875,1639.9000244140625,1431.199951171875,3515.300048828125,24853.400390625,24853.400390625
2025-06-18,966.9500122070312,1412.5999755859375,1632.9000244140625,1430.0999755859375,3451.39990234375,24812.05078125,24812.05078125
2025-06-19,967.6500244140625,1411.300048828125,1618.4000244140625,1433.300048828125,3424.0,24793.25,24793.25
2025-06-20,982.3499755859375,1427.0999755859375,1622.9000244140625,1466.199951171875,3435.699951171875,25112.400390625,25112.400390625
2025-06-23,974.2000122070312,1420.0999755859375,1584.0,1456.800048828125,3393.60009765625,24971.900390625,24971.900390625
2025-06-24,980.4500122070312,1424.0999755859375,1581.5999755859375,1450.800048828125,3390.39990234375,25044.349609375,25044.349609375
2025-06-25,990.0999755859375,1425.800048828125,1614.9000244140625,1467.300048828125,3444.800048828125,25244.75,25244.75
2025-06-26,1010.9000244140625,1439.0999755859375,1616.0,1495.300048828125,3441.800048828125,25549.0,25549.0
2025-06-27,1007.4500122070312,1462.199951171875,1608.0,1515.4000244140625,3441.10009765625,25637.80078125,25637.80078125
2025-06-30,1000.75,1445.800048828125,1601.800048828125,1500.5999755859375,3462.0,25517.05078125,25517.05078125
2025-07-01,1006.0499877929688,1432.0,1606.800048828125,1528.4000244140625,3429.699951171875,25541.80078125,25541.80078125
2025-07-02,993.0,1427.800048828125,1610.5,1518.800048828125,3423.300048828125,25453.400390625,25453.400390625
2025-07-03,993.5499877929688,1425.9000244140625,1618.699951171875,1517.800048828125,3400.800048828125,25405.30078125,25405.30078125
2025-07-04,994.6500244140625,1442.800048828125,1640.699951171875,1527.300048828125,3419.800048828125,25461.0,25461.0
2025-07-07,993.7000122070312,1435.699951171875,1627.0,1541.5,3411.699951171875,25461.30078125,25461.30078125
2025-07-08,1000.7000122070312,1442.0,1638.699951171875,1537.5999755859375,3406.199951171875,25522.5,25522.5
2025-07-09,1005.5999755859375,1431.9000244140625,1633.699951171875,1519.0,3383.800048828125,25476.099609375,25476.099609375
2025-07-10,1003.0999755859375,1424.0999755859375,1615.800048828125,1517.199951171875,3382.0,25355.25,25355.25
2025-07-11,991.8499755859375,1421.9000244140625,1594.9000244140625,1495.199951171875,3266.0,25149.849609375,25149.849609375
2025-07-14,991.5,1423.0,1570.300048828125,1483.699951171875,3222.699951171875,25082.30078125,25082.30078125
2025-07-15,997.75,1430.800048828125,1585.5999755859375,1485.4000244140625,3252.300048828125,25195.80078125,25195.80078125
2025-07-16,998.1500244140625,1426.4000244140625,1607.9000244140625,1485.5999755859375,3233.10009765625,25212.05078125,25212.05078125
2025-07-17,993.4500122070312,1418.699951171875,1583.5,1476.4000244140625,3209.199951171875,25111.44921875,25111.44921875
2025-07-18,978.7000122070312,1425.800048828125,1586.0999755859375,1476.0,3189.89990234375,24968.400390625,24968.400390625
2025-07-21,1000.25,1465.800048828125,1584.300048828125,1428.5999755859375,3158.199951171875,25090.69921875,25090.69921875
2025-07-22,1003.5499877929688,1473.5999755859375,1570.9000244140625,1412.800048828125,3159.60009765625,25060.900390625,25060.900390625
2025-07-23,1012.1500244140625,1488.5999755859375,1574.5,1424.5999755859375,3179.10009765625,25219.900390625,25219.900390625
2025-07-24,1007.0999755859375,1483.4000244140625,1552.5,1402.9000244140625,3148.0,25062.099609375,25062.099609375
2025-07-25,1002.2999877929688,1477.0999755859375,1515.699951171875,1391.699951171875,3135.800048828125,24837.0,24837.0
2025-07-28,1004.25,1488.4000244140625,1516.0,1387.5999755859375,3079.300048828125,24680.900390625,24680.900390625
2025-07-29,1010.7999877929688,1486.199951171875,1513.699951171875,1417.0999755859375,3056.0,24821.099609375,24821.099609375
2025-07-30,1012.9000244140625,1482.4000244140625,1519.0,1410.0999755859375,3053.60009765625,24855.05078125,24855.05078125
2025-07-31,1009.0999755859375,1481.4000244140625,1509.0,1390.199951171875,3036.800048828125,24768.349609375,24768.349609375
2025-08-01,1006.0999755859375,1471.5999755859375,1469.5999755859375,1393.699951171875,3003.0,24565.349609375,24565.349609375
2025-08-04,996.0,1463.199951171875,1480.5,1411.5,3074.39990234375,24722.75,24722.75
2025-08-05,988.7999877929688,1444.4000244140625,1460.300048828125,1391.699951171875,3063.89990234375,24649.55078125,24649.55078125
2025-08-06,992.6500244140625,1443.5999755859375,1436.699951171875,1392.800048828125,3032.300048828125,24574.19921875,24574.19921875
2025-08-07,997.7000122070312,1440.300048828125,1436.9000244140625,1389.4000244140625,3047.0,24596.150390625,24596.150390625
2025-08-08,986.9500122070312,1435.9000244140625,1423.0999755859375,1367.800048828125,3036.39990234375,24363.30078125,24363.30078125
2025-08-11,997.7999877929688,1436.5999755859375,1428.199951171875,1386.199951171875,3040.800048828125,24585.05078125,24585.05078125
2025-08-12,984.9500122070312,1422.0,1424.0999755859375,1380.4000244140625,3035.39990234375,24487.400390625,24487.400390625
2025-08-13,990.1500244140625,1420.800048828125,1426.5999755859375,1382.5999755859375,3036.199951171875,24619.349609375,24619.349609375
2025-08-14,995.5499877929688,1427.300048828125,1447.699951171875,1373.800048828125,3022.300048828125,24631.30078125,24631.30078125
2025-08-18,1001.7999877929688,1434.5999755859375,1435.800048828125,1381.699951171875,3011.199951171875,24876.94921875,24876.94921875
2025-08-19,995.5499877929688,1436.300048828125,1440.0,1420.0999755859375,3016.199951171875,24980.650390625,24980.650390625
2025-08-20,994.0999755859375,1430.5999755859375,1496.199951171875,1413.0,3098.60009765625,25050.55078125,25050.55078125
2025-08-21,995.5999755859375,1446.0,1496.4000244140625,1424.800048828125,3102.60009765625,25083.75,25083.75
2025-08-22,982.2999877929688,1436.4000244140625,1487.5,1409.199951171875,3054.0,24870.099609375,24870.099609375
2025-08-25,982.0499877929688,1433.199951171875,1532.0999755859375,1412.5999755859375,3140.60009765625,24967.75,24967.75
2025-08-26,973.4000244140625,1416.5999755859375,1529.5999755859375,1384.9000244140625,3157.199951171875,24712.05078125,24712.05078125
2025-08-28,957.7999877929688,1399.0999755859375,1500.0999755859375,1385.9000244140625,3093.699951171875,24500.900390625,24500.900390625
2025-08-29,951.5999755859375,1397.800048828125,1469.5999755859375,1357.199951171875,3084.699951171875,24426.849609375,24426.849609375
2025-09-01,950.5999755859375,1411.0,1499.4000244140625,1353.9000244140625,3112.60009765625,24625.05078125,24625.05078125
2025-09-02,944.5,1394.199951171875,1498.699951171875,1366.5,3111.5,24579.599609375,24579.599609375
2025-09-03,954.4500122070312,1397.0,1479.0999755859375,1372.5999755859375,3097.5,24715.05078125,24715.05078125
2025-09-04,961.25,1405.5,1463.0,1359.300048828125,3095.699951171875,24734.30078125,24734.30078125
2025-09-05,963.4000244140625,1402.800048828125,1444.5999755859375,1375.0,3048.300048828125,24741.0,24741.0
2025-09-08,966.0,1402.699951171875,1432.9000244140625,1378.5,3019.0,24773.150390625,24773.150390625
2025-09-09,965.1500244140625,1403.699951171875,1504.300048828125,1376.199951171875,3049.39990234375,24868.599609375,24868.599609375
2025-09-10,965.9000244140625,1403.9000244140625,1532.5999755859375,1377.0,3110.0,24973.099609375,24973.099609375
2025-09-11,967.7999877929688,1401.5999755859375,1509.699951171875,1383.300048828125,3124.199951171875,25005.5,25005.5
2025-09-12,967.2999877929688,1417.699951171875,1525.5999755859375,1395.0,3133.39990234375,25114.0,25114.0
2025-09-15,967.0499877929688,1419.4000244140625,1508.4000244140625,1399.300048828125,3111.89990234375,25069.19921875,25069.19921875
2025-09-16,966.8499755859375,1421.5999755859375,1511.300048828125,1405.300048828125,3145.699951171875,25239.099609375,25239.099609375
2025-09-17,966.5,1419.199951171875,1522.4000244140625,1413.800048828125,3172.800048828125,25330.25,25330.25
2025-09-18,976.9000244140625,1421.699951171875,1540.5999755859375,1415.0,3176.699951171875,25423.599609375,25423.599609375
2025-09-19,966.9000244140625,1402.199951171875,1540.199951171875,1407.4000244140625,3169.199951171875,25327.05078125,25327.05078125
2025-09-22,964.2000122070312,1401.5,1499.5,1390.5999755859375,3073.800048828125,25202.349609375,25202.349609375
2025-09-23,957.2000122070312,1394.300048828125,1497.5,1389.800048828125,3062.39990234375,25169.5,25169.5
2025-09-24,951.0499877929688,1382.699951171875,1494.5999755859375,1383.0,3035.39990234375,25056.900390625,25056.900390625
2025-09-25,949.8499755859375,1375.800048828125,1484.800048828125,1372.4000244140625,2957.39990234375,24890.849609375,24890.849609375
2025-09-26,945.0499877929688,1359.5999755859375,1448.9000244140625,1377.5999755859375,2899.10009765625,24654.69921875,24654.69921875
2025-09-29,950.2999877929688,1348.0999755859375,1441.800048828125,1372.800048828125,2896.10009765625,24634.900390625,24634.900390625
2025-09-30,951.0,1348.0,1441.800048828125,1364.0,2888.39990234375,24611.099609375,24611.099609375
2025-10-01,965.25,1372.0,1445.800048828125,1368.699951171875,2914.199951171875,24836.30078125,24836.30078125
2025-10-03,965.1500244140625,1365.199951171875,1446.5999755859375,1363.4000244140625,2901.89990234375,24894.25,24894.25
2025-10-06,973.4500122070312,1363.4000244140625,1476.0,1375.0,2988.39990234375,25077.650390625,25077.650390625
2025-10-07,982.5,1375.9000244140625,1458.5,1384.800048828125,2973.699951171875,25108.30078125,25108.30078125
2025-10-08,978.7000122070312,1370.300048828125,1495.0,1367.4000244140625,3027.199951171875,25046.150390625,25046.150390625
2025-10-09,977.0999755859375,1376.199951171875,1509.300048828125,1377.800048828125,3061.699951171875,25181.80078125,25181.80078125
2025-10-10,980.9000244140625,1380.300048828125,1514.9000244140625,1381.699951171875,3028.300048828125,25285.349609375,25285.349609375
2025-10-13,977.0,1379.4000244140625,1493.199951171875,1375.0,3007.199951171875,25227.349609375,25227.349609375
2025-10-14,977.1500244140625,1384.0999755859375,1489.9000244140625,1375.9000244140625,2960.300048828125,25145.5,25145.5
2025-10-15,978.25,1398.4000244140625,1474.4000244140625,1374.300048828125,2969.800048828125,25323.55078125,25323.55078125
2025-10-16,994.3499755859375,1417.300048828125,1471.5,1398.300048828125,2970.699951171875,25585.30078125,25585.30078125
2025-10-17,1002.5499877929688,1436.5999755859375,1441.0999755859375,1416.800048828125,2962.199951171875,25709.849609375,25709.849609375
2025-10-20,1002.9500122070312,1390.300048828125,1460.9000244140625,1466.800048828125,3015.199951171875,25843.150390625,25843.150390625
2025-10-21,1007.7000122070312,1382.0,1472.4000244140625,1465.199951171875,3006.699951171875,25868.599609375,25868.599609375
2025-10-23,1008.7999877929688,1363.699951171875,1528.5,1448.4000244140625,3073.199951171875,25891.400390625,25891.400390625
2025-10-24,994.75,1377.699951171875,1525.4000244140625,1451.5999755859375,3063.199951171875,25795.150390625,25795.150390625
2025-10-27,1002.9500122070312,1377.5999755859375,1504.5,1484.0999755859375,3084.89990234375,25966.05078125,25966.05078125
2025-10-28,1003.5499877929688,1363.0999755859375,1500.199951171875,1486.9000244140625,3057.89990234375,25936.19921875,25936.19921875
2025-10-29,1007.8499755859375,1370.4000244140625,1510.4000244140625,1504.199951171875,3057.60009765625,26053.900390625,26053.900390625
2025-10-30,998.1500244140625,1362.4000244140625,1493.800048828125,1488.5,3035.300048828125,25877.849609375,25877.849609375
2025-10-31,987.2999877929688,1345.300048828125,1482.300048828125,1486.4000244140625,3058.0,25722.099609375,25722.099609375
2025-11-03,992.6500244140625,1346.4000244140625,1485.5,1484.699951171875,3016.800048828125,25763.349609375,25763.349609375
2025-11-04,985.25,1336.9000244140625,1467.9000244140625,1473.0999755859375,2990.199951171875,25597.650390625,25597.650390625
2025-11-06,984.6500244140625,1320.4000244140625,1466.699951171875,1496.0999755859375,3010.89990234375,25509.69921875,25509.69921875
2025-11-07,982.2999877929688,1343.0,1476.800048828125,1478.0,2991.800048828125,25492.30078125,25492.30078125
2025-11-10,984.5,1348.0,1513.5,1489.300048828125,3025.199951171875,25574.349609375,25574.349609375
2025-11-11,991.7000122070312,1358.300048828125,1530.300048828125,1493.4000244140625,3047.0,25694.94921875,25694.94921875
2025-11-12,989.5,1358.9000244140625,1551.699951171875,1511.5,3131.800048828125,25875.80078125,25875.80078125
2025-11-13,986.6500244140625,1385.9000244140625,1541.800048828125,1510.9000244140625,3105.699951171875,25879.150390625,25879.150390625
2025-11-14,989.5999755859375,1373.0,1502.800048828125,1518.9000244140625,3106.0,25910.05078125,25910.05078125
2025-11-17,996.5499877929688,1379.0,1507.5999755859375,1518.300048828125,3102.199951171875,26013.44921875,26013.44921875
2025-11-18,992.4500122070312,1373.4000244140625,1486.4000244140625,1519.4000244140625,3087.10009765625,25910.05078125,25910.05078125
2025-11-19,994.5999755859375,1383.0999755859375,1541.0999755859375,1518.9000244140625,3147.699951171875,26052.650390625,26052.650390625
2025-11-20,1008.8499755859375,1383.0,1536.5,1549.0999755859375,3144.800048828125,26192.150390625,26192.150390625
2025-11-21,998.0499877929688,1369.5,1545.0,1546.5999755859375,3150.60009765625,26068.150390625,26068.150390625
2025-11-24,999.1500244140625,1368.4000244140625,1548.0,1535.9000244140625,3141.199951171875,25959.5,25959.5
2025-11-25,989.7999877929688,1357.800048828125,1530.5999755859375,1539.699951171875,3119.199951171875,25884.80078125,25884.80078125
2025-11-26,1003.9000244140625,1375.0,1557.9000244140625,1569.9000244140625,3162.89990234375,26205.30078125,26205.30078125
2025-11-27,1009.5,1392.199951171875,1566.4000244140625,1563.4000244140625,3136.60009765625,26215.55078125,26215.55078125
2025-11-28,1007.5999755859375,1388.800048828125,1560.0999755859375,1567.5,3137.5,26202.94921875,26202.94921875
2025-12-01,1002.0999755859375,1390.0999755859375,1564.0,1566.0999755859375,3133.39990234375,26175.75,26175.75
2025-12-02,989.7999877929688,1373.0,1561.0,1546.300048828125,3135.699951171875,26032.19921875,26032.19921875
2025-12-03,1000.5,1391.5,1578.699951171875,1538.800048828125,3180.0,25986.0,25986.0
2025-12-04,997.2000122070312,1386.699951171875,1597.5999755859375,1535.5999755859375,3229.199951171875,26033.75,26033.75
2025-12-05,1003.2999877929688,1392.5,1616.199951171875,1540.5999755859375,3238.199951171875,26186.44921875,26186.44921875
2025-12-08,1003.0999755859375,1389.5999755859375,1610.800048828125,1543.0,3236.5,25960.55078125,25960.55078125
2025-12-09,997.0999755859375,1375.199951171875,1599.0,1529.4000244140625,3208.300048828125,25839.650390625,25839.650390625
2025-12-10,989.7999877929688,1363.5999755859375,1584.800048828125,1536.9000244140625,3189.199951171875,25758.0,25758.0
2025-12-11,1000.2999877929688,1360.0,1598.0,1545.0,3191.89990234375,25898.55078125,25898.55078125
2025-12-12,1001.5,1366.0,1598.199951171875,1556.5,3220.5,26046.94921875,26046.94921875
2025-12-15,996.0999755859375,1365.199951171875,1606.800048828125,1556.199951171875,3230.199951171875,26027.30078125,26027.30078125
2025-12-16,994.2999877929688,1366.0,1592.9000244140625,1542.300048828125,3205.10009765625,25860.099609375,25860.099609375
2025-12-17,984.0,1352.4000244140625,1602.0,1544.4000244140625,3217.800048828125,25818.55078125,25818.55078125
2025-12-18,979.7000122070312,1356.800048828125,1626.800048828125,1544.4000244140625,3280.800048828125,25815.55078125,25815.55078125
2025-12-19,985.5,1354.0999755859375,1638.699951171875,1565.0999755859375,3282.0,25966.400390625,25966.400390625
2025-12-22,987.7000122070312,1368.5,1689.5999755859375,1575.4000244140625,3324.89990234375,26172.400390625,26172.400390625
2025-12-23,996.5999755859375,1363.0,1668.300048828125,1570.699951171875,3310.0,26177.150390625,26177.150390625
2025-12-24,997.2000122070312,1359.800048828125,1663.4000244140625,1558.199951171875,3319.0,26142.099609375,26142.099609375
2025-12-26,992.0999755859375,1350.4000244140625,1656.0999755859375,1559.199951171875,3280.0,26042.30078125,26042.30078125
2025-12-29,991.7000122070312,1343.300048828125,1644.699951171875,1545.5999755859375,3251.5,25942.099609375,25942.099609375
2025-12-30,990.9000244140625,1342.5,1621.5999755859375,1539.800048828125,3246.800048828125,25938.849609375,25938.849609375
2025-12-31,991.2000122070312,1342.9000244140625,1615.4000244140625,1570.4000244140625,3206.199951171875,26129.599609375,26129.599609375
