Price,Adj Close,Adj Close,Adj Close,Adj Close,Adj Close,Adj Close,Close,Close,Close,Close,Close,Close,High,High,High,High,High,High,Low,Low,Low,Low,Low,Low,Open,Open,Open,Open,Open,Open,Volume,Volume,Volume,Volume,Volume,Volume
Ticker,HDFCBANK.NS,ICICIBANK.NS,INFY.NS,RELIANCE.NS,TCS.NS,^NSEI,HDFCBANK.NS,ICICIBANK.NS,INFY.NS,RELIANCE.NS,TCS.NS,^NSEI,HDFCBANK.NS,ICICIBANK.NS,INFY.NS,RELIANCE.NS,TCS.NS,^NSEI,HDFCBANK.NS,ICICIBANK.NS,INFY.NS,RELIANCE.NS,TCS.NS,^NSEI,HDFCBANK.NS,ICICIBANK.NS,INFY.NS,RELIANCE.NS,TCS.NS,^NSEI,HDFCBANK.NS,ICICIBANK.NS,INFY.NS,RELIANCE.NS,TCS.NS,^NSEI
Date,,,,,,,,,,,,,,,,,,,,,,,,,,,,,,,,,,,,
2021-01-01,663.90576171875,505.9262390136719,1086.09716796875,897.047119140625,2521.07421875,14018.5,712.5250244140625,527.5,1260.449951171875,917.23095703125,2928.25,14018.5,721.5,537.0,1265.5,921.6151733398438,2940.0,14049.849609375,710.2999877929688,526.0999755859375,1255.800048828125,914.6926879882812,2879.0,13991.349609375,720.0,535.5499877929688,1257.9000244140625,917.461669921875,2880.0,13996.099609375,8810938,13592625,4253550,10015175,2681440,358100
2021-01-04,659.6895141601562,509.9544372558594,1110.0517578125,898.5591430664062,2616.8115234375,14132.900390625,708.0,531.7000122070312,1288.25,918.7769775390625,3039.449951171875,14132.900390625,719.0,535.0,1290.0,922.4920043945312,3050.75,14147.9501953125,699.5,524.2999877929688,1261.1500244140625,908.231689453125,2940.949951171875,13953.75,719.0,532.2999877929688,1269.0,920.7383422851562,2950.0,14104.349609375,15740192,16549750,7208454,24513534,5113293,495000
2021-01-05,664.6743774414062,515.2775268554688,1114.8341064453125,887.3882446289062,2662.915283203125,14199.5,713.3499755859375,537.25,1293.800048828125,907.3548583984375,3093.0,14199.5,715.375,539.9500122070312,1299.0,915.4310913085938,3114.25,14215.599609375,704.5,523.0,1275.050048828125,902.6936645507812,3039.60009765625,14048.150390625,709.5999755859375,526.6500244140625,1282.0,908.6931762695312,3039.60009765625,14075.150390625,14386824,23311516,8145280,24123091,5801309,492500
2021-01-06,661.8091430664062,524.3409423828125,1104.75244140625,863.9860229492188,2627.186279296875,14146.25,710.2750244140625,546.7000122070312,1282.0999755859375,883.4260864257812,3051.5,14146.25,720.0,550.5999755859375,1302.0,907.3086547851562,3113.5,14244.150390625,706.5499877929688,535.8499755859375,1268.050048828125,879.2264404296875,3037.199951171875,14039.900390625,717.5,538.75,1300.0,907.2625122070312,3100.0,14240.9501953125,22134050,28178838,7161715,46401468,3726716,632300
2021-01-07,659.8060302734375,518.969970703125,1087.5621337890625,862.5868530273438,2611.0859375,14137.349609375,708.125,541.0999755859375,1262.1500244140625,881.9954223632812,3032.800048828125,14137.349609375,716.2999877929688,554.4000244140625,1297.6500244140625,897.6171875,3080.85009765625,14256.25,706.2750244140625,539.75,1255.5,879.2264404296875,3000.25,14123.099609375,716.25,552.1500244140625,1296.0,886.3104248046875,3075.0,14253.75,19894842,21138034,10954918,32325918,3717827,559200
2021-01-08,666.98046875,519.8811645507812,1130.602783203125,872.7647094726562,2686.935791015625,14347.25,715.8250122070312,542.0499877929688,1312.0999755859375,892.4022216796875,3120.89990234375,14347.25,721.0,547.0999755859375,1316.800048828125,894.5712890625,3128.0,14367.2998046875,711.5499877929688,536.3499755859375,1278.25,882.433837890625,3060.0,14221.650390625,716.0,547.0,1278.25,885.1566772460938,3090.0,14258.400390625,13768764,21937965,13186251,27540187,5879039,613500
2021-01-11,676.2048950195312,522.4227294921875,1185.8360595703125,856.313232421875,2734.760986328125,14484.75,725.7249755859375,544.7000122070312,1376.199951171875,875.58056640625,3176.449951171875,14484.75,732.4500122070312,546.0,1383.3499755859375,894.755859375,3230.0,14498.2001953125,718.1500244140625,535.0,1340.0,873.388427734375,3146.550048828125,14383.099609375,725.0,545.1500244140625,1342.0999755859375,894.755859375,3230.0,14474.0498046875,17331392,19394393,20528626,33307825,9508039,672900
2021-01-12,689.9718017578125,525.5877075195312,1182.001708984375,883.3036499023438,2733.384521484375,14563.4501953125,740.5,548.0,1371.75,903.1782836914062,3174.85009765625,14563.4501953125,743.8499755859375,550.6500244140625,1378.0,904.5396728515625,3210.0,14590.650390625,724.5499877929688,537.0999755859375,1360.0,876.8035278320312,3150.0,14432.849609375,726.2249755859375,541.0,1378.0,878.2341918945312,3176.449951171875,14473.7998046875,20388156,16388310,8309868,41161546,3611458,929600
2021-01-13,685.1499633789062,533.7401733398438,1195.2713623046875,875.0665893554688,2719.695068359375,14564.849609375,735.3250122070312,556.5,1387.1500244140625,894.755859375,3158.949951171875,14564.849609375,748.4500122070312,561.0,1392.800048828125,911.4390869140625,3177.0,14653.349609375,731.0499877929688,548.25,1360.0,885.3643798828125,3126.25,14435.7001953125,746.4500122070312,551.5,1373.8499755859375,906.177978515625,3175.0,14639.7998046875,16934650,21920297,14442997,26619458,3572801,874000
2021-01-14,684.2647094726562,530.6709594726562,1180.924560546875,884.9058837890625,2804.01318359375,14595.599609375,734.375,553.2999877929688,1370.5,904.8165893554688,3250.699951171875,14595.599609375,744.0,558.4500122070312,1384.0,907.7240600585938,3266.5,14617.7998046875,728.0,550.5999755859375,1318.449951171875,894.8712768554688,3120.39990234375,14471.5,735.5750122070312,554.0499877929688,1360.0,897.6171875,3155.0,14550.0498046875,12297166,13330898,27521697,21553242,6931542,620200
2021-01-15,683.286376953125,520.792236328125,1158.90869140625,874.457275390625,2789.04736328125,14433.7001953125,733.3250122070312,543.0,1344.949951171875,894.1328735351562,3233.35009765625,14433.7001953125,735.8250122070312,551.0,1364.449951171875,910.9083862304688,3274.0,14617.4501953125,722.5,541.5,1340.0,886.102783203125,3210.0,14357.849609375,734.5499877929688,550.0,1360.0,904.8165893554688,3235.0,14594.349609375,14165236,15708956,15018441,20593268,4131692,789600
2021-01-18,690.9501342773438,511.34515380859375,1130.5596923828125,895.4447631835938,2779.041259765625,14281.2998046875,741.5499877929688,533.1500244140625,1312.050048828125,915.5925903320312,3221.75,14281.2998046875,751.4249877929688,548.4000244140625,1340.0,921.6151733398438,3256.75,14459.150390625,733.5,528.9000244140625,1306.0,887.625732421875,3187.39990234375,14222.7998046875,734.9500122070312,544.5,1338.0,899.5093383789062,3250.0,14453.2998046875,42825632,21580313,8861765,35100458,4160906,762000
2021-01-19,700.6171875,524.1012573242188,1134.5230712890625,910.0910034179688,2812.638671875,14521.150390625,751.9249877929688,546.4500122070312,1316.6500244140625,930.5682983398438,3260.699951171875,14521.150390625,755.8250122070312,547.75,1331.0,937.30615234375,3279.0,14546.0498046875,733.5,533.9000244140625,1312.0,920.5306396484375,3232.0,14350.849609375,745.9000244140625,539.0,1320.0,920.5306396484375,3233.0,14371.650390625,17360254,20575358,5585744,32006615,2975735,546100
2021-01-20,695.0964965820312,528.4651489257812,1154.1695556640625,927.3773803710938,2854.12939453125,14644.7001953125,746.0,551.0,1339.449951171875,948.2437133789062,3308.800048828125,14644.7001953125,750.5,554.5999755859375,1348.4000244140625,949.7666625976562,3327.949951171875,14666.4501953125,743.0,546.0,1320.550048828125,923.645751953125,3267.10009765625,14517.5498046875,750.5,546.4500122070312,1320.550048828125,932.8757934570312,3270.0,14538.2998046875,13346052,16097138,8225838,30924537,3453446,623100
2021-01-21,687.0833129882812,530.0956420898438,1154.385009765625,947.5524291992188,2823.981689453125,14590.349609375,737.4000244140625,552.7000122070312,1339.699951171875,968.8727416992188,3273.85009765625,14590.349609375,747.1749877929688,561.0,1361.050048828125,978.379638671875,3309.14990234375,14753.5498046875,734.0750122070312,549.7000122070312,1335.0,957.6121826171875,3262.10009765625,14517.25,746.0,555.0,1350.0,960.8426513671875,3305.0,14730.9501953125,26333054,18189277,6142421,39087742,2778546,704600
2021-01-22,672.5245971679688,511.968505859375,1155.3758544921875,925.0755615234375,2849.212890625,14371.900390625,721.7750244140625,533.7999877929688,1340.8499755859375,945.8900756835938,3303.10009765625,14371.900390625,733.9500122070312,553.5,1356.0,976.2337036132812,3325.0,14619.900390625,720.0750122070312,530.5999755859375,1326.550048828125,939.2213745117188,3241.89990234375,14357.75,733.9500122070312,553.0999755859375,1327.0,974.2261352539062,3241.89990234375,14583.400390625,15392364,24515997,9646591,30532660,3052459,776800
2021-01-25,681.5159912109375,516.044677734375,1141.804443359375,876.0595092773438,2839.033935546875,14238.900390625,731.4249877929688,538.0499877929688,1325.0999755859375,895.7711791992188,3291.300048828125,14238.900390625,740.5,542.2999877929688,1347.9000244140625,939.1290893554688,3339.800048828125,14491.099609375,727.5750122070312,531.2000122070312,1313.0,891.61767578125,3278.64990234375,14218.599609375,732.5499877929688,536.5499877929688,1345.0,939.1290893554688,3308.949951171875,14477.7998046875,20344718,23415249,6542611,54207104,2272887,618600
2021-01-27,656.7078247070312,500.9868469238281,1121.0380859375,855.2976684570312,2812.941162109375,13967.5,704.7999877929688,522.3499755859375,1301.0,874.5421752929688,3261.050048828125,13967.5,735.9500122070312,539.2000122070312,1327.550048828125,888.38720703125,3306.449951171875,14237.9501953125,703.0750122070312,519.0999755859375,1285.0999755859375,871.3117065429688,3227.0,13929.2998046875,734.0,537.7999877929688,1319.5999755859375,888.38720703125,3300.0,14237.9501953125,23556276,28049286,8133665,42370131,2786662,660700
2021-01-28,638.934326171875,506.6455993652344,1099.6685791015625,846.9703369140625,2757.304443359375,13817.5498046875,685.7249755859375,528.25,1276.199951171875,866.0275268554688,3196.550048828125,13817.5498046875,700.6500244140625,529.8499755859375,1296.449951171875,887.6026611328125,3275.0,13898.25,671.0,512.0,1272.550048828125,863.0046997070312,3183.800048828125,13713.25,694.9500122070312,514.5999755859375,1291.800048828125,867.6889038085938,3230.0,13810.400390625,42704446,29836591,4660690,34067814,3083938,637900
2021-01-29,647.8094482421875,515.0376586914062,1067.657470703125,831.3538208007812,2683.811767578125,13634.599609375,695.25,537.0,1239.050048828125,850.0596313476562,3111.35009765625,13634.599609375,704.375,544.9500122070312,1291.1500244140625,882.8953247070312,3216.85009765625,13966.849609375,682.25,529.4500122070312,1231.0,844.544677734375,3100.0,13596.75,695.6749877929688,533.3499755859375,1286.25,874.2191162109375,3210.050048828125,13946.599609375,28704502,33172808,12183519,43712383,5445659,753200
2021-02-01,687.9918212890625,579.1056518554688,1086.4849853515625,855.43310546875,2707.963623046875,14281.2001953125,738.375,603.7999877929688,1260.9000244140625,874.6806640625,3139.35009765625,14281.2001953125,741.25,609.4500122070312,1277.949951171875,879.1571655273438,3165.0,14336.349609375,700.5,551.0,1241.0,852.8516845703125,3044.10009765625,13661.75,705.125,552.0,1250.550048828125,858.11279296875,3100.0,13758.599609375,26370544,69354326,8880279,34180952,3985846,870500
2021-02-02,727.03271484375,592.1015014648438,1095.4034423828125,869.1990356445312,2763.25537109375,14647.849609375,780.2750244140625,617.3499755859375,1271.25,888.7564086914062,3203.449951171875,14647.849609375,789.25,624.0,1294.4000244140625,895.3096923828125,3224.0,14731.7001953125,748.7000122070312,598.7000122070312,1263.5999755859375,856.0591430664062,3150.0,14469.150390625,750.5,613.0,1280.0,883.4260864257812,3174.0,14481.099609375,42420206,42362384,6892490,41470034,2881837,915000
2021-02-03,733.671630859375,596.89697265625,1106.949951171875,871.38818359375,2760.32275390625,14789.9501953125,787.4000244140625,622.3499755859375,1284.6500244140625,890.9946899414062,3200.050048828125,14789.9501953125,790.8499755859375,627.5,1304.0,900.84765625,3236.0,14868.849609375,771.0,614.0,1273.0,876.8496704101562,3162.64990234375,14574.150390625,789.5,623.4000244140625,1277.6500244140625,889.91015625,3213.0,14754.900390625,20237254,27155908,8182968,30301696,2505866,869500
2021-02-04,735.6748046875,602.6036987304688,1102.3828125,868.5220336914062,2750.317138671875,14895.650390625,789.5499877929688,628.2999877929688,1279.3499755859375,888.0641479492188,3188.449951171875,14895.650390625,794.0,631.6500244140625,1293.4000244140625,895.3096923828125,3237.85009765625,14913.7001953125,771.7249755859375,609.0,1272.050048828125,879.1571655273438,3176.0,14714.75,783.0,618.7999877929688,1285.0,887.9256591796875,3216.050048828125,14789.0498046875,24484684,29982222,5032240,25626981,2057261,884700
2021-02-05,744.2935791015625,589.032470703125,1096.1357421875,868.2738037109375,2724.008056640625,14924.25,798.7999877929688,614.1500244140625,1272.0999755859375,887.810302734375,3157.949951171875,14924.25,809.125,635.2999877929688,1288.75,897.4556884765625,3205.85009765625,15014.650390625,774.0,611.0,1262.0,886.0797119140625,3129.0,14864.75,774.0,628.2999877929688,1286.4000244140625,890.7177734375,3198.949951171875,14952.599609375,27054716,32015570,5477481,20248046,2366135,935600
2021-02-08,747.8577270507812,603.8504638671875,1123.2353515625,880.776123046875,2772.4423828125,15115.7998046875,802.625,629.5999755859375,1303.550048828125,900.5938720703125,3214.10009765625,15115.7998046875,815.8250122070312,633.9500122070312,1310.0,908.6931762695312,3226.0,15159.900390625,797.8499755859375,622.3499755859375,1275.5,890.2562866210938,3155.14990234375,15041.0498046875,810.0,622.3499755859375,1285.5,892.1022338867188,3189.5,15064.2998046875,17447580,18230551,6921922,21183400,2526592,671200
2021-02-09,750.9325561523438,607.4471435546875,1124.958740234375,882.8973999023438,2740.35400390625,15109.2998046875,805.9249877929688,633.3499755859375,1305.550048828125,902.7628784179688,3176.89990234375,15109.2998046875,814.0,643.2000122070312,1332.0,918.2000732421875,3245.800048828125,15257.099609375,793.3499755859375,628.5999755859375,1297.8499755859375,900.9861450195312,3164.0,15064.2998046875,805.0,631.3499755859375,1306.9000244140625,905.4396362304688,3195.0,15164.150390625,18421366,27155615,7965949,19604141,2658751,713300
2021-02-10,736.9094848632812,606.2962646484375,1117.1605224609375,891.0892944335938,2771.75244140625,15106.5,790.875,632.1500244140625,1296.5,911.1390991210938,3213.300048828125,15106.5,807.4249877929688,638.2000122070312,1304.3499755859375,915.9617919921875,3219.39990234375,15168.25,783.5,626.4000244140625,1283.5999755859375,889.4486083984375,3157.300048828125,14977.2001953125,804.1749877929688,633.3499755859375,1295.800048828125,901.6553344726562,3185.0,15119.0498046875,19788006,23967387,5951207,21234156,2127983,624800
2021-02-11,732.5302124023438,604.8576049804688,1113.8431396484375,927.8286743164062,2765.455322265625,15173.2998046875,786.1749877929688,630.6500244140625,1292.6500244140625,948.7052001953125,3206.0,15173.2998046875,798.9000244140625,633.5999755859375,1296.0,952.6279907226562,3219.300048828125,15188.5,782.0999755859375,624.0999755859375,1283.050048828125,910.1930541992188,3185.050048828125,15065.400390625,791.0,626.75,1289.0,913.7696533203125,3215.0,15073.25,13648618,16072702,4673317,42539278,1165882,500100
2021-02-12,737.0026245117188,621.1142578125,1128.6209716796875,921.4647827148438,2752.344482421875,15163.2998046875,790.9749755859375,647.5999755859375,1309.800048828125,942.1980590820312,3190.800048828125,15163.2998046875,796.25,649.9000244140625,1323.75,958.9966430664062,3245.5,15243.5,786.5,629.4000244140625,1301.550048828125,930.1067504882812,3182.0,15081.0,786.9500122070312,629.9000244140625,1305.0,948.6129150390625,3184.199951171875,15186.2001953125,9910106,19049709,5797875,30497029,2777404,571800
2021-02-15,753.1455078125,646.3867797851562,1128.4918212890625,917.4027099609375,2708.395263671875,15314.7001953125,808.2999877929688,673.9500122070312,1309.6500244140625,938.0445556640625,3139.85009765625,15314.7001953125,812.5,676.7999877929688,1328.4000244140625,951.2896118164062,3209.0,15340.150390625,798.3499755859375,652.0,1307.0999755859375,934.5371704101562,3131.550048828125,15243.400390625,800.0499877929688,655.0,1320.0,945.1747436523438,3209.0,15270.2998046875,10355244,27155194,4363513,15791099,2630853,456000
2021-02-16,757.8275756835938,631.4247436523438,1111.9044189453125,929.5439453125,2681.612060546875,15313.4501953125,813.3250122070312,658.3499755859375,1290.4000244140625,950.4589233398438,3108.800048828125,15313.4501953125,820.5,679.4000244140625,1319.75,959.6427612304688,3167.64990234375,15431.75,804.2249755859375,649.5499877929688,1286.0,939.1521606445312,3100.0,15242.2001953125,810.5999755859375,673.4000244140625,1314.0,941.3442993164062,3150.0,15371.4501953125,13897358,24966739,6896421,21421660,3435770,648500
2021-02-17,739.1223754882812,630.465576171875,1104.0631103515625,940.26318359375,2650.81787109375,15208.900390625,793.25,657.3499755859375,1281.300048828125,961.4195556640625,3073.10009765625,15208.900390625,810.9000244140625,664.9500122070312,1294.5,967.2805786132812,3132.85009765625,15314.2998046875,791.5,649.3499755859375,1275.0,946.3515625,3045.550048828125,15170.75,810.0,654.7999877929688,1290.4000244140625,950.6896362304688,3105.10009765625,15279.900390625,12794426,21684753,4575741,23742994,3678426,504800
2021-02-18,724.1210327148438,618.2850341796875,1113.6708984375,933.2449340820312,2637.231689453125,15118.9501953125,777.1500244140625,644.6500244140625,1292.449951171875,954.2432250976562,3057.35009765625,15118.9501953125,802.9749755859375,652.4000244140625,1306.0,973.0262451171875,3097.89990234375,15250.75,774.0,637.5999755859375,1275.0,950.2742919921875,3031.0,15078.0498046875,802.9749755859375,650.0,1276.0,962.2271728515625,3065.0,15238.7001953125,14720560,27845347,6437551,18646877,4189909,770600
2021-02-19,717.0396118164062,598.5275268554688,1112.6798095703125,938.9318237304688,2649.7392578125,14981.75,769.5499877929688,624.0499877929688,1291.300048828125,960.05810546875,3071.85009765625,14981.75,782.0999755859375,635.5,1299.5,971.43408203125,3087.14990234375,15144.0498046875,766.5,619.0,1276.800048828125,947.5975952148438,3016.14990234375,14898.2001953125,772.5,635.5,1296.0999755859375,949.30517578125,3058.0,15074.7998046875,17139508,24055811,5389696,23403483,3725028,712200
2021-02-22,721.1858520507812,584.908203125,1090.1900634765625,906.3446655273438,2551.921630859375,14675.7001953125,774.0,609.8499755859375,1265.199951171875,926.73779296875,2958.449951171875,14675.7001953125,786.9500122070312,629.2999877929688,1308.550048828125,964.488525390625,3096.0,15010.099609375,769.7249755859375,607.2999877929688,1260.0,920.6691284179688,2943.14990234375,14635.0498046875,772.5250244140625,622.0,1295.0,959.919677734375,3096.0,14999.0498046875,29451838,27092321,7371303,23804335,5366696,609900
2021-02-23,712.404052734375,591.094482421875,1091.18115234375,913.2728881835938,2570.68359375,14707.7998046875,764.5750122070312,616.2999877929688,1266.3499755859375,933.8218383789062,2980.199951171875,14707.7998046875,778.8499755859375,623.0499877929688,1291.0,947.4130249023438,3028.0,14854.5,761.3250122070312,609.0499877929688,1257.550048828125,929.2760620117188,2968.0,14651.849609375,776.875,614.75,1271.1500244140625,945.1516723632812,2970.0,14782.25,18239906,23534585,6612942,25644108,3832829,744100
2021-02-24,748.4166870117188,614.8801879882812,1098.0316162109375,930.2208862304688,2542.994140625,14982.0,803.2249755859375,641.0999755859375,1274.300048828125,951.1511840820312,2948.10009765625,14982.0,806.9749755859375,645.0,1276.5999755859375,953.112548828125,3003.35009765625,15008.7998046875,758.125,615.0999755859375,1252.0,935.06787109375,2921.14990234375,14504.5,763.25,615.0999755859375,1260.050048828125,936.8446655273438,2972.0,14729.150390625,14314332,17762047,4537258,10807663,3774549,403800
2021-02-25,748.3934326171875,602.3159790039062,1098.2469482421875,967.8404541015625,2583.707763671875,15097.349609375,803.2000122070312,628.0,1274.550048828125,989.6171875,2995.300048828125,15097.349609375,818.125,648.4000244140625,1299.75,993.1476440429688,3029.89990234375,15176.5,801.0,626.2999877929688,1272.0,956.6891479492188,2968.449951171875,15065.349609375,804.875,642.7000122070312,1288.449951171875,958.0736694335938,2974.0,15079.849609375,20109570,38571809,8788221,34855693,4224073,803900
2021-02-26,714.8499755859375,573.3031005859375,1079.936279296875,941.4142456054688,2496.586669921875,14529.150390625,767.2000122070312,597.75,1253.300048828125,962.5963745117188,2894.300048828125,14529.150390625,794.4500122070312,615.0,1274.300048828125,984.7944946289062,2972.35009765625,14919.4501953125,760.5,590.9000244140625,1244.75,955.627685546875,2880.0,14467.75,793.5250244140625,615.0,1269.0,976.9951782226562,2960.0,14888.599609375,27912846,57349273,15132388,37481215,5553153,1103600
2021-03-01,726.2640380859375,583.4696044921875,1091.7412109375,948.590576171875,2522.378173828125,14761.5498046875,779.4500122070312,608.3499755859375,1267.0,969.9342041015625,2924.199951171875,14761.5498046875,786.2750244140625,611.8499755859375,1284.5,974.6876831054688,2965.0,14806.7998046875,770.3499755859375,600.2000122070312,1259.0,951.8433837890625,2901.800048828125,14638.5498046875,782.0,607.5499877929688,1263.300048828125,973.85693359375,2926.0,14702.5,13536018,21527318,5756286,17680764,3265871,507300
2021-03-02,730.5966796875,585.5316162109375,1124.053955078125,950.5313720703125,2593.2392578125,14919.099609375,784.0999755859375,610.5,1304.5,971.9186401367188,3006.35009765625,14919.099609375,793.75,616.5,1310.0,982.99462890625,3025.0,14959.099609375,775.5,599.0,1279.199951171875,964.1193237304688,2948.0,14760.7998046875,787.8499755859375,610.0,1282.25,979.3026733398438,2960.0,14865.2998046875,16110038,24051433,10461434,17150760,3306469,621700
2021-03-03,739.2854614257812,606.2482299804688,1157.702392578125,993.9055786132812,2638.741455078125,15245.599609375,793.4249877929688,632.0999755859375,1343.550048828125,1016.268798828125,3059.10009765625,15245.599609375,798.0,633.75,1347.0,1024.4835205078125,3064.0,15273.150390625,782.5,613.8499755859375,1308.0,972.4724731445312,2996.89990234375,14995.7998046875,792.0,618.0,1319.199951171875,978.8642578125,3035.0,15064.400390625,11222410,21036174,9056399,31924461,3509857,544200
2021-03-04,723.07275390625,595.3624877929688,1146.328369140625,982.0578002929688,2630.6328125,15080.75,776.0250244140625,620.75,1330.3499755859375,1004.1544189453125,3049.699951171875,15080.75,785.5,630.9000244140625,1363.8499755859375,1010.6615600585938,3081.449951171875,15202.349609375,769.5499877929688,615.7999877929688,1325.9000244140625,995.7781982421875,3016.050048828125,14980.2001953125,774.2750244140625,618.75,1335.0,1006.0696411132812,3023.0,15026.75,16291438,25057198,12041941,21435754,3916760,534900
2021-03-05,712.800048828125,584.5245971679688,1134.5665283203125,983.343994140625,2594.706298828125,14938.099609375,765.0,609.4500122070312,1316.699951171875,1005.4696655273438,3008.050048828125,14938.099609375,772.7999877929688,614.7000122070312,1340.0,1020.8145751953125,3063.199951171875,15092.349609375,760.5499877929688,601.5,1305.050048828125,993.6322021484375,2996.60009765625,14862.099609375,765.5,613.2000122070312,1328.5,994.99365234375,3016.10009765625,14977.9501953125,17445822,26645968,6486176,25511666,3203686,640700
2021-03-08,707.9083251953125,583.181884765625,1150.9813232421875,988.9407958984375,2593.75732421875,14956.2001953125,759.75,608.0499877929688,1335.75,1011.1923217773438,3006.949951171875,14956.2001953125,777.5,616.0,1346.0999755859375,1030.021484375,3033.0,15111.150390625,756.25,601.1500244140625,1317.199951171875,1000.5316772460938,2996.0,14919.900390625,771.0,611.5999755859375,1324.800048828125,1000.7623901367188,3016.0,15002.4501953125,15117050,19632433,5119392,19506841,2003125,0
2021-03-09,727.9412841796875,599.5346069335938,1159.4259033203125,988.918212890625,2631.71142578125,15098.400390625,781.25,625.0999755859375,1345.550048828125,1011.169189453125,3050.949951171875,15098.400390625,782.8499755859375,628.3499755859375,1350.449951171875,1021.6683349609375,3066.89990234375,15126.849609375,769.125,612.2999877929688,1318.75,990.6555786132812,2992.10009765625,14925.4501953125,772.5,614.8499755859375,1329.5,1015.2996215820312,3006.949951171875,15049.900390625,15066696,23056249,6518173,15154484,1942397,675300
2021-03-10,724.7965087890625,600.0140991210938,1178.8995361328125,984.8109741210938,2648.962890625,15174.7998046875,777.875,625.5999755859375,1368.1500244140625,1006.9695434570312,3070.949951171875,15174.7998046875,787.5,630.5,1374.0,1022.268310546875,3093.199951171875,15218.4501953125,776.0750122070312,621.7999877929688,1355.0,1001.5700073242188,3060.0,15100.849609375,786.0,628.75,1356.9000244140625,1018.5301513671875,3075.0,15202.150390625,11055016,15838994,7925984,11519358,3053778,404600
2021-03-12,723.0261840820312,587.78564453125,1184.6727294921875,964.7939453125,2637.74951171875,15030.9501953125,775.9749755859375,612.8499755859375,1374.8499755859375,986.5020751953125,3057.949951171875,15030.9501953125,800.0,638.0,1391.699951171875,1018.2532348632812,3117.0,15336.2998046875,767.5250244140625,608.3499755859375,1370.050048828125,980.1795043945312,3041.35009765625,14953.599609375,800.0,631.4500122070312,1373.0,1012.9921264648438,3075.0,15321.150390625,15631204,21757862,9462061,16864952,2938317,493200
2021-03-15,712.1710815429688,578.8180541992188,1183.5955810546875,951.8402709960938,2644.822998046875,14929.5,764.3250122070312,603.5,1373.5999755859375,973.2570190429688,3066.14990234375,14929.5,774.2000122070312,612.8499755859375,1379.9000244140625,991.7169799804688,3099.0,15048.400390625,757.6500244140625,590.5999755859375,1358.5,960.150390625,3041.0,14745.849609375,774.2000122070312,611.9000244140625,1370.0,987.6327514648438,3041.0,15048.400390625,12230386,24347946,6658635,16698099,3097083,467500
2021-03-16,704.4840698242188,570.6176147460938,1192.5570068359375,948.0941162109375,2682.689453125,14910.4501953125,756.0750122070312,594.9500122070312,1384.0,969.4265747070312,3110.050048828125,14910.4501953125,770.2000122070312,607.0,1406.0,981.148681640625,3141.0,15051.599609375,755.0,593.6500244140625,1380.5,967.0729370117188,3060.0,14890.650390625,765.4500122070312,606.8499755859375,1386.050048828125,975.6106567382812,3060.0,14996.099609375,13722366,17925629,9352771,13873801,4894756,100
2021-03-17,696.6572265625,565.3904418945312,1195.142333984375,927.6708374023438,2685.19189453125,14721.2998046875,747.6749877929688,589.5,1387.0,948.543701171875,3112.949951171875,14721.2998046875,769.5,603.6500244140625,1400.0,970.5341796875,3155.0,14956.5498046875,745.0999755859375,587.0,1382.0,939.1983032226562,3085.300048828125,14696.0498046875,762.125,597.5499877929688,1392.25,968.249755859375,3105.0,14946.5498046875,21064428,20214082,7626744,19210236,3838390,100
2021-03-18,694.6306762695312,554.936279296875,1152.1446533203125,906.7962036132812,2619.2470703125,14557.849609375,745.5,578.5999755859375,1337.0999755859375,927.1993408203125,3036.5,14557.849609375,761.0250244140625,601.4000244140625,1393.75,962.1348876953125,3146.449951171875,14875.2001953125,740.5750122070312,575.5,1313.5,923.461181640625,2987.050048828125,14478.599609375,755.875,594.75,1393.75,956.6430053710938,3125.949951171875,14855.5,18065540,22776537,10961755,20647480,3656306,542200
2021-03-19,697.6588134765625,562.6571044921875,1158.4779052734375,939.6990966796875,2631.06396484375,14744.0,748.75,586.6500244140625,1344.449951171875,960.8426513671875,3050.199951171875,14744.0,755.5999755859375,588.9000244140625,1355.199951171875,967.2344360351562,3099.0,14788.25,737.0250244140625,570.0,1318.0,915.0618896484375,3005.0,14350.099609375,742.5,575.2000122070312,1330.0,918.84619140625,3030.0,14471.150390625,21235020,29162618,12767112,41787429,5776626,919200
2021-03-22,684.451171875,549.9969482421875,1181.1829833984375,930.8527221679688,2699.596923828125,14736.400390625,734.5750122070312,573.4500122070312,1370.800048828125,951.7972412109375,3129.64990234375,14736.400390625,747.4500122070312,586.8499755859375,1376.0,957.150634765625,3139.449951171875,14763.900390625,730.2000122070312,569.5,1336.0999755859375,938.3214721679688,3018.64990234375,14597.849609375,747.4500122070312,586.8499755859375,1350.0999755859375,955.7661743164062,3048.699951171875,14736.2998046875,14015632,21755401,4862758,18572478,2821646,459000
2021-03-23,698.8934326171875,562.4173583984375,1181.8294677734375,942.1814575195312,2710.76708984375,14814.75,750.0750122070312,586.4000244140625,1371.550048828125,963.3809204101562,3142.60009765625,14814.75,753.7249755859375,589.25,1383.25,973.626220703125,3169.0,14878.599609375,734.5499877929688,574.2999877929688,1359.5999755859375,948.8436889648438,3122.85009765625,14707.0,735.0,576.0,1372.449951171875,951.589599609375,3140.0,14768.5498046875,19761428,29486417,7165335,17421165,3305973,474200
2021-03-24,688.9468994140625,544.290283203125,1166.491455078125,924.0374145507812,2692.2216796875,14549.400390625,739.4000244140625,567.5,1353.75,944.82861328125,3121.10009765625,14549.400390625,753.2249755859375,580.5499877929688,1370.449951171875,959.8042602539062,3152.300048828125,14752.349609375,735.5,565.0,1346.25,941.644287109375,3111.14990234375,14535.0,745.4500122070312,580.0,1357.8499755859375,959.8042602539062,3111.199951171875,14712.4501953125,16368900,24434219,6134303,16822814,2207104,456400
2021-03-25,681.7489624023438,548.1746215820312,1149.3011474609375,898.8298950195312,2643.701171875,14324.900390625,731.6749877929688,571.5499877929688,1333.800048828125,919.0538330078125,3064.85009765625,14324.900390625,747.7750244140625,579.0,1352.5,947.920654296875,3130.85009765625,14575.599609375,725.125,557.0999755859375,1327.5999755859375,916.0771484375,3050.0,14264.400390625,745.0999755859375,568.0999755859375,1346.75,947.920654296875,3112.199951171875,14570.900390625,23964356,27170186,8749994,22001648,3179786,606800
2021-03-26,694.7704467773438,554.8883666992188,1151.368896484375,900.2741088867188,2645.383056640625,14507.2998046875,745.6500244140625,578.5499877929688,1336.199951171875,920.5306396484375,3066.800048828125,14507.2998046875,749.5,584.5,1356.699951171875,929.3222045898438,3118.0,14572.900390625,737.0,574.2999877929688,1332.0,910.8622436523438,3043.050048828125,14414.25,747.0,584.5,1344.699951171875,928.5376586914062,3090.64990234375,14506.2998046875,12021258,20724410,4922071,20180202,3697370,481000
2021-03-30,723.8414306640625,567.2607421875,1193.67724609375,915.9132690429688,2724.52587890625,14845.099609375,776.8499755859375,591.4500122070312,1385.300048828125,936.5216064453125,3158.550048828125,14845.099609375,781.2750244140625,593.0999755859375,1400.0,945.5670166015625,3188.449951171875,14876.2998046875,750.7750244140625,582.0,1336.1500244140625,919.0999755859375,3060.89990234375,14617.599609375,753.3250122070312,582.0,1346.9000244140625,926.691650390625,3083.0,14628.5,25607644,28011943,10546381,20441701,4694008,594500
2021-03-31,695.865234375,558.2931518554688,1178.813232421875,904.0880126953125,2741.17333984375,14690.7001953125,746.8250122070312,582.0999755859375,1368.050048828125,924.4302978515625,3177.85009765625,14690.7001953125,774.0,589.6500244140625,1388.0,946.0285034179688,3205.0,14813.75,744.0,579.0,1363.300048828125,922.5381469726562,3132.0,14670.25,774.0,586.0,1382.0,931.3067016601562,3155.0,14811.849609375,30774506,20119972,8220987,16250796,3530069,463900
2021-04-01,692.650634765625,570.0901489257812,1193.5911865234375,912.5507202148438,2730.08935546875,14867.349609375,743.375,594.4000244140625,1385.199951171875,933.0834350585938,3165.0,14867.349609375,749.7000122070312,596.0999755859375,1391.5999755859375,936.8446655273438,3215.0,14883.2001953125,732.5,580.2000122070312,1371.0,924.453369140625,3145.0,14692.4501953125,749.7000122070312,587.5499877929688,1380.0,931.3067016601562,3191.10009765625,14798.400390625,35763762,15631940,5675155,11723312,4285076,445000
2021-04-05,675.3430786132812,547.8868408203125,1214.8743896484375,899.3489379882812,2793.834228515625,14637.7998046875,724.7999877929688,571.25,1409.9000244140625,919.5845947265625,3238.89990234375,14637.7998046875,742.5,592.0,1425.0,934.5371704101562,3263.0,14849.849609375,715.5,563.5,1387.0,905.5088500976562,3151.0,14459.5,740.0,592.0,1391.0,934.5140991210938,3171.0,14837.7001953125,16006586,23260127,9479572,14875099,5317862,509700
2021-04-06,670.9871215820312,542.7557983398438,1215.865234375,895.602783203125,2816.08935546875,14683.5,720.125,565.9000244140625,1411.050048828125,915.754150390625,3264.699951171875,14683.5,731.3250122070312,578.5,1426.0,925.2841186523438,3275.0,14779.099609375,716.3250122070312,564.4000244140625,1406.449951171875,908.6931762695312,3230.0,14573.900390625,730.0,574.7000122070312,1423.0,924.845703125,3275.0,14737.0,15075734,23284697,5793571,14009194,2291562,475300
2021-04-07,674.2249755859375,554.0252075195312,1232.366455078125,903.9751586914062,2821.868408203125,14819.0498046875,723.5999755859375,577.6500244140625,1430.199951171875,924.31494140625,3271.39990234375,14819.0498046875,728.3499755859375,580.0,1434.949951171875,944.64404296875,3277.550048828125,14879.7998046875,710.7750244140625,559.4000244140625,1406.5999755859375,919.9076538085938,3234.800048828125,14649.849609375,719.6500244140625,566.5499877929688,1410.25,922.9996948242188,3259.0,14716.4501953125,25088180,23984399,5879234,24266353,2491268,0
2021-04-08,667.516357421875,553.1140747070312,1240.6815185546875,905.1035766601562,2861.505126953125,14873.7998046875,716.4000244140625,576.7000122070312,1439.8499755859375,925.4686889648438,3317.35009765625,14873.7998046875,730.4500122070312,585.8499755859375,1451.699951171875,933.1526489257812,3335.0,14984.150390625,715.25,573.2999877929688,1421.0,919.7691650390625,3266.050048828125,14821.099609375,726.5,582.0,1430.0,928.076171875,3270.0,14875.650390625,17613592,19262565,5654434,15369188,2578118,514800
2021-04-09,662.3683471679688,543.04345703125,1241.7158203125,894.5872192382812,2865.7314453125,14834.849609375,710.875,566.2000122070312,1441.050048828125,914.7157592773438,3322.25,14834.849609375,716.4000244140625,579.0,1455.0,925.93017578125,3354.35009765625,14918.4501953125,707.5499877929688,565.0,1430.050048828125,913.7696533203125,3308.0,14785.650390625,713.0,573.9500122070312,1455.0,922.2843627929688,3354.0,14882.650390625,28157816,23239564,6052712,14037885,2911129,504100
2021-04-12,636.8845825195312,516.5243530273438,1228.5318603515625,862.5868530273438,2800.43359375,14310.7998046875,683.5250244140625,538.5499877929688,1425.75,881.9954223632812,3246.550048828125,14310.7998046875,699.5,551.9500122070312,1477.550048828125,905.185791015625,3338.10009765625,14652.5,676.5,531.1500244140625,1415.0,876.965087890625,3213.199951171875,14248.7001953125,696.5,551.4000244140625,1474.0,904.0781860351562,3322.25,14644.650390625,22549128,26601702,20384532,20901482,3791828,650200
2021-04-13,652.3983764648438,537.6724853515625,1203.8883056640625,871.9071655273438,2677.514404296875,14504.7998046875,700.1749877929688,560.5999755859375,1397.1500244140625,891.525390625,3104.050048828125,14504.7998046875,703.2249755859375,563.7999877929688,1435.25,895.5866088867188,3214.0,14528.900390625,680.5,537.8499755859375,1375.0,885.0874633789062,3073.050048828125,14274.900390625,684.0,541.0,1433.0,887.9256591796875,3214.0,14364.900390625,18600682,25445897,14855206,19411189,8654596,605100
2021-04-15,666.2584228515625,551.6753540039062,1172.5230712890625,877.5490112304688,2776.62548828125,14581.4501953125,715.0499877929688,575.2000122070312,1360.75,897.2941284179688,3218.949951171875,14581.4501953125,718.3499755859375,576.75,1366.4000244140625,905.0011596679688,3237.25,14597.5498046875,695.5,554.1500244140625,1320.0,882.8491821289062,3087.449951171875,14353.2001953125,702.5,565.9500122070312,1332.300048828125,888.9871215820312,3160.300048828125,14522.400390625,34444984,37614884,25342491,19723716,6062760,568000
2021-04-16,665.5828857421875,543.7627563476562,1166.491455078125,872.04248046875,2756.09619140625,14617.849609375,714.3250122070312,566.9500122070312,1353.75,891.663818359375,3195.14990234375,14617.849609375,722.5,577.75,1370.8499755859375,899.8785400390625,3247.0,14697.7001953125,711.75,564.0999755859375,1346.5999755859375,889.0563354492188,3182.60009765625,14559.0,717.4749755859375,574.5999755859375,1365.0,893.7406005859375,3229.0,14599.599609375,15606526,24045008,10879878,15656948,3224657,577200
2021-04-19,658.0122680664062,536.8572387695312,1174.07421875,858.3216552734375,2727.32861328125,14359.4501953125,706.2000122070312,559.75,1362.550048828125,877.6342163085938,3161.800048828125,14359.4501953125,708.8499755859375,562.2999877929688,1379.699951171875,884.4182739257812,3189.0,14382.2998046875,686.1500244140625,534.4000244140625,1332.3499755859375,872.2346801757812,3135.10009765625,14191.400390625,695.0,550.0,1340.0,878.6956787109375,3169.0,14306.599609375,24069242,28526176,12508028,18478808,2679106,512300
2021-04-20,648.2288208007812,536.2339477539062,1164.4232177734375,858.0734252929688,2712.449462890625,14296.400390625,695.7000122070312,559.0999755859375,1351.3499755859375,877.3804321289062,3144.550048828125,14296.400390625,713.2000122070312,572.6500244140625,1379.0,885.6181640625,3225.35009765625,14526.9501953125,691.9749755859375,552.5999755859375,1342.4000244140625,872.4423828125,3126.35009765625,14207.2998046875,712.5,565.2000122070312,1379.0,881.6954345703125,3225.0,14526.7001953125,23186270,24425842,8560766,17203668,3141893,467400
2021-04-22,662.7177124023438,555.5117797851562,1164.2078857421875,860.4429931640625,2690.238037109375,14406.150390625,711.25,579.2000122070312,1351.0999755859375,879.8032836914062,3118.800048828125,14406.150390625,713.4000244140625,580.5999755859375,1364.800048828125,883.5183715820312,3148.0,14424.75,685.5250244140625,546.9000244140625,1345.1500244140625,866.0967407226562,3105.25,14151.400390625,690.0,552.0,1355.550048828125,873.2730712890625,3148.0,14219.150390625,38485312,34942633,6622446,14490954,1988980,524600
2021-04-23,658.82763671875,546.64013671875,1149.3011474609375,859.5177612304688,2682.2158203125,14341.349609375,707.0750122070312,569.9500122070312,1333.800048828125,878.8572387695312,3109.5,14341.349609375,717.2999877929688,580.5,1348.4000244140625,885.572021484375,3119.0,14461.150390625,700.0999755859375,567.0499877929688,1331.0,874.7037353515625,3091.050048828125,14273.2998046875,704.5,569.9000244140625,1343.0,879.6187133789062,3105.0,14326.349609375,22713528,33749097,7316262,11828857,1615309,498100
2021-04-26,654.4716186523438,566.925048828125,1157.702392578125,874.6378173828125,2674.711181640625,14485.0,702.4000244140625,591.0999755859375,1343.550048828125,894.3174438476562,3100.800048828125,14485.0,714.5,605.5,1351.300048828125,905.4627075195312,3153.0,14557.5,701.375,588.0,1321.0,882.1569213867188,3088.050048828125,14421.2998046875,706.5,602.0,1332.25,886.0797119140625,3102.050048828125,14449.4501953125,30170952,62584522,7088606,20846778,2490260,452700
2021-04-27,670.2649536132812,574.2622680664062,1161.9676513671875,897.5661010742188,2701.6240234375,14653.0498046875,719.3499755859375,598.75,1348.5,917.7616577148438,3132.0,14653.0498046875,721.0,601.9500122070312,1353.0,921.7074584960938,3136.10009765625,14667.5498046875,702.4000244140625,591.0999755859375,1340.1500244140625,894.5020751953125,3103.0,14484.849609375,703.625,593.25,1346.0,895.3096923828125,3106.0,14493.7998046875,20592906,24239685,3636115,19992524,1471417,451800
2021-04-28,688.01513671875,595.9378662109375,1168.4302978515625,901.47021484375,2694.809814453125,14864.5498046875,738.4000244140625,621.3499755859375,1356.0,921.7536010742188,3124.10009765625,14864.5498046875,739.5,622.7999877929688,1359.5,926.691650390625,3151.0,14890.25,715.5,598.0,1344.5999755859375,913.8389282226562,3112.0,14694.9501953125,718.125,598.0,1358.0,922.0074462890625,3149.949951171875,14710.5,24103940,33292864,4879234,17122437,1639037,457000
2021-04-29,686.01171875,596.033935546875,1168.731689453125,913.543701171875,2687.175537109375,14894.900390625,736.25,621.4500122070312,1356.3499755859375,934.0987548828125,3115.25,14894.900390625,751.8250122070312,628.4500122070312,1369.0,943.5364379882812,3157.35009765625,15044.349609375,730.5,609.0,1351.4000244140625,926.36865234375,3105.5,14814.4501953125,743.0999755859375,622.5499877929688,1368.0,933.5679931640625,3145.60009765625,14979.0,24078552,34537860,5412357,17412606,1621395,517500
2021-04-30,657.9656982421875,575.9406127929688,1167.0084228515625,900.2064819335938,2618.513427734375,14631.099609375,706.1500244140625,600.5,1354.3499755859375,920.46142578125,3035.64990234375,14631.099609375,726.9000244140625,616.3499755859375,1373.9000244140625,939.6136474609375,3132.050048828125,14855.4501953125,703.75,598.0999755859375,1345.9000244140625,917.2540283203125,3020.0,14601.7001953125,722.5,610.0999755859375,1346.300048828125,926.9224243164062,3099.0,14747.349609375,35232902,23653258,8354677,19828769,3072305,613900
2021-05-03,658.9673461914062,572.343994140625,1165.026611328125,884.206298828125,2619.678466796875,14634.150390625,707.2249755859375,596.75,1352.050048828125,904.1012573242188,3037.0,14634.150390625,710.9500122070312,598.8499755859375,1361.0,913.3081665039062,3055.0,14673.849609375,688.6500244140625,587.5,1338.0,896.7403564453125,3004.0,14416.25,696.5,592.5499877929688,1340.800048828125,907.3086547851562,3024.89990234375,14481.0498046875,22473700,18010557,4560337,23640186,1545831,448900
2021-05-04,646.8078002929688,567.356689453125,1145.509765625,865.0466918945312,2630.67578125,14496.5,694.1749877929688,591.5499877929688,1329.4000244140625,884.5105590820312,3049.75,14496.5,711.5,608.0,1354.949951171875,908.139404296875,3090.0,14723.400390625,691.6500244140625,589.0,1324.0999755859375,881.9262084960938,3035.0,14461.5,704.9749755859375,596.6500244140625,1354.0,899.9246826171875,3062.800048828125,14687.25,21486328,15115127,4887060,21849830,1990777,503400
2021-05-05,653.4465942382812,578.1465454101562,1155.93603515625,866.62646484375,2670.311767578125,14617.849609375,701.2999877929688,602.7999877929688,1341.5,886.1258544921875,3095.699951171875,14617.849609375,704.7999877929688,604.7999877929688,1343.9000244140625,894.617431640625,3099.39990234375,14637.900390625,690.8499755859375,584.7000122070312,1327.800048828125,880.5647583007812,3052.39990234375,14506.599609375,700.5,595.2999877929688,1341.0999755859375,887.625732421875,3070.0,14604.150390625,14421612,17253943,3939788,12393609,1939289,455900
2021-05-06,652.6546630859375,583.3258056640625,1173.255615234375,871.5460815429688,2683.897216796875,14724.7998046875,700.4500122070312,608.2000122070312,1361.5999755859375,891.1561889648438,3111.449951171875,14724.7998046875,705.4000244140625,610.8499755859375,1364.699951171875,893.002197265625,3134.0,14743.900390625,697.5,599.25,1337.4000244140625,879.8955688476562,3074.0,14611.5,703.7999877929688,602.7999877929688,1345.0,886.9334716796875,3105.5,14668.349609375,11477044,16949763,4810090,14624666,1791671,467800
2021-05-07,659.107177734375,582.270751953125,1165.4576416015625,871.8845825195312,2702.400390625,14823.150390625,707.375,607.0999755859375,1352.550048828125,891.5023193359375,3132.89990234375,14823.150390625,712.4749755859375,614.7999877929688,1373.050048828125,902.5321655273438,3159.85009765625,14863.0498046875,705.125,603.7000122070312,1348.5,888.8486938476562,3111.800048828125,14765.5,706.4749755859375,612.0,1365.300048828125,894.2713012695312,3133.0,14816.849609375,12048334,10941083,4991435,12288548,1912540,488000
2021-05-10,661.4830932617188,588.169189453125,1154.2557373046875,869.3795776367188,2713.2685546875,14942.349609375,709.9249877929688,613.25,1339.550048828125,888.9409790039062,3145.5,14942.349609375,715.0,617.0,1352.9000244140625,898.4478759765625,3164.199951171875,14966.900390625,706.4000244140625,611.0,1335.050048828125,886.5181274414062,3125.0,14892.5,713.5,611.0,1349.8499755859375,894.8482055664062,3145.949951171875,14928.25,11060050,12060808,7195348,13941237,2137153,522000
2021-05-11,653.8893432617188,584.908203125,1146.5869140625,872.5164794921875,2693.51513671875,14850.75,701.7750244140625,609.8499755859375,1330.6500244140625,892.1484375,3122.60009765625,14850.75,712.0999755859375,612.9000244140625,1341.0,894.6405029296875,3128.10009765625,14900.0,697.5250244140625,603.25,1325.0999755859375,881.4646606445312,3091.14990234375,14771.400390625,698.0,606.4000244140625,1336.9000244140625,883.772216796875,3125.0,14789.7001953125,14519034,13818480,6420988,13478264,2415625,647400
2021-05-12,652.0023803710938,570.42578125,1143.441650390625,863.4895629882812,2663.324951171875,14696.5,699.75,594.75,1327.0,882.9183959960938,3087.60009765625,14696.5,704.2999877929688,606.6500244140625,1330.0,892.0330200195312,3120.0,14824.0498046875,694.4249877929688,593.2000122070312,1314.5,880.0802001953125,3070.60009765625,14649.7001953125,699.875,603.2000122070312,1330.0,890.7408447265625,3120.0,14823.5498046875,13774926,14785569,5241898,13177961,1978558,643800
2021-05-14,646.1089477539062,572.8715209960938,1134.307861328125,874.3895874023438,2632.18603515625,14677.7998046875,693.4249877929688,597.2999877929688,1316.4000244140625,894.0636596679688,3051.5,14677.7998046875,699.4500122070312,601.9500122070312,1326.8499755859375,896.232666015625,3098.5,14749.650390625,691.1749877929688,591.0999755859375,1311.300048828125,879.6187133789062,3040.0,14591.900390625,697.1749877929688,592.0,1326.8499755859375,889.7947387695312,3098.5,14749.400390625,10604142,12675754,4824609,13291616,2043935,620700
2021-05-17,670.9871215820312,598.0958862304688,1145.509765625,884.7930908203125,2647.927978515625,14923.150390625,720.125,623.5999755859375,1329.4000244140625,904.7012329101562,3069.75,14923.150390625,721.2999877929688,624.5,1334.949951171875,906.1318359375,3075.199951171875,14938.0,690.6500244140625,601.2000122070312,1320.300048828125,890.8792724609375,3036.0,14725.349609375,697.5750122070312,603.25,1320.300048828125,894.0636596679688,3055.0,14756.25,15120692,20453101,5017129,11873078,2890462,546400
2021-05-18,687.968505859375,607.3032836914062,1154.6434326171875,897.2501831054688,2664.35986328125,15108.099609375,738.3499755859375,633.2000122070312,1340.0,917.4385986328125,3088.800048828125,15108.099609375,741.375,635.5,1344.5999755859375,924.1995849609375,3124.0,15137.25,727.5,626.0,1329.5,910.3084106445312,3078.0,15043.7001953125,729.4749755859375,628.0,1338.0,914.231201171875,3100.0,15067.2001953125,22165280,19242627,5620150,12064918,2098538,583900
2021-05-19,679.3496704101562,599.8703002929688,1152.058349609375,901.3573608398438,2658.494384765625,15030.150390625,729.0999755859375,625.4500122070312,1337.0,921.6382446289062,3082.0,15030.150390625,739.4249877929688,634.0,1357.449951171875,930.5913696289062,3118.0,15133.400390625,726.2750244140625,623.3499755859375,1333.25,910.0776977539062,3067.10009765625,15008.849609375,735.0999755859375,627.0999755859375,1342.0,913.7696533203125,3084.0,15058.599609375,10130916,13911576,4435878,16317002,1986041,569100
2021-05-20,667.516357421875,593.3003540039062,1154.040283203125,896.0993041992188,2639.517333984375,14906.0498046875,716.4000244140625,618.5999755859375,1339.300048828125,916.2617797851562,3060.0,14906.0498046875,732.9500122070312,632.9000244140625,1349.0999755859375,928.030029296875,3088.800048828125,15069.7998046875,714.25,616.6500244140625,1335.0,914.231201171875,3052.10009765625,14884.900390625,729.1749877929688,628.0499877929688,1348.4000244140625,922.030517578125,3067.10009765625,15042.599609375,10684184,13900762,4490092,11422532,2329027,480300
2021-05-21,697.5657348632812,616.1749877929688,1167.1375732421875,903.8397827148438,2657.200927734375,15175.2998046875,748.6500244140625,642.4500122070312,1354.5,924.176513671875,3080.5,15175.2998046875,750.9500122070312,643.9500122070312,1357.5,927.4300537109375,3088.199951171875,15190.0,721.5,622.2999877929688,1346.3499755859375,916.5386962890625,3055.10009765625,14985.849609375,721.5,622.2999877929688,1347.5,919.3076782226562,3061.0,14987.7998046875,19341646,23975898,4969733,10785605,1685566,572900
2021-05-24,703.4590454101562,620.8746948242188,1161.5799560546875,896.2119750976562,2658.063232421875,15197.7001953125,754.9749755859375,647.3499755859375,1348.050048828125,916.3771362304688,3081.5,15197.7001953125,760.2249755859375,653.4500122070312,1363.0,927.5223999023438,3105.0,15256.25,749.25,638.0,1345.0999755859375,914.6926879882812,3072.0,15145.4501953125,751.625,643.25,1356.6500244140625,926.691650390625,3081.5,15211.349609375,22146102,20323003,4225371,8551760,1652260,579800
2021-05-25,689.0167846679688,623.7039184570312,1173.255615234375,886.0568237304688,2699.236083984375,15208.4501953125,739.4749755859375,650.2999877929688,1361.5999755859375,905.993408203125,3114.0,15208.4501953125,756.875,652.0,1368.0,921.6151733398438,3128.25,15293.849609375,735.25,642.5,1354.449951171875,904.5396728515625,3082.10009765625,15163.400390625,755.25,650.0999755859375,1358.0,921.3382568359375,3092.0,15291.75,19236974,14884778,4099340,14780102,1841613,441500
2021-05-26,688.131591796875,625.81396484375,1203.9742431640625,889.1710815429688,2737.80908203125,15301.4501953125,738.5250244140625,652.5,1397.25,909.177734375,3158.5,15301.4501953125,743.5,656.6500244140625,1400.0,913.5389404296875,3165.0,15319.900390625,735.0,643.2999877929688,1362.050048828125,906.9856567382812,3103.800048828125,15194.9501953125,740.0,649.3499755859375,1367.9000244140625,911.462158203125,3120.0,15257.0498046875,12283990,14487031,6850024,7480204,1923753,384000
2021-05-27,690.7405395507812,625.5741577148438,1208.28271484375,891.9016723632812,2756.44482421875,15337.849609375,741.3250122070312,652.25,1402.25,911.9698486328125,3180.0,15337.849609375,744.5,656.5,1416.25,919.7691650390625,3217.75,15384.5498046875,731.2249755859375,648.0999755859375,1391.699951171875,905.5780639648438,3161.800048828125,15272.5,736.5499877929688,651.0999755859375,1404.199951171875,909.2931518554688,3161.949951171875,15323.9501953125,20439496,23349546,15365391,26819294,5959785,0
2021-05-28,700.4307861328125,616.75048828125,1210.6953125,945.476318359375,2724.89404296875,15435.650390625,751.7249755859375,643.0499877929688,1405.050048828125,966.7498779296875,3143.60009765625,15435.650390625,756.5,660.0,1414.0,971.4571533203125,3198.0,15469.650390625,739.375,639.25,1396.0999755859375,918.3847045898438,3135.64990234375,15394.75,745.4500122070312,658.0499877929688,1409.75,918.3847045898438,3189.5,15421.2001953125,17750020,14191446,4261312,56469931,1763701,468100
2021-05-31,706.2078247070312,635.644775390625,1213.9180908203125,975.039306640625,2738.372314453125,15582.7998046875,757.9249877929688,662.75,1393.75,996.9780883789062,3159.14990234375,15582.7998046875,759.75,665.0,1401.5,1011.4691772460938,3170.35009765625,15606.349609375,743.75,643.75,1383.0,962.250244140625,3128.60009765625,15374.0,750.0,643.75,1401.5,970.0726318359375,3150.0,15437.75,15661054,21786138,4429904,59124142,1652799,436000
2021-06-01,704.2744140625,623.5120849609375,1208.213134765625,978.9209594726562,2733.041748046875,15574.849609375,755.8499755859375,650.0999755859375,1387.199951171875,1000.947021484375,3153.0,15574.849609375,763.5,664.9000244140625,1401.0,1016.22265625,3169.949951171875,15660.75,753.625,648.3499755859375,1378.6500244140625,990.609375,3132.0,15528.2998046875,760.1500244140625,664.5499877929688,1400.0,999.608642578125,3168.60009765625,15629.650390625,11030162,14123196,4791325,28013832,1377441,409600
2021-06-02,700.6870727539062,621.8336791992188,1200.7662353515625,993.5219116210938,2712.628662109375,15576.2001953125,752.0,648.3499755859375,1378.6500244140625,1015.8765258789062,3129.449951171875,15576.2001953125,755.0999755859375,649.3499755859375,1391.949951171875,1019.6838989257812,3159.449951171875,15597.4501953125,746.5,641.0999755859375,1365.0,995.4551391601562,3115.0,15459.849609375,755.0,648.5,1380.75,995.4551391601562,3150.85009765625,15520.349609375,10624016,16025108,9272276,24630162,2240078,428600
2021-06-03,708.3974609375,623.656005859375,1210.3468017578125,997.3131713867188,2722.85693359375,15690.349609375,760.2750244140625,650.25,1389.6500244140625,1019.7531127929688,3141.25,15690.349609375,762.4749755859375,653.6500244140625,1399.0,1038.3746337890625,3154.550048828125,15705.099609375,743.875,644.75,1377.050048828125,1013.4998168945312,3122.64990234375,15611.0,754.0,653.4500122070312,1388.0999755859375,1024.9910888671875,3154.550048828125,15655.5498046875,10287260,11805702,5115645,23974257,1281706,410200
2021-06-04,699.26611328125,616.414794921875,1206.863037109375,988.669921875,2725.0244140625,15670.25,750.4749755859375,642.7000122070312,1385.6500244140625,1010.9154052734375,3143.75,15670.25,760.3250122070312,654.9000244140625,1396.9000244140625,1022.8912963867188,3156.85009765625,15733.599609375,749.5999755859375,639.4000244140625,1377.6500244140625,1008.031005859375,3125.0,15622.349609375,758.0,653.0,1393.949951171875,1022.1298217773438,3128.0,15712.5,9424476,15111572,4194328,14468646,1836060,414200
2021-06-07,698.753662109375,621.6898803710938,1210.3468017578125,1005.3245849609375,2759.219482421875,15751.650390625,749.9249877929688,648.2000122070312,1389.6500244140625,1027.9447021484375,3183.199951171875,15751.650390625,757.0,650.0,1392.0,1034.6826171875,3190.449951171875,15773.4501953125,748.0,644.25,1377.300048828125,1008.3771362304688,3133.60009765625,15678.099609375,755.0,645.2000122070312,1391.0,1016.22265625,3145.0,15725.099609375,8091668,7556341,5154576,16336573,2559821,394000
2021-06-08,690.9268798828125,616.1270751953125,1230.6405029296875,999.54736328125,2773.912109375,15740.099609375,741.5250244140625,642.4000244140625,1412.949951171875,1022.0375366210938,3200.14990234375,15740.099609375,750.6500244140625,648.0,1421.75,1027.829345703125,3231.0,15778.7998046875,740.75,637.4000244140625,1395.550048828125,1014.4458618164062,3187.199951171875,15680.0,748.2750244140625,648.0,1396.0,1027.5755615234375,3198.0,15773.900390625,9872540,11912935,7360630,9674735,2574057,378200
2021-06-09,689.6456909179688,610.084716796875,1232.6875,981.674072265625,2773.9990234375,15635.349609375,740.1500244140625,636.0999755859375,1415.300048828125,1003.7621459960938,3200.25,15635.349609375,751.0,645.5999755859375,1425.0,1024.9910888671875,3220.0,15800.4501953125,736.0250244140625,628.7999877929688,1404.5999755859375,995.8935546875,3186.199951171875,15566.900390625,741.9500122070312,644.4000244140625,1413.4000244140625,1024.068115234375,3202.0,15766.2998046875,10223442,15823094,5394317,11409161,1710925,457900
2021-06-10,689.9951171875,614.2088623046875,1240.526123046875,985.2848510742188,2788.34423828125,15737.75,740.5250244140625,640.4000244140625,1424.300048828125,1007.4541625976562,3216.800048828125,15737.75,744.5,642.4000244140625,1429.0,1029.1446533203125,3224.0,15751.25,736.8250122070312,631.0,1419.0,1004.93896484375,3193.0,15648.5,741.0499877929688,635.4500122070312,1424.0,1012.2537231445312,3210.0,15692.099609375,11483540,10712418,3496575,14155653,1874324,298300
2021-06-11,692.4641723632812,609.7011108398438,1260.2103271484375,1002.375244140625,2837.75244140625,15799.349609375,743.1749877929688,635.7000122070312,1446.9000244140625,1021.3683471679688,3273.800048828125,15799.349609375,748.2750244140625,644.5499877929688,1451.5999755859375,1028.2216796875,3309.0,15835.5498046875,740.5250244140625,631.5,1429.449951171875,1006.1157836914062,3211.0,15749.7998046875,745.5,644.0,1430.0999755859375,1007.4080200195312,3211.550048828125,15796.4501953125,7205974,9015059,6140828,13762778,3452954,363000
2021-06-14,689.249755859375,609.173583984375,1273.1876220703125,1016.7555541992188,2839.96240234375,15811.849609375,739.7249755859375,635.1500244140625,1461.800048828125,1036.02099609375,3276.35009765625,15811.849609375,743.0,636.0999755859375,1477.0,1042.1820068359375,3308.699951171875,15823.0498046875,731.2750244140625,623.3499755859375,1453.449951171875,1013.0151977539062,3270.35009765625,15606.5,739.125,635.7000122070312,1471.0,1022.22216796875,3279.0,15791.400390625,8881964,10170497,7132294,20332436,1847360,392900
2021-06-15,694.28125,618.9083862304688,1283.7264404296875,1019.0653076171875,2828.173828125,15869.25,745.125,645.2999877929688,1473.9000244140625,1038.3746337890625,3262.75,15869.25,748.0,646.2000122070312,1476.0,1049.865966796875,3298.0,15901.599609375,737.4000244140625,636.0,1463.0,1033.8980712890625,3251.550048828125,15842.400390625,743.0,636.3499755859375,1464.0,1043.451171875,3298.0,15866.9501953125,7569602,11039987,5403104,15174215,1304985,323300
2021-06-16,691.64892578125,613.921142578125,1289.5618896484375,1001.6732177734375,2838.228515625,15767.5498046875,742.2999877929688,640.0999755859375,1480.5999755859375,1020.6530151367188,3274.35009765625,15767.5498046875,747.0,649.2000122070312,1489.449951171875,1037.01318359375,3294.699951171875,15880.849609375,739.0499877929688,637.5999755859375,1467.5,1017.9993896484375,3253.0,15742.599609375,744.0,644.9000244140625,1472.699951171875,1036.02099609375,3262.10009765625,15847.5,7702098,8601339,7661710,10797349,1635552,340200
2021-06-17,683.0301513671875,607.1114501953125,1302.3651123046875,1003.507568359375,2875.8486328125,15691.400390625,733.0499877929688,633.0,1495.300048828125,1022.5220947265625,3317.75,15691.400390625,739.375,637.5499877929688,1502.6500244140625,1031.4521484375,3336.050048828125,15769.349609375,730.0,626.7000122070312,1475.0999755859375,1006.0234985351562,3260.0,15616.75,733.0,633.0499877929688,1475.0999755859375,1015.2996215820312,3265.5,15648.2998046875,9283802,9720060,7677951,15745975,2273413,357600
2021-06-18,689.4127197265625,604.6177978515625,1309.3328857421875,1008.0367431640625,2858.121826171875,15683.349609375,739.9000244140625,630.4000244140625,1503.300048828125,1027.1370849609375,3297.300048828125,15683.349609375,745.0,636.5999755859375,1515.800048828125,1031.4521484375,3358.0,15761.5,727.5,620.7000122070312,1487.4000244140625,1008.0771484375,3275.0,15450.900390625,734.75,632.5999755859375,1509.0,1027.06787109375,3350.89990234375,15756.5,11938060,13820690,13533974,29369026,3380431,640800
2021-06-21,693.5591430664062,605.4329833984375,1306.719970703125,1013.2906494140625,2837.14501953125,15746.5,744.3499755859375,631.25,1500.300048828125,1032.490478515625,3273.10009765625,15746.5,745.9000244140625,633.0999755859375,1505.800048828125,1037.2208251953125,3286.0,15765.150390625,729.5,616.25,1484.199951171875,1015.368896484375,3251.699951171875,15505.650390625,730.6749877929688,622.8499755859375,1493.0,1016.9149169921875,3265.0,15525.849609375,7260472,13407446,5454052,12186448,1130569,351500
2021-06-22,691.2762451171875,605.0493774414062,1316.7796630859375,1008.08203125,2861.503173828125,15772.75,741.9000244140625,630.8499755859375,1511.8499755859375,1027.1832275390625,3301.199951171875,15772.75,754.0,644.0999755859375,1521.449951171875,1043.451171875,3327.050048828125,15895.75,740.0,629.5499877929688,1502.0999755859375,1024.2296142578125,3285.0,15752.099609375,748.5,635.0,1509.699951171875,1040.2205810546875,3304.0,15840.5,14366824,15270093,6427862,12871913,1708688,322200
2021-06-23,692.068359375,599.15087890625,1309.202392578125,998.842529296875,2827.00341796875,15686.9501953125,742.75,624.7000122070312,1503.1500244140625,1017.7686767578125,3261.39990234375,15686.9501953125,748.9000244140625,635.0,1525.0,1038.6514892578125,3329.0,15862.9501953125,739.2999877929688,623.4500122070312,1498.6500244140625,1016.0841674804688,3256.39990234375,15673.9501953125,745.0,633.75,1525.0,1038.3746337890625,3329.0,15862.7998046875,7844868,10950633,5529809,16653951,1467104,287500
2021-06-24,701.7353515625,608.1185302734375,1358.0203857421875,975.3587646484375,2924.25927734375,15790.4501953125,753.125,634.0499877929688,1559.199951171875,993.8399047851562,3373.60009765625,15790.4501953125,756.7249755859375,636.2999877929688,1568.75,1022.0375366210938,3383.0,15821.400390625,744.0,624.4500122070312,1511.199951171875,987.6096801757812,3278.5,15702.7001953125,745.0,627.0,1517.0,1018.4609375,3284.0,15737.2998046875,14785024,12815724,10785137,91461975,4155204,316700
2021-06-25,705.8583984375,622.4571533203125,1371.0849609375,953.1431274414062,2930.500244140625,15860.349609375,757.5499877929688,649.0,1574.199951171875,971.2033081054688,3380.800048828125,15860.349609375,761.0,650.0,1578.0,993.8399047851562,3399.64990234375,15870.7998046875,753.5,636.0999755859375,1543.0,960.4273071289062,3350.0,15772.2998046875,755.5499877929688,636.0999755859375,1572.0,993.8399047851562,3375.25,15839.349609375,10383176,14785922,9780240,55355022,2722861,314600
2021-06-28,702.7136840820312,623.7039184570312,1368.9945068359375,944.7867431640625,2892.3173828125,15814.7001953125,754.1749877929688,650.2999877929688,1571.800048828125,962.6886596679688,3336.75,15814.7001953125,761.5,653.0,1580.1500244140625,981.37939453125,3391.5,15915.650390625,752.5,646.1500244140625,1560.5999755859375,960.3811645507812,3333.0,15792.150390625,760.0,651.0,1572.9000244140625,979.3026733398438,3391.5,15915.349609375,9356786,12093491,5019178,20277042,1355238,255100
2021-06-29,702.8072509765625,613.921142578125,1361.3736572265625,945.60205078125,2895.871826171875,15748.4501953125,751.0250244140625,640.0999755859375,1563.050048828125,963.5193481445312,3340.85009765625,15748.4501953125,754.0999755859375,648.75,1573.6500244140625,973.3031616210938,3366.300048828125,15835.900390625,746.0750122070312,636.4500122070312,1559.199951171875,961.8118286132812,3326.5,15724.0498046875,753.5,646.2999877929688,1561.0,964.3038940429688,3342.0,15807.5,10971692,12225470,5913567,27144063,1497322,360300
2021-06-30,700.8655395507812,605.0973510742188,1376.83349609375,955.9512329101562,2900.119140625,15721.5,748.9500122070312,630.9000244140625,1580.800048828125,974.0646362304688,3345.75,15721.5,754.5,640.7999877929688,1591.0,979.6026000976562,3382.0,15839.099609375,747.0499877929688,629.7999877929688,1572.050048828125,965.0192260742188,3338.5,15708.75,749.0,638.2999877929688,1572.050048828125,967.4190063476562,3346.0,15776.900390625,9679022,14276494,6058722,19762858,1693146,262400
2021-07-01,695.6483764648438,605.0493774414062,1359.0655517578125,950.1990966796875,2896.43505859375,15680.0,743.375,630.8499755859375,1560.4000244140625,968.20361328125,3341.5,15680.0,751.0,637.4000244140625,1576.8499755859375,979.8333740234375,3362.0,15755.5498046875,741.5,630.0499877929688,1559.050048828125,966.8421630859375,3332.35009765625,15667.0498046875,751.0,633.9500122070312,1576.8499755859375,977.4566650390625,3358.0,15755.0498046875,16911442,10517081,4814317,12534407,990310,224900
2021-07-02,692.67724609375,614.06494140625,1365.5108642578125,964.2848510742188,2882.522705078125,15722.2001953125,740.2000122070312,640.25,1567.800048828125,982.5562133789062,3325.449951171875,15722.2001953125,744.625,641.3499755859375,1569.449951171875,984.3330078125,3339.699951171875,15738.349609375,738.5,632.25,1542.5999755859375,965.8960571289062,3295.199951171875,15635.9501953125,742.5,632.25,1558.949951171875,967.76513671875,3331.0,15705.849609375,14827036,10999396,5166064,14086620,1682274,254800
2021-07-05,699.7191772460938,621.3541259765625,1375.2220458984375,973.8640747070312,2878.666015625,15834.349609375,747.7249755859375,647.8499755859375,1578.949951171875,992.3169555664062,3321.0,15834.349609375,752.25,648.5,1585.0,993.8629760742188,3374.0,15845.9501953125,742.2750244140625,641.2000122070312,1561.050048828125,983.6868896484375,3302.0,15762.0498046875,744.9749755859375,642.75,1569.1500244140625,985.9713134765625,3342.0,15793.400390625,7373882,7358568,4058338,11702287,1972858,207000
2021-07-06,718.0841674804688,623.7039184570312,1360.633056640625,962.3599853515625,2827.783935546875,15818.25,767.3499755859375,650.2999877929688,1562.199951171875,980.5948486328125,3262.300048828125,15818.25,770.0,655.0,1586.75,991.7169799804688,3328.0,15914.2001953125,748.0,645.2000122070312,1557.0999755859375,978.4719848632812,3256.10009765625,15801.0,748.5,645.2000122070312,1573.699951171875,989.8941040039062,3313.0,15813.75,17669032,9209891,4089574,10070124,2159420,391400
2021-07-07,720.3301391601562,627.2526245117188,1362.7235107421875,955.679443359375,2838.749267578125,15879.650390625,769.75,654.0,1564.5999755859375,973.7877197265625,3274.949951171875,15879.650390625,772.6749877929688,654.75,1570.550048828125,981.956298828125,3282.699951171875,15893.5498046875,763.8499755859375,645.9000244140625,1544.6500244140625,968.2266845703125,3241.60009765625,15779.7001953125,767.0,650.9000244140625,1566.050048828125,981.956298828125,3275.0,15819.599609375,9629190,7741559,4797120,10454892,2640710,329300
2021-07-08,711.41650390625,615.6474609375,1359.370361328125,947.7760620117188,2824.489990234375,15727.900390625,760.2249755859375,641.9000244140625,1560.75,965.7345581054688,3258.5,15727.900390625,768.8499755859375,654.0,1576.0,976.9721069335938,3298.0,15885.75,756.7249755859375,638.0999755859375,1549.0,960.3811645507812,3231.89990234375,15682.900390625,762.5,650.5,1568.0,976.9721069335938,3298.0,15855.400390625,8420922,10782941,3326813,11185460,2485811,307900
2021-07-09,702.7838745117188,612.4345092773438,1361.2431640625,938.0835571289062,2780.8466796875,15689.7998046875,751.0,638.5499877929688,1562.9000244140625,955.8584594726562,3208.14990234375,15689.7998046875,758.0,641.1500244140625,1569.9000244140625,965.3192138671875,3282.0,15730.849609375,748.75,633.7999877929688,1551.0,953.5048217773438,3201.0,15632.75,756.2750244140625,639.5,1556.0,963.6116333007812,3250.0,15688.25,10695842,7069698,3436594,9037675,6365067,243200
2021-07-12,695.7654418945312,619.819580078125,1348.1348876953125,943.92626953125,2767.80078125,15692.599609375,743.5,646.25,1547.8499755859375,961.8118286132812,3193.10009765625,15692.599609375,751.0,650.25,1578.0,969.8419189453125,3236.0,15789.2001953125,742.0,642.4000244140625,1533.75,957.3814086914062,3188.35009765625,15644.75,751.0,646.0,1570.550048828125,959.8042602539062,3235.0,15766.7998046875,14458978,6992783,4588982,8585292,1892226,216300
2021-07-13,702.7136840820312,637.7548217773438,1345.60888671875,950.9917602539062,2762.990234375,15812.349609375,750.9249877929688,664.9500122070312,1544.949951171875,969.01123046875,3187.550048828125,15812.349609375,753.0499877929688,666.3499755859375,1556.4000244140625,970.5572509765625,3214.0,15820.7998046875,742.0499877929688,653.0,1536.300048828125,963.6347045898438,3175.0,15744.599609375,748.0499877929688,655.1500244140625,1556.4000244140625,969.149658203125,3214.0,15794.0,18178142,19825411,4456160,6717133,1809339,246700
2021-07-14,701.4503784179688,637.1793212890625,1373.4365234375,944.7867431640625,2786.39404296875,15853.9501953125,749.5750122070312,664.3499755859375,1576.9000244140625,962.6886596679688,3214.550048828125,15853.9501953125,753.6749877929688,668.0,1582.800048828125,972.3109130859375,3222.0,15877.349609375,745.5499877929688,658.2000122070312,1538.0999755859375,960.4965209960938,3185.0,15764.2001953125,748.75,662.0,1554.0,969.3111572265625,3187.0,15808.7001953125,9788494,11648541,5657716,8532544,2044279,0
2021-07-15,711.5335693359375,640.1525268554688,1376.83349609375,943.1336059570312,2782.3974609375,15924.2001953125,760.3499755859375,667.4500122070312,1580.800048828125,961.0042114257812,3202.949951171875,15924.2001953125,763.375,669.5999755859375,1596.8499755859375,966.8421630859375,3231.85009765625,15952.349609375,749.8250122070312,661.0999755859375,1556.0,959.2274169921875,3194.0,15855.0,752.5,665.0999755859375,1557.9000244140625,966.8421630859375,3227.60009765625,15872.150390625,10438802,8244429,10021355,9448356,2232968,284900
2021-07-16,712.3056030273438,633.2949829101562,1354.7542724609375,956.7438354492188,2775.318115234375,15923.400390625,761.1749877929688,660.2999877929688,1555.449951171875,974.8722534179688,3194.800048828125,15923.400390625,764.9749755859375,667.75,1574.6500244140625,975.956787109375,3219.85009765625,15962.25,759.4000244140625,657.7000122070312,1549.5999755859375,963.4270629882812,3192.0,15882.599609375,763.9749755859375,667.4500122070312,1573.75,963.4962768554688,3213.0,15958.349609375,5170628,9212875,6265593,8828185,1256526,276300
2021-07-19,688.2789916992188,629.074951171875,1342.7784423828125,950.6520385742188,2766.457763671875,15752.400390625,735.5,655.9000244140625,1541.699951171875,968.6651000976562,3184.60009765625,15752.400390625,744.4249877929688,656.9000244140625,1552.9000244140625,980.2256469726562,3199.800048828125,15836.900390625,733.0,645.5499877929688,1537.550048828125,965.5730590820312,3176.0,15707.5,743.5,645.6500244140625,1544.699951171875,969.149658203125,3180.0,15754.5,25111600,9121737,5669162,8354449,1597058,242100
2021-07-20,675.2479858398438,615.6474609375,1350.0509033203125,948.3195190429688,2784.873779296875,15632.099609375,721.5750122070312,641.9000244140625,1550.050048828125,966.288330078125,3205.800048828125,15632.099609375,727.0,651.25,1557.699951171875,972.8416748046875,3215.0,15728.4501953125,718.0750122070312,639.0999755859375,1538.0,961.7656860351562,3156.14990234375,15578.5498046875,721.0,648.6500244140625,1538.300048828125,968.9188842773438,3184.60009765625,15703.9501953125,24174250,13169127,5069939,6741464,1811945,274300
2021-07-22,677.8448486328125,629.1229248046875,1385.0205078125,960.5030517578125,2794.0390625,15824.0498046875,724.3499755859375,655.9500122070312,1590.199951171875,978.7026977539062,3216.35009765625,15824.0498046875,734.25,660.2999877929688,1592.8499755859375,980.1795043945312,3224.949951171875,15834.7998046875,722.5,648.2999877929688,1561.4000244140625,968.2958984375,3190.0,15726.400390625,728.0499877929688,652.5,1561.4000244140625,977.9181518554688,3190.0,15736.599609375,13207114,13123569,7854575,7972397,2859334,265300
2021-07-23,675.0608520507812,648.976318359375,1385.2384033203125,953.7092895507812,2790.998291015625,15856.0498046875,721.375,676.6500244140625,1590.449951171875,971.7802124023438,3212.85009765625,15856.0498046875,728.7249755859375,677.8499755859375,1598.5,985.04833984375,3241.550048828125,15899.7998046875,717.6500244140625,650.75,1585.050048828125,970.095703125,3206.64990234375,15768.400390625,725.75,655.9500122070312,1588.550048828125,985.04833984375,3230.0,15856.7998046875,13126684,19298083,4179719,9937030,1776193,294100
2021-07-26,671.22412109375,649.0721435546875,1396.9530029296875,940.6426391601562,2777.706787109375,15824.4501953125,717.2750244140625,676.75,1603.9000244140625,958.4659423828125,3197.550048828125,15824.4501953125,722.0,687.75,1611.6500244140625,978.8411254882812,3224.25,15893.349609375,714.0499877929688,663.5999755859375,1594.0999755859375,955.8123168945312,3190.85009765625,15797.0,715.0,680.0,1594.0999755859375,972.8416748046875,3200.0,15849.2998046875,13167166,31054759,4586710,12389668,1259611,267100
2021-07-27,673.6571655273438,649.7434692382812,1395.77685546875,930.7462768554688,2765.023681640625,15746.4501953125,719.875,677.4500122070312,1602.550048828125,948.3821411132812,3182.949951171875,15746.4501953125,724.9500122070312,685.5999755859375,1609.300048828125,961.627197265625,3210.0,15881.5498046875,718.0499877929688,673.2999877929688,1597.9000244140625,942.3826904296875,3161.14990234375,15701.0,718.0499877929688,680.1500244140625,1605.0,958.44287109375,3200.0,15860.5,22401430,12598869,5892859,10824523,1121367,311000
2021-07-28,663.1529541015625,657.0326538085938,1398.433349609375,922.7523193359375,2777.923828125,15709.400390625,708.6500244140625,685.0499877929688,1605.5999755859375,940.2366943359375,3197.800048828125,15709.400390625,719.3499755859375,687.0,1607.5999755859375,949.7666625976562,3204.449951171875,15767.5,702.0,670.0499877929688,1585.5,930.4990234375,3132.39990234375,15513.4501953125,717.5250244140625,677.9000244140625,1605.0999755859375,949.7666625976562,3188.0,15761.5498046875,20670342,18367497,4686788,12897848,1660654,318600
2021-07-29,663.5972900390625,661.313232421875,1408.362548828125,929.9536743164062,2776.1865234375,15778.4501953125,709.125,687.5,1617.0,947.5745239257812,3195.800048828125,15778.4501953125,714.9749755859375,692.5,1620.0,957.3352661132812,3225.449951171875,15817.349609375,706.6500244140625,683.0999755859375,1600.0999755859375,943.0287475585938,3190.300048828125,15737.7998046875,714.125,692.5,1600.0999755859375,947.920654296875,3200.25,15762.7001953125,13702230,11043138,4660873,13765738,1731997,401600
2021-07-30,667.43408203125,656.5037231445312,1402.7010498046875,921.8239135742188,2751.55859375,15763.0498046875,713.2249755859375,682.5,1610.5,939.2906494140625,3167.449951171875,15763.0498046875,715.875,687.6500244140625,1623.4000244140625,954.3585815429688,3223.5,15862.7998046875,703.9749755859375,678.0,1606.1500244140625,937.352294921875,3162.35009765625,15744.849609375,709.5,687.0,1610.0,949.7666625976562,3219.0,15800.599609375,11655488,14536250,6234257,11350608,2999943,400000
2021-08-02,665.6560668945312,655.445556640625,1421.0352783203125,938.6724243164062,2796.688232421875,15885.150390625,711.3250122070312,681.4000244140625,1631.550048828125,956.4584350585938,3219.39990234375,15885.150390625,717.5,688.0499877929688,1634.75,959.6427612304688,3224.89990234375,15892.900390625,708.125,677.7000122070312,1619.199951171875,941.9904174804688,3167.0,15834.650390625,717.5,684.0499877929688,1627.449951171875,948.0591430664062,3180.0,15874.900390625,13258786,9348206,5553389,10925104,2608669,244800
2021-08-03,671.2943115234375,664.102783203125,1441.6337890625,945.579345703125,2853.588134765625,16130.75,717.3499755859375,690.4000244140625,1655.199951171875,963.4962768554688,3284.89990234375,16130.75,719.9500122070312,691.9000244140625,1658.6500244140625,964.9961547851562,3290.0,16146.900390625,705.0,676.6500244140625,1635.5999755859375,952.6279907226562,3218.949951171875,15914.349609375,705.0,683.0,1647.0,964.53466796875,3229.0,15951.5498046875,12033120,10162609,5513668,11817299,3804735,341300
2021-08-04,685.6119995117188,687.4291381835938,1436.4512939453125,952.8261108398438,2844.0751953125,16258.7998046875,732.6500244140625,714.6500244140625,1649.25,970.8803100585938,3273.949951171875,16258.7998046875,737.25,717.4000244140625,1679.9000244140625,975.6106567382812,3305.199951171875,16290.2001953125,720.0,693.2000122070312,1639.050048828125,963.150146484375,3261.199951171875,16176.150390625,720.5,694.0,1669.0999755859375,966.5652465820312,3300.0,16195.25,22053948,28730606,6740391,13169800,2929598,427300
2021-08-05,694.7593383789062,675.6937866210938,1440.1966552734375,966.6400756835938,2852.762451171875,16294.599609375,742.4249877929688,702.4500122070312,1653.550048828125,984.9560546875,3283.949951171875,16294.599609375,753.5250244140625,716.5,1666.0,994.4398193359375,3315.0,16349.4501953125,728.7000122070312,699.0499877929688,1647.050048828125,971.1110229492188,3262.5,16210.2998046875,733.5499877929688,715.5,1649.5,975.7490844726562,3275.0,16288.9501953125,18822408,17774554,5420536,21252078,2534521,418200
2021-08-06,698.4090576171875,671.0765380859375,1437.27880859375,946.168212890625,2875.218505859375,16238.2001953125,746.3250122070312,697.6500244140625,1650.199951171875,964.0962524414062,3309.800048828125,16238.2001953125,750.0,706.0,1660.6500244140625,990.8170776367188,3324.0,16336.75,737.0,695.7000122070312,1644.0,959.3427734375,3265.0,16223.2998046875,741.7750244140625,705.0499877929688,1657.0,982.9715576171875,3272.550048828125,16304.400390625,13339270,14701949,3754855,16620987,2292362,320100
2021-08-09,703.6729125976562,676.0785522460938,1448.688720703125,940.7783813476562,2886.42431640625,16258.25,751.9500122070312,702.8499755859375,1663.300048828125,958.6043701171875,3322.699951171875,16258.25,753.6749877929688,706.2999877929688,1667.449951171875,964.4423828125,3337.0,16320.75,738.0,694.3499755859375,1646.4000244140625,953.6893920898438,3310.0,16179.0498046875,746.0,697.4000244140625,1661.0,960.3811645507812,3323.89990234375,16281.349609375,10998048,8602980,5018477,7494143,1510489,240500
2021-08-10,705.4275512695312,674.202880859375,1460.8387451171875,945.7152099609375,2896.15380859375,16280.099609375,753.8250122070312,700.9000244140625,1677.25,963.6347045898438,3333.89990234375,16280.099609375,759.875,708.2999877929688,1680.0,975.149169921875,3349.89990234375,16359.25,744.5,697.2999877929688,1661.050048828125,957.0352783203125,3315.60009765625,16202.25,744.5,704.0999755859375,1668.0,960.8426513671875,3315.60009765625,16274.7998046875,14838346,10843554,6846517,11919198,2040777,288000
2021-08-11,699.485107421875,667.1327514648438,1461.099853515625,958.9630737304688,2905.1015625,16282.25,747.4749755859375,693.5499877929688,1677.550048828125,977.1336059570312,3344.199951171875,16282.25,759.4249877929688,707.1500244140625,1684.0,978.379638671875,3360.0,16338.75,745.5250244140625,690.0,1668.0,961.48876953125,3327.10009765625,16162.5498046875,757.4500122070312,706.25,1674.800048828125,967.7420654296875,3350.0,16327.2998046875,12585786,9748084,4899639,9184963,1929707,277900
2021-08-12,702.503173828125,674.6356811523438,1471.5950927734375,955.8832397460938,2911.65966796875,16364.400390625,750.7000122070312,701.3499755859375,1689.5999755859375,973.9954223632812,3351.75,16364.400390625,753.7999877929688,702.9500122070312,1696.5,981.240966796875,3368.0,16375.5,744.6500244140625,693.2999877929688,1674.0,971.4571533203125,3326.0,16286.900390625,748.5,693.5,1679.1500244140625,980.6409912109375,3326.0,16303.650390625,8597674,8840339,5659579,8137612,1310205,280200
2021-08-13,714.1069946289062,677.9542236328125,1491.2791748046875,971.8032836914062,3008.650390625,16529.099609375,763.0999755859375,704.7999877929688,1712.199951171875,990.2171020507812,3463.39990234375,16529.099609375,765.5,709.9000244140625,1722.5,992.1785278320312,3480.0,16543.599609375,750.5,701.0,1691.300048828125,973.2800903320312,3357.5,16376.2998046875,750.5999755859375,707.0499877929688,1697.0,977.1336059570312,3360.75,16385.69921875,16658428,12787590,5612790,12780901,4363584,321900
2021-08-16,716.1658325195312,675.8861694335938,1484.4857177734375,984.4169921875,3016.9462890625,16563.05078125,765.2999877929688,702.6500244140625,1704.4000244140625,1003.0698852539062,3472.949951171875,16563.05078125,767.5,707.4000244140625,1719.949951171875,1016.6841430664062,3494.35009765625,16589.400390625,760.7249755859375,698.6500244140625,1690.0999755859375,982.140869140625,3436.5,16480.75,763.0750122070312,702.4000244140625,1707.699951171875,991.9246826171875,3460.0,16518.400390625,6252778,7920846,4564109,21935444,2083489,254000
2021-08-17,708.7027587890625,674.491455078125,1516.92919921875,980.2276000976562,3086.529541015625,16614.599609375,757.3250122070312,701.2000122070312,1741.6500244140625,998.801025390625,3553.050048828125,16614.599609375,762.0,702.9000244140625,1748.9000244140625,1008.4694213867188,3560.800048828125,16628.55078125,752.6500244140625,691.5,1686.550048828125,991.232421875,3463.0,16495.400390625,758.5999755859375,699.7999877929688,1703.9000244140625,1000.9239501953125,3482.10009765625,16545.25,8282666,8669653,9510390,12658169,4336019,297400
2021-08-18,707.9307250976562,662.0827026367188,1509.787109375,984.0321655273438,3093.044189453125,16568.849609375,756.5,688.2999877929688,1733.449951171875,1002.6776123046875,3560.550048828125,16568.849609375,782.6749877929688,700.8499755859375,1755.5,1009.2078247070312,3595.0,16701.849609375,754.1749877929688,683.5999755859375,1727.0,993.424560546875,3536.60009765625,16535.849609375,778.3499755859375,700.8499755859375,1729.0,1003.3006591796875,3573.85009765625,16691.94921875,22985932,11069373,6686090,10075860,2631309,251800
2021-08-20,708.7496337890625,654.772216796875,1509.351806640625,972.9808959960938,3092.13232421875,16450.5,757.375,680.7000122070312,1732.949951171875,991.4170532226562,3559.5,16450.5,759.9000244140625,684.4000244140625,1745.0,1002.3776245117188,3575.0,16509.55078125,743.0250244140625,675.3499755859375,1716.0999755859375,986.2251586914062,3500.0,16376.0498046875,743.0250244140625,683.8499755859375,1716.0999755859375,988.994140625,3506.0,16382.5,13150406,13121808,6206972,9426282,2836148,350800
2021-08-23,713.3583374023438,656.696044921875,1514.4034423828125,979.3670043945312,3159.80419921875,16496.44921875,762.2999877929688,682.7000122070312,1738.75,997.9241943359375,3637.39990234375,16496.44921875,766.5750122070312,689.9500122070312,1753.1500244140625,1003.3006591796875,3673.0,16592.5,754.3250122070312,673.8499755859375,1732.0,984.0560913085938,3561.89990234375,16395.69921875,764.9249877929688,689.9500122070312,1735.75,1003.3006591796875,3580.0,16592.25,10843054,10917371,6189051,9854395,3744176,275600
2021-08-24,729.3839111328125,667.9985961914062,1498.812744140625,989.036865234375,3138.78125,16624.599609375,779.4249877929688,694.4500122070312,1720.8499755859375,1007.7772216796875,3613.199951171875,16624.599609375,782.25,697.25,1757.0,1011.607666015625,3667.35009765625,16647.099609375,763.7249755859375,680.4000244140625,1712.699951171875,994.8090209960938,3594.39990234375,16495.30078125,765.0,683.25,1750.0,999.1702270507812,3657.0,16561.400390625,18381314,9821388,7602939,11864472,2511141,275400
2021-08-25,728.7055053710938,664.7279663085938,1511.6163330078125,997.5970458984375,3178.56787109375,16634.650390625,778.7000122070312,691.0499877929688,1735.550048828125,1016.49951171875,3659.0,16634.650390625,782.4000244140625,700.4500122070312,1746.9000244140625,1024.5296630859375,3697.75,16712.44921875,774.0,687.1500244140625,1718.0,1006.1157836914062,3607.050048828125,16617.5,776.0499877929688,699.9500122070312,1718.0,1008.561767578125,3610.0,16654.0,7727974,9535359,6153253,13380559,2123263,265900
2021-08-26,727.489013671875,672.1828002929688,1504.7791748046875,1010.210693359375,3189.730224609375,16636.900390625,777.4000244140625,698.7999877929688,1727.699951171875,1029.352294921875,3671.85009765625,16636.900390625,785.5,701.5499877929688,1746.0,1036.02099609375,3687.60009765625,16683.69921875,771.7249755859375,690.0,1720.0,1017.6071166992188,3647.89990234375,16603.400390625,775.0,692.0499877929688,1734.0,1018.9916381835938,3660.0,16627.94921875,11119002,10756731,5302248,18589616,1902533,253500
2021-08-27,724.5177001953125,673.0966796875,1488.31787109375,1008.829345703125,3231.6884765625,16705.19921875,774.2249755859375,699.75,1708.800048828125,1027.9447021484375,3720.14990234375,16705.19921875,779.3250122070312,700.4500122070312,1727.699951171875,1035.02880859375,3729.5,16722.05078125,772.625,689.0499877929688,1705.199951171875,1022.7067260742188,3651.10009765625,16565.599609375,776.0,696.0999755859375,1725.0,1032.3751220703125,3666.0,16642.55078125,6382138,9135827,6698514,10480636,3944728,217400
2021-08-30,733.7821655273438,686.4672241210938,1478.9549560546875,1028.23681640625,3215.313232421875,16931.05078125,784.125,713.6500244140625,1698.050048828125,1047.719970703125,3701.300048828125,16931.05078125,785.0,715.0,1718.6500244140625,1050.304443359375,3740.35009765625,16951.5,775.7999877929688,700.9000244140625,1690.4000244140625,1032.2828369140625,3687.60009765625,16764.849609375,777.7999877929688,704.5,1703.050048828125,1038.3746337890625,3715.0,16775.849609375,9049166,10797869,6559667,14027062,2033114,283500
2021-08-31,739.9351196289062,691.6614990234375,1486.2711181640625,1022.7567138671875,3289.28369140625,17132.19921875,790.7000122070312,719.0499877929688,1706.449951171875,1042.1358642578125,3786.449951171875,17132.19921875,791.6749877929688,719.9000244140625,1715.0,1053.9501953125,3804.10009765625,17153.5,781.0999755859375,709.3499755859375,1685.8499755859375,1034.7979736328125,3703.449951171875,16915.849609375,781.75,714.0,1700.1500244140625,1050.7889404296875,3709.39990234375,16947.5,12062576,19760246,12255438,26485463,3207480,464400
2021-09-01,738.85888671875,692.4791259765625,1461.274169921875,1026.8101806640625,3227.171630859375,17076.25,789.5499877929688,719.9000244140625,1677.75,1046.2662353515625,3714.949951171875,17076.25,799.0,734.7999877929688,1709.5,1058.1729736328125,3816.699951171875,17225.75,787.25,717.2000122070312,1673.1500244140625,1044.3741455078125,3707.0,17055.05078125,787.5,727.5999755859375,1709.5,1048.9891357421875,3796.0,17185.599609375,12422558,13729351,7801974,11145486,2643336,301900
2021-09-02,743.4911499023438,697.5291137695312,1471.1597900390625,1039.1748046875,3332.978759765625,17234.150390625,794.5,725.1500244140625,1689.0999755859375,1058.865234375,3836.75,17234.150390625,796.0,728.0499877929688,1694.300048828125,1065.04931640625,3859.14990234375,17245.5,785.625,717.5,1662.6500244140625,1040.68212890625,3722.0,17059.69921875,787.0499877929688,722.2999877929688,1677.3499755859375,1040.68212890625,3734.0,17095.400390625,9618524,8627956,6830050,9956770,3403717,242400
2021-09-03,737.4318237304688,696.7114868164062,1481.2196044921875,1081.7943115234375,3337.58349609375,17323.599609375,788.0250244140625,724.2999877929688,1700.6500244140625,1102.2923583984375,3842.050048828125,17323.599609375,799.0,731.7999877929688,1705.949951171875,1105.2921142578125,3856.89990234375,17340.099609375,784.1500244140625,721.0999755859375,1684.4000244140625,1062.6033935546875,3804.550048828125,17212.19921875,793.0499877929688,724.75,1696.050048828125,1066.0645751953125,3825.0,17262.44921875,10735334,8993813,5339139,30664428,1746812,261400
2021-09-06,732.5890502929688,693.6815185546875,1507.130859375,1098.5977783203125,3346.226318359375,17377.80078125,782.8499755859375,721.1500244140625,1730.4000244140625,1119.4140625,3852.0,17377.80078125,790.4749755859375,728.0,1732.0,1144.5196533203125,3877.60009765625,17429.55078125,780.9749755859375,720.0,1699.3499755859375,1113.1375732421875,3814.0,17345.55078125,789.9749755859375,725.4000244140625,1705.1500244140625,1113.59912109375,3849.699951171875,17399.349609375,7876896,5329995,4876026,33641710,1723693,228000
2021-09-07,734.2501220703125,689.5933837890625,1486.4453125,1105.52734375,3314.866455078125,17362.099609375,784.625,716.9000244140625,1706.6500244140625,1126.4749755859375,3815.89990234375,17362.099609375,791.0,722.4500122070312,1734.9000244140625,1134.3665771484375,3869.949951171875,17436.5,777.5999755859375,711.6500244140625,1704.0,1113.1375732421875,3808.25,17287.0,781.25,720.9000244140625,1730.0,1121.444580078125,3864.0,17401.55078125,7245496,6242711,3520341,17349882,1585039,243400
2021-09-08,737.5955810546875,693.4891357421875,1474.774169921875,1101.201904296875,3278.598388671875,17353.5,788.2000122070312,720.9500122070312,1693.25,1122.067626953125,3774.14990234375,17353.5,790.25,722.75,1700.8499755859375,1132.5206298828125,3815.0,17383.400390625,782.7999877929688,715.0,1682.949951171875,1110.6685791015625,3756.0,17254.19921875,785.9749755859375,716.5,1700.8499755859375,1131.59765625,3810.0,17375.75,6724080,7118011,4584896,14301651,4147175,252700
2021-09-09,733.9459228515625,692.8158569335938,1473.3370361328125,1098.5977783203125,3293.583251953125,17369.25,784.2999877929688,720.25,1691.5999755859375,1119.4140625,3791.39990234375,17369.25,789.7249755859375,723.9000244140625,1694.9000244140625,1125.0673828125,3808.699951171875,17379.650390625,780.5,717.5999755859375,1682.1500244140625,1115.02978515625,3765.0,17302.69921875,787.0,720.7999877929688,1685.9000244140625,1120.4754638671875,3789.699951171875,17312.849609375,8250948,6243422,3331674,8963249,1441148,241500
2021-09-13,727.83984375,680.4552612304688,1473.5982666015625,1074.11767578125,3340.44921875,17355.30078125,777.7750244140625,707.4000244140625,1691.9000244140625,1094.469970703125,3845.35009765625,17355.30078125,792.0,717.9000244140625,1701.5,1122.8291015625,3852.39990234375,17378.349609375,776.8250122070312,705.2000122070312,1675.199951171875,1092.854736328125,3767.0,17269.150390625,781.0,717.9000244140625,1683.0,1122.8291015625,3767.0,17363.55078125,8959164,6967906,4662374,16311160,1691473,241100
2021-09-14,724.5645751953125,680.5032958984375,1468.59033203125,1072.713623046875,3375.6748046875,17380.0,774.2750244140625,707.4500122070312,1686.1500244140625,1093.039306640625,3885.89990234375,17380.0,782.25,714.0,1695.949951171875,1104.83056640625,3896.5,17438.55078125,773.2999877929688,706.5,1678.5999755859375,1091.9085693359375,3825.0,17367.05078125,780.0,713.25,1695.949951171875,1096.0621337890625,3849.949951171875,17420.349609375,9758506,5241865,4945167,8908356,1991188,230400
2021-09-15,723.7457885742188,687.1405029296875,1490.6259765625,1077.1748046875,3435.311767578125,17519.44921875,773.4000244140625,714.3499755859375,1711.449951171875,1097.5850830078125,3954.550048828125,17519.44921875,777.4000244140625,716.0,1715.0999755859375,1105.63818359375,3980.0,17532.69921875,767.5,706.2999877929688,1690.199951171875,1093.0623779296875,3866.0,17386.900390625,767.5,707.0999755859375,1693.25,1093.0623779296875,3882.10009765625,17387.650390625,14822998,5936741,4062344,9071075,2461369,388200
2021-09-16,729.8986206054688,699.5010375976562,1482.6131591796875,1099.775146484375,3390.791015625,17629.5,779.9749755859375,727.2000122070312,1702.25,1120.6138916015625,3903.300048828125,17629.5,782.1500244140625,729.4000244140625,1719.25,1124.5596923828125,3981.75,17644.599609375,768.1500244140625,712.8499755859375,1691.449951171875,1092.3701171875,3892.10009765625,17510.44921875,768.875,720.0,1715.199951171875,1099.0849609375,3930.0,17539.19921875,10260550,13557169,3246568,13448882,2946666,503300
2021-09-17,740.2860107421875,692.7196044921875,1473.0760498046875,1082.722900390625,3325.2470703125,17585.150390625,791.0750122070312,720.1500244140625,1691.300048828125,1103.2384033203125,3827.85009765625,17585.150390625,794.5,734.4000244140625,1718.0,1133.3743896484375,3945.0,17792.94921875,779.5999755859375,714.0,1684.449951171875,1096.3389892578125,3805.0,17537.650390625,784.5,732.9000244140625,1697.0,1128.82861328125,3920.0,17709.650390625,20498102,17075003,7454864,34882133,6477148,508300
2021-09-20,729.851806640625,682.9562377929688,1470.0709228515625,1084.444091796875,3321.468505859375,17396.900390625,779.9249877929688,710.0,1687.8499755859375,1104.9921875,3823.5,17396.900390625,790.8499755859375,720.4000244140625,1707.699951171875,1116.068115234375,3871.0,17622.75,779.0,706.5,1677.949951171875,1093.754638671875,3807.85009765625,17361.80078125,782.0,710.0,1685.0,1094.7237548828125,3809.0,17443.849609375,8781610,7943459,5660743,11779819,2002008,339100
2021-09-21,726.1554565429688,684.7356567382812,1496.7227783203125,1089.1317138671875,3355.739013671875,17562.0,775.9749755859375,711.8499755859375,1718.449951171875,1109.7686767578125,3862.949951171875,17562.0,784.3250122070312,714.5,1726.75,1115.260498046875,3871.550048828125,17578.349609375,764.4749755859375,694.4000244140625,1684.6500244140625,1100.215576171875,3821.64990234375,17326.099609375,781.0,711.1500244140625,1700.0,1109.9071044921875,3858.0,17450.5,14774996,10009615,4672222,9915736,1568129,363600
2021-09-22,717.6162719726562,676.5595092773438,1495.3726806640625,1100.8170166015625,3355.043701171875,17546.650390625,766.8499755859375,703.3499755859375,1716.9000244140625,1121.6754150390625,3862.14990234375,17546.650390625,775.0750122070312,715.0,1738.9000244140625,1126.9825439453125,3896.85009765625,17610.44921875,765.0,702.25,1713.050048828125,1106.7919921875,3852.449951171875,17524.0,774.5,715.0,1717.0,1111.2916259765625,3862.5,17580.900390625,10582202,9740470,4553892,10995912,1744067,295200
2021-09-23,734.6009521484375,689.6895751953125,1517.713134765625,1127.7203369140625,3361.211669921875,17822.94921875,785.0,717.0,1742.550048828125,1149.0885009765625,3869.25,17822.94921875,786.0,720.0,1745.0,1152.3651123046875,3879.0,17843.900390625,771.0,707.1500244140625,1721.0999755859375,1128.597900390625,3835.0,17646.55078125,771.0,711.0,1732.0,1129.4747314453125,3870.0,17670.849609375,13664304,10412491,3826090,15748397,2003869,320500
2021-09-24,749.36328125,695.4129028320312,1536.2646484375,1124.459228515625,3362.9921875,17853.19921875,800.7750244140625,722.9500122070312,1763.8499755859375,1145.765625,3871.300048828125,17853.19921875,803.9749755859375,724.5999755859375,1788.0,1156.2647705078125,3944.39990234375,17947.650390625,787.5,716.5499877929688,1752.449951171875,1140.82763671875,3855.0,17819.400390625,789.5,722.5999755859375,1758.0,1155.387939453125,3890.0,17897.44921875,20806702,11780868,8280446,15192163,2320754,360100
2021-09-27,760.3822631835938,702.1944580078125,1499.0743408203125,1143.3685302734375,3333.152587890625,17855.099609375,812.5499877929688,730.0,1721.1500244140625,1165.033203125,3836.949951171875,17855.099609375,817.75,731.75,1769.0,1167.5484619140625,3904.0,17943.5,804.0,722.2999877929688,1718.0999755859375,1142.3505859375,3802.89990234375,17802.900390625,807.8499755859375,724.5,1768.75,1147.7501220703125,3900.0,17932.19921875,16415462,7712240,5045337,15373834,1673362,295700
2021-09-28,755.6798706054688,689.8338623046875,1469.417724609375,1154.057373046875,3282.94189453125,17748.599609375,807.5250244140625,717.1500244140625,1687.0999755859375,1175.9246826171875,3779.14990234375,17748.599609375,816.0,735.4000244140625,1710.0,1183.700927734375,3850.0,17912.849609375,791.0,706.5999755859375,1675.0,1159.65673828125,3751.25,17576.099609375,816.0,734.0999755859375,1710.0,1169.4405517578125,3850.0,17906.44921875,12773790,13491800,6557197,18035258,2253075,398000
2021-09-29,745.7604370117188,682.4752807617188,1473.903076171875,1144.90869140625,3294.017578125,17711.30078125,796.9249877929688,709.5,1692.25,1166.6024169921875,3791.89990234375,17711.30078125,803.2999877929688,711.9500122070312,1701.4000244140625,1186.0545654296875,3806.0,17781.75,792.5750122070312,701.2999877929688,1655.0,1163.002685546875,3722.14990234375,17608.150390625,798.5,707.3499755859375,1659.25,1186.0545654296875,3759.800048828125,17657.94921875,16263036,11453404,7792548,9719875,2489161,562200
2021-09-30,746.2750854492188,674.1547241210938,1459.0531005859375,1141.013427734375,3279.814697265625,17618.150390625,797.4749755859375,700.8499755859375,1675.199951171875,1162.6334228515625,3775.550048828125,17618.150390625,803.1749877929688,713.9000244140625,1703.0,1169.717529296875,3805.0,17742.150390625,791.5499877929688,698.7999877929688,1670.0999755859375,1153.9111328125,3750.10009765625,17585.349609375,793.0,709.5999755859375,1703.0,1165.287109375,3805.0,17718.900390625,15975348,18487517,6914031,13590654,2252412,378600
2021-10-01,740.5432739257812,665.9783935546875,1450.2998046875,1143.0289306640625,3240.4189453125,17532.05078125,791.3499755859375,692.3499755859375,1665.1500244140625,1164.6871337890625,3730.199951171875,17532.05078125,794.5,694.8499755859375,1678.949951171875,1172.1173095703125,3810.0,17557.150390625,782.625,687.9000244140625,1661.25,1151.442138671875,3725.0,17452.900390625,791.5,693.0,1665.0999755859375,1154.6495361328125,3781.75,17531.900390625,11128596,10935810,5733906,8958928,1578374,305800
2021-10-04,741.970458984375,673.5294799804688,1462.145263671875,1157.7261962890625,3277.860107421875,17691.25,792.875,700.2000122070312,1678.75,1179.662841796875,3773.300048828125,17691.25,800.6749877929688,703.3499755859375,1688.0,1188.2928466796875,3783.64990234375,17750.900390625,791.7999877929688,694.0499877929688,1665.4000244140625,1170.84814453125,3707.449951171875,17581.349609375,794.5,697.0499877929688,1672.5,1178.2091064453125,3724.800048828125,17615.55078125,7051028,8976533,2947154,10918552,1356860,295800
2021-10-05,746.509033203125,670.5475463867188,1474.38232421875,1181.75341796875,3329.98193359375,17822.30078125,797.7249755859375,697.0999755859375,1692.800048828125,1204.1453857421875,3833.300048828125,17822.30078125,798.75,699.0,1702.949951171875,1205.4376220703125,3840.0,17833.44921875,788.125,691.8499755859375,1663.0,1175.6015625,3741.60009765625,17640.900390625,796.0,693.0,1671.0,1179.17822265625,3754.0,17661.349609375,10257178,7497208,4373310,13533634,1877966,427000
2021-10-06,755.6096801757812,663.237060546875,1457.6160888671875,1159.4019775390625,3310.522705078125,17646.0,807.4500122070312,689.5,1673.550048828125,1181.370361328125,3810.89990234375,17646.0,813.4249877929688,705.0,1709.0,1209.1064453125,3857.449951171875,17884.599609375,793.5,688.3499755859375,1670.0,1177.332275390625,3795.0,17613.150390625,798.0,696.5999755859375,1702.0999755859375,1209.1064453125,3836.0,17861.5,18600830,13200810,4271698,10258881,1678154,395800
2021-10-07,753.5509643554688,675.4533081054688,1472.814697265625,1165.0860595703125,3381.755859375,17790.349609375,805.25,702.2000122070312,1691.0,1187.1622314453125,3892.89990234375,17790.349609375,813.8499755859375,704.9500122070312,1704.199951171875,1199.32275390625,3899.0,17857.55078125,803.5,693.4500122070312,1676.6500244140625,1184.9931640625,3820.050048828125,17763.80078125,813.2999877929688,697.5499877929688,1687.0,1197.592041015625,3830.0,17810.55078125,11265724,10041549,5476108,6336665,1647233,419900
2021-10-08,749.8778686523438,676.6076049804688,1501.42578125,1209.8570556640625,3418.893798828125,17895.19921875,801.3250122070312,703.4000244140625,1723.8499755859375,1232.781494140625,3935.64990234375,17895.19921875,811.0,710.0,1731.5,1238.8502197265625,3989.89990234375,17941.849609375,800.0750122070312,698.2999877929688,1698.4000244140625,1191.36181640625,3900.0,17840.349609375,806.0,706.0,1705.25,1193.0924072265625,3925.0,17886.849609375,7245562,9383924,4738376,15772493,2934339,324100
2021-10-11,764.4529418945312,686.1304931640625,1472.7711181640625,1201.4327392578125,3201.675537109375,17945.94921875,816.9000244140625,713.2999877929688,1690.949951171875,1224.197509765625,3685.60009765625,17945.94921875,822.5,719.4000244140625,1730.0,1255.279541015625,3757.5,18041.94921875,799.5,700.2999877929688,1663.699951171875,1220.82861328125,3660.0,17839.099609375,799.9500122070312,702.0,1682.0,1246.6956787109375,3755.0,17867.55078125,13080848,9337637,8840633,14768666,11845402,375800
2021-10-12,762.4877319335938,681.6094970703125,1467.7193603515625,1208.2943115234375,3173.224853515625,17991.94921875,814.7999877929688,708.5999755859375,1685.1500244140625,1231.189208984375,3652.85009765625,17991.94921875,820.7750244140625,713.0,1689.0,1238.2041015625,3707.0,18008.650390625,812.5,704.4000244140625,1662.0,1218.9364013671875,3630.60009765625,17864.94921875,812.5,706.5,1677.0,1220.6671142578125,3706.0,17915.80078125,8176946,7376091,7439300,6682011,5752877,355600
2021-10-13,767.0731811523438,682.9081420898438,1488.666259765625,1220.591064453125,3175.2666015625,18161.75,819.7000122070312,709.9500122070312,1709.199951171875,1243.718994140625,3655.199951171875,18161.75,824.0,715.9000244140625,1713.6500244140625,1255.048828125,3675.449951171875,18197.80078125,815.0,707.9500122070312,1680.050048828125,1231.8814697265625,3645.0,18050.75,818.5,713.8499755859375,1695.949951171875,1236.3580322265625,3650.0,18097.849609375,6225644,6357766,7104171,9959762,3545655,506700
2021-10-14,789.5322875976562,699.5972290039062,1494.3712158203125,1223.0595703125,3143.281005859375,18338.55078125,843.7000122070312,727.2999877929688,1715.75,1246.234130859375,3611.449951171875,18338.55078125,845.0,729.7999877929688,1783.5999755859375,1254.102783203125,3670.0,18350.75,819.0,709.0499877929688,1698.199951171875,1240.142333984375,3608.199951171875,18248.69921875,819.0,710.25,1754.0,1246.2110595703125,3625.0,18272.849609375,14757288,8950350,19655776,8623469,6442299,538700
2021-10-18,781.53125,717.055908203125,1560.913330078125,1226.3206787109375,3174.35302734375,18477.05078125,835.1500244140625,745.4500122070312,1792.1500244140625,1249.5570068359375,3647.14990234375,18477.05078125,862.5,748.9000244140625,1799.0,1266.8170166015625,3652.699951171875,18543.150390625,833.5250244140625,732.0499877929688,1740.0,1228.6510009765625,3601.449951171875,18445.30078125,852.5,739.0,1740.0,1231.5584716796875,3603.449951171875,18500.099609375,28856456,15345601,13438109,13594479,3590107,469900
2021-10-19,790.1405639648438,718.9797973632812,1587.042724609375,1237.3038330078125,3163.03857421875,18418.75,844.3499755859375,747.4500122070312,1822.1500244140625,1260.748291015625,3634.14990234375,18418.75,846.2249755859375,755.0,1834.5,1269.74755859375,3690.10009765625,18604.44921875,835.5,738.75,1782.300048828125,1249.7415771484375,3625.199951171875,18377.69921875,837.7249755859375,755.0,1814.0,1257.033203125,3669.0,18602.349609375,8987540,11349799,10324260,8833409,3135441,368200
2021-10-20,783.1921997070312,717.440673828125,1569.7972412109375,1223.0595703125,3141.01806640625,18266.599609375,836.9249877929688,745.8499755859375,1802.3499755859375,1246.234130859375,3608.85009765625,18266.599609375,849.375,757.4500122070312,1848.0,1265.7786865234375,3630.0,18458.30078125,832.2249755859375,741.9000244140625,1794.050048828125,1242.1268310546875,3578.300048828125,18209.349609375,844.5499877929688,746.75,1829.4000244140625,1265.7786865234375,3612.0,18439.900390625,10908568,12762996,5876115,12710570,2933693,371300
2021-10-21,784.3386840820312,726.72314453125,1527.3809814453125,1187.77734375,3074.5654296875,18178.099609375,838.1500244140625,755.5,1753.6500244140625,1210.2833251953125,3532.5,18178.099609375,840.9749755859375,759.8499755859375,1814.0,1258.9715576171875,3607.449951171875,18384.19921875,830.4249877929688,737.4000244140625,1746.8499755859375,1201.3763427734375,3511.25,18048.0,835.9000244140625,748.9000244140625,1814.0,1258.6947021484375,3604.10009765625,18382.69921875,9738190,12166996,8779629,20831669,4871211,365900
2021-10-22,786.4207763671875,730.3783569335938,1497.8985595703125,1189.99658203125,3045.2783203125,18114.900390625,840.375,759.2999877929688,1719.800048828125,1212.544677734375,3498.85009765625,18114.900390625,854.0,765.8499755859375,1763.199951171875,1229.8509521484375,3561.60009765625,18314.25,835.375,753.3499755859375,1707.0,1205.206787109375,3485.0,18034.349609375,840.0499877929688,758.5,1749.9000244140625,1209.1295166015625,3560.0,18230.69921875,12175554,13248928,7369809,11027475,2691670,324700
2021-10-25,775.30810546875,809.6398315429688,1487.229248046875,1178.4017333984375,3040.142333984375,18125.400390625,828.5,841.7000122070312,1707.550048828125,1200.730224609375,3492.949951171875,18125.400390625,845.0,867.0,1729.75,1236.819580078125,3514.550048828125,18241.400390625,806.9000244140625,798.4000244140625,1687.199951171875,1186.0545654296875,3450.0,17968.5,845.0,800.0,1722.050048828125,1236.819580078125,3503.0,18229.5,16426766,96124084,5905209,17198417,2595594,418700
2021-10-26,773.319580078125,797.8082885742188,1497.0264892578125,1205.237060546875,3031.134033203125,18268.400390625,826.375,829.4000244140625,1703.699951171875,1228.0740966796875,3482.60009765625,18268.400390625,836.9249877929688,841.7000122070312,1726.5999755859375,1231.6968994140625,3529.0,18310.44921875,823.1749877929688,822.3499755859375,1695.9000244140625,1201.353271484375,3475.0,18099.30078125,825.0,828.7000122070312,1710.050048828125,1207.791259765625,3494.5,18154.5,12090656,16925115,5871709,9750178,3878763,341400
2021-10-27,768.6640625,803.1949462890625,1519.2135009765625,1189.99658203125,3037.357177734375,18210.94921875,821.4000244140625,835.0,1728.949951171875,1212.544677734375,3489.75,18210.94921875,832.5250244140625,849.0,1734.1500244140625,1235.3427734375,3511.25,18342.05078125,818.6500244140625,824.2000122070312,1701.1500244140625,1209.1064453125,3483.0,18167.900390625,826.375,828.75,1709.0999755859375,1223.8975830078125,3483.0,18295.849609375,13249642,22898400,5090259,9896298,2510813,335200
2021-10-28,745.6433715820312,768.2776489257812,1497.202392578125,1176.9525146484375,2978.0849609375,17857.25,796.7999877929688,798.7000122070312,1703.9000244140625,1199.25341796875,3421.64990234375,17857.25,825.0,831.9500122070312,1724.75,1217.4134521484375,3518.0,18190.69921875,793.5750122070312,796.25,1692.050048828125,1195.515380859375,3415.0,17799.44921875,825.0,830.0999755859375,1719.3499755859375,1209.1295166015625,3518.0,18187.650390625,17797750,18750423,5329972,9886181,2424942,374200
2021-10-29,740.6134643554688,771.5,1465.4376220703125,1148.713134765625,2957.28369140625,17671.650390625,791.4249877929688,802.0499877929688,1667.75,1170.47900390625,3397.75,17671.650390625,801.0,808.75,1712.5999755859375,1198.122802734375,3461.0,17915.849609375,780.0,783.9000244140625,1661.050048828125,1154.5341796875,3385.949951171875,17613.099609375,795.0,798.0,1699.0,1198.122802734375,3400.050048828125,17833.05078125,12406874,15701200,5875091,14233025,3960501,336500
2021-11-01,751.1178588867188,773.2796020507812,1493.8193359375,1149.4150390625,3025.73828125,17929.650390625,802.6500244140625,803.9000244140625,1700.050048828125,1171.1943359375,3476.39990234375,17929.650390625,805.5,809.7000122070312,1707.199951171875,1179.5936279296875,3487.0,17954.099609375,791.7750244140625,793.0,1676.0,1151.0267333984375,3412.949951171875,17697.099609375,792.5,807.7000122070312,1677.5,1170.47900390625,3437.949951171875,17783.150390625,8122320,11406421,3636806,15481114,2020718,281200
2021-11-02,751.7962646484375,770.4419555664062,1491.93017578125,1132.656982421875,3032.526611328125,17888.94921875,803.375,800.9500122070312,1697.9000244140625,1154.1187744140625,3484.199951171875,17888.94921875,811.0,810.0,1706.449951171875,1175.901611328125,3513.60009765625,18012.25,800.0250244140625,798.0,1686.3499755859375,1151.5574951171875,3469.75,17847.599609375,803.0,809.0,1695.0,1174.51708984375,3494.0,17970.900390625,13237722,9452457,3471772,10569130,3087414,296400
2021-11-03,739.9584350585938,756.0133666992188,1495.9720458984375,1124.866943359375,3039.533203125,17829.19921875,790.7249755859375,785.9500122070312,1702.5,1146.1810302734375,3492.25,17829.19921875,804.9500122070312,806.0,1717.449951171875,1162.9796142578125,3519.89990234375,17988.75,787.7750244140625,780.4500122070312,1699.0,1135.7510986328125,3466.050048828125,17757.94921875,802.5499877929688,806.0,1709.0,1156.5416259765625,3504.199951171875,17947.94921875,10207338,11839149,3530713,11989430,1537639,331000
2021-11-04,745.8071899414062,752.3099365234375,1501.4200439453125,1131.77392578125,3053.806640625,17916.80078125,796.9749755859375,782.0999755859375,1708.699951171875,1153.2188720703125,3508.64990234375,17916.80078125,798.9249877929688,789.0,1717.0,1156.010986328125,3513.25,17947.55078125,795.0499877929688,779.0,1705.0,1149.1346435546875,3505.0,17900.599609375,797.5,788.5,1715.0,1150.4959716796875,3512.949951171875,17935.05078125,1096808,3149310,483407,1705656,328991,48500
2021-11-08,748.7548828125,750.4342651367188,1526.7264404296875,1133.1781005859375,3048.67236328125,18068.55078125,800.125,780.1500244140625,1737.5,1154.6495361328125,3502.75,18068.55078125,802.3499755859375,793.0,1741.0,1162.9796142578125,3548.0,18087.80078125,785.2249755859375,773.1500244140625,1703.0,1133.628173828125,3481.199951171875,17836.099609375,796.0499877929688,793.0,1730.0,1162.70263671875,3548.0,18040.19921875,18943580,13967995,5245903,20337183,2526082,338900
2021-11-09,735.6537475585938,756.5903930664062,1531.119873046875,1142.1231689453125,3051.239501953125,18044.25,786.125,786.5499877929688,1742.5,1163.76416015625,3505.699951171875,18044.25,797.2999877929688,788.5999755859375,1750.0,1167.0869140625,3535.0,18112.599609375,784.5250244140625,779.2000122070312,1726.0,1147.773193359375,3496.0,17983.05078125,797.2999877929688,784.0,1734.75,1156.05712890625,3508.0,18084.349609375,12695476,10084357,4016134,15682497,1782692,270200
2021-11-10,727.699462890625,751.1555786132812,1529.054931640625,1154.8955078125,3032.613525390625,18017.19921875,777.625,780.9000244140625,1740.1500244140625,1176.7784423828125,3484.300048828125,18017.19921875,784.5,784.2999877929688,1750.949951171875,1180.5166015625,3519.699951171875,18061.25,775.0,773.0999755859375,1721.949951171875,1155.43408203125,3480.199951171875,17915.0,784.0,782.5499877929688,1726.0,1161.4566650390625,3498.0,17973.44921875,13714126,9507347,4780368,10253470,1516489,261400
2021-11-11,724.4475708007812,742.0656127929688,1523.0357666015625,1157.00146484375,3036.008544921875,17873.599609375,774.1500244140625,771.4500122070312,1733.300048828125,1178.9244384765625,3488.199951171875,17873.599609375,777.4500122070312,777.0,1739.75,1186.2852783203125,3510.050048828125,17971.349609375,767.7999877929688,766.0999755859375,1709.0,1170.1558837890625,3436.0,17798.19921875,775.0250244140625,776.7000122070312,1732.949951171875,1172.232666015625,3480.0,17967.44921875,7999404,9221059,4731349,10722478,1284514,232100
2021-11-12,726.646728515625,747.0194091796875,1564.246337890625,1174.4615478515625,3068.95166015625,18102.75,776.5,776.5999755859375,1780.199951171875,1196.7152099609375,3526.050048828125,18102.75,779.5250244140625,779.9000244140625,1782.8499755859375,1199.32275390625,3534.14990234375,18123.0,772.5250244140625,771.2000122070312,1738.050048828125,1180.0550537109375,3485.699951171875,17905.900390625,775.0,772.7000122070312,1743.0,1182.7779541015625,3506.0,17977.599609375,14914092,15380106,5069009,8712341,1747259,249100
2021-11-15,728.63525390625,743.8450927734375,1570.3533935546875,1167.531982421875,3092.669189453125,18109.44921875,778.625,773.2999877929688,1787.1500244140625,1189.654296875,3553.300048828125,18109.44921875,785.9249877929688,784.5499877929688,1800.0,1200.9149169921875,3569.60009765625,18210.150390625,777.2000122070312,771.5499877929688,1775.5,1186.0545654296875,3528.0,18071.30078125,781.0499877929688,777.0,1782.0999755859375,1199.8995361328125,3528.0,18140.94921875,9533594,10934583,4354074,4803269,1809157,280400
2021-11-16,724.3072509765625,734.9474487304688,1574.8785400390625,1140.402099609375,3095.366943359375,17999.19921875,774.0,764.0499877929688,1792.300048828125,1162.010498046875,3556.39990234375,17999.19921875,778.5999755859375,775.75,1808.949951171875,1188.362060546875,3575.550048828125,18132.650390625,770.7999877929688,762.0,1777.0,1151.442138671875,3542.0,17958.80078125,777.5,773.2999877929688,1790.0,1187.0006103515625,3569.0,18127.05078125,8245406,12785837,6034233,11337581,2013204,267400
2021-11-17,716.2593994140625,732.3021240234375,1570.616943359375,1115.9898681640625,3065.33935546875,17898.650390625,765.4000244140625,761.2999877929688,1787.449951171875,1137.1356201171875,3521.89990234375,17898.650390625,772.0,771.9500122070312,1802.0,1153.2650146484375,3562.85009765625,18022.650390625,764.25,756.2999877929688,1780.699951171875,1135.7510986328125,3506.39990234375,17879.25,768.4500122070312,760.9000244140625,1792.550048828125,1153.2650146484375,3550.60009765625,17939.349609375,7598878,11657214,4732492,10202029,1632914,295700
2021-11-18,720.2833251953125,733.84130859375,1563.54345703125,1120.201904296875,3025.129150390625,17764.80078125,769.7000122070312,762.9000244140625,1779.4000244140625,1141.427490234375,3475.699951171875,17764.80078125,771.75,767.5,1789.449951171875,1148.673095703125,3520.85009765625,17945.599609375,762.625,756.4000244140625,1759.0,1130.6976318359375,3451.60009765625,17688.5,763.0250244140625,764.9000244140625,1781.5999755859375,1135.28955078125,3515.14990234375,17890.55078125,9152874,20644385,4326924,8505625,2136598,278400
2021-11-22,709.0302734375,723.3564453125,1545.9696044921875,1070.5845947265625,3010.0712890625,17416.55078125,757.6749877929688,752.0,1759.4000244140625,1090.8702392578125,3458.39990234375,17416.55078125,776.3499755859375,770.4500122070312,1785.4000244140625,1130.213134765625,3515.949951171875,17805.25,749.5250244140625,740.25,1751.1500244140625,1084.986083984375,3440.300048828125,17280.44921875,773.0,768.2999877929688,1784.0,1124.259765625,3478.39990234375,17796.25,15261272,20403786,6621839,24124307,3167936,356400
2021-11-23,709.1239013671875,723.212158203125,1526.19921875,1080.59423828125,3015.1630859375,17503.349609375,757.7750244140625,751.8499755859375,1736.9000244140625,1101.0693359375,3464.25,17503.349609375,763.9000244140625,757.9500122070312,1747.25,1108.176513671875,3480.949951171875,17553.69921875,748.1749877929688,731.2000122070312,1710.0,1065.6031494140625,3407.800048828125,17216.099609375,751.0,740.9500122070312,1735.0999755859375,1076.7021484375,3445.0,17281.75,11235214,24913042,8436160,25326999,2153461,308800
2021-11-24,710.293701171875,731.2440795898438,1490.2606201171875,1064.9912109375,2996.9287109375,17415.05078125,759.0250244140625,760.2000122070312,1696.0,1085.1707763671875,3443.300048828125,17415.05078125,768.1749877929688,772.25,1740.5,1112.16845703125,3493.050048828125,17600.599609375,757.0250244140625,746.7000122070312,1688.0,1081.5479736328125,3424.0,17354.0,762.0,750.25,1740.0,1098.36962890625,3472.199951171875,17550.05078125,30802286,23186419,7333061,16820296,2161746,298100
2021-11-25,713.989990234375,722.4425659179688,1513.4578857421875,1129.1015625,2999.191650390625,17536.25,762.9749755859375,751.0499877929688,1722.4000244140625,1150.4959716796875,3445.89990234375,17536.25,766.6500244140625,754.9500122070312,1726.199951171875,1154.672607421875,3463.0,17564.349609375,753.5,745.2999877929688,1696.949951171875,1087.8243408203125,3434.050048828125,17351.69921875,757.4000244140625,754.9000244140625,1700.0,1095.13916015625,3443.89990234375,17417.30078125,10251652,17749726,4476260,42401936,1849619,255900
2021-11-26,697.122314453125,694.6915283203125,1486.4383544921875,1092.7098388671875,3000.018798828125,17026.44921875,744.9500122070312,722.2000122070312,1691.6500244140625,1113.41455078125,3446.85009765625,17026.44921875,753.3499755859375,742.0499877929688,1718.3499755859375,1143.4119873046875,3490.0,17355.400390625,742.5,718.5999755859375,1684.0,1108.2918701171875,3411.89990234375,16985.69921875,750.0,739.0,1702.550048828125,1138.8892822265625,3425.0,17338.75,18624936,18987552,4494181,15763138,1941251,356300
2021-11-29,702.4329223632812,691.0363159179688,1490.5682373046875,1105.7991943359375,3048.01953125,17053.94921875,750.625,718.4000244140625,1696.3499755859375,1126.7518310546875,3502.0,17053.94921875,753.8250122070312,727.75,1712.0,1153.7496337890625,3529.35009765625,17160.69921875,731.0,710.5,1669.1500244140625,1107.1842041015625,3406.449951171875,16782.400390625,747.4000244140625,726.75,1691.0,1125.644287109375,3447.14990234375,17055.80078125,12990996,15878074,3942776,24325354,2981745,348900
2021-11-30,698.8301391601562,687.1405029296875,1504.8909912109375,1089.4486083984375,3071.649658203125,16983.19921875,746.7750244140625,714.3499755859375,1712.6500244140625,1110.0916748046875,3529.14990234375,16983.19921875,764.5,732.2999877929688,1729.9000244140625,1142.62744140625,3563.75,17324.650390625,743.2750244140625,711.0999755859375,1700.050048828125,1102.453857421875,3491.0,16931.400390625,747.5,716.75,1704.550048828125,1138.9815673828125,3491.0,17051.150390625,25221542,23965914,14808963,32172299,5588446,498000
2021-12-01,704.0238037109375,699.9819946289062,1506.8677978515625,1117.3485107421875,3113.992919921875,17166.900390625,752.3250122070312,727.7000122070312,1714.9000244140625,1138.5201416015625,3577.800048828125,17166.900390625,753.5250244140625,732.75,1741.9000244140625,1141.7506103515625,3590.0,17213.05078125,744.5499877929688,715.0,1713.0,1119.1832275390625,3535.0,17064.25,747.5,716.4000244140625,1715.0,1122.8291015625,3535.0,17104.400390625,8677634,15214913,5193264,10104610,2102118,295500
2021-12-02,713.896484375,694.8839111328125,1536.1722412109375,1124.527099609375,3170.654052734375,17401.650390625,762.875,722.4000244140625,1748.25,1145.8348388671875,3642.89990234375,17401.650390625,764.4000244140625,727.0999755859375,1750.5,1151.995849609375,3648.0,17420.349609375,750.0,715.2000122070312,1711.3499755859375,1136.0279541015625,3574.10009765625,17149.30078125,752.25,724.5999755859375,1715.0,1139.76611328125,3589.199951171875,17183.19921875,11203110,21924640,5559574,12720411,3152938,279900
2021-12-03,708.1881103515625,689.0162963867188,1525.0128173828125,1090.739501953125,3168.52197265625,17196.69921875,756.7750244140625,716.2999877929688,1735.550048828125,1111.406982421875,3640.449951171875,17196.69921875,767.9749755859375,729.5,1786.6500244140625,1153.057373046875,3665.949951171875,17489.80078125,753.5250244140625,715.0999755859375,1732.550048828125,1107.599609375,3630.85009765625,17180.80078125,762.9000244140625,720.5,1771.0999755859375,1153.01123046875,3646.449951171875,17424.900390625,8124694,20130259,6754012,19222481,2486263,292500
2021-12-06,703.6261596679688,682.5233154296875,1489.6456298828125,1070.063720703125,3077.960205078125,16912.25,751.9000244140625,709.5499877929688,1695.300048828125,1090.3394775390625,3536.39990234375,16912.25,759.4000244140625,726.7999877929688,1733.949951171875,1119.1370849609375,3658.0,17216.75,748.6749877929688,707.5,1691.5,1087.8243408203125,3522.0,16891.69921875,756.5,719.0,1730.0,1114.983642578125,3640.449951171875,17209.05078125,7029532,20129080,3991449,10332254,1849642,231700
2021-12-07,713.873046875,706.6673583984375,1504.01220703125,1078.7825927734375,3119.82470703125,17176.69921875,762.8499755859375,734.6500244140625,1711.6500244140625,1099.223388671875,3584.5,17176.69921875,766.0,740.9500122070312,1724.9000244140625,1109.445556640625,3598.0,17251.650390625,754.9500122070312,712.0,1694.0,1089.1396484375,3524.300048828125,16987.75,756.9749755859375,717.0,1701.0999755859375,1096.5928955078125,3562.5,17044.099609375,12427534,30513303,4202122,11235122,1484458,254100
2021-12-08,727.0211181640625,724.7030639648438,1540.6536865234375,1095.2008056640625,3156.727783203125,17469.75,776.9000244140625,753.4000244140625,1753.3499755859375,1115.9527587890625,3626.89990234375,17469.75,777.5250244140625,758.7999877929688,1759.800048828125,1122.2752685546875,3646.449951171875,17484.599609375,767.0,744.0999755859375,1732.5999755859375,1110.507080078125,3601.0,17308.94921875,768.0,747.9000244140625,1733.0,1118.7218017578125,3601.0,17315.25,15295534,33432411,3029169,8744178,1428660,257800
2021-12-09,714.4111328125,726.2421875,1549.5283203125,1112.5701904296875,3134.838623046875,17516.849609375,763.4249877929688,755.0,1763.449951171875,1133.6512451171875,3601.75,17516.849609375,777.3499755859375,763.0,1769.4000244140625,1142.1658935546875,3634.75,17543.25,761.0,748.4000244140625,1742.0,1119.1370849609375,3566.0,17379.599609375,772.5999755859375,759.0499877929688,1759.0,1123.7520751953125,3610.0,17524.400390625,11747744,16007459,2082171,13213547,1567957,237200
2021-12-10,712.399169921875,729.1278686523438,1545.837890625,1113.7025146484375,3165.344970703125,17511.30078125,761.2750244140625,758.0,1759.25,1134.8050537109375,3636.800048828125,17511.30078125,764.0,759.7999877929688,1763.75,1138.05859375,3642.0,17534.349609375,754.2249755859375,751.0499877929688,1746.0,1121.6060791015625,3575.10009765625,17405.25,762.4500122070312,756.5,1760.0,1126.1749267578125,3585.0,17476.05078125,7779384,7627774,1823469,8364414,1510718,204500
2021-12-13,707.0651245117188,725.2802124023438,1533.009033203125,1091.3736572265625,3141.714111328125,17368.25,755.5750122070312,754.0,1744.6500244140625,1112.0531005859375,3609.64990234375,17368.25,768.8250122070312,769.7000122070312,1771.3499755859375,1141.7967529296875,3662.0,17639.5,753.5999755859375,752.5,1738.800048828125,1109.445556640625,3601.699951171875,17355.94921875,763.0,763.0,1767.050048828125,1141.5198974609375,3650.0,17619.099609375,10322142,16855546,4040584,12901733,1883864,256600
2021-12-14,702.994384765625,729.753173828125,1539.5989990234375,1078.012451171875,3154.0302734375,17324.900390625,751.2249755859375,758.6500244140625,1752.1500244140625,1098.4388427734375,3623.800048828125,17324.900390625,758.0,764.3499755859375,1763.0,1110.36865234375,3635.0,17376.19921875,748.5250244140625,746.2999877929688,1710.3499755859375,1095.32373046875,3576.699951171875,17225.80078125,751.25,751.0499877929688,1730.9000244140625,1098.36962890625,3605.0,17283.19921875,9191100,17488089,4768144,12991523,1747007,271000
2021-12-15,701.8480834960938,723.5968627929688,1523.8265380859375,1074.8648681640625,3107.5087890625,17221.400390625,750.0,752.25,1734.199951171875,1095.2314453125,3570.35009765625,17221.400390625,761.6749877929688,759.5,1747.949951171875,1109.9071044921875,3623.0,17351.19921875,747.8250122070312,750.9000244140625,1721.199951171875,1089.647216796875,3558.14990234375,17192.19921875,751.5,757.5999755859375,1745.0,1100.215576171875,3620.0,17323.650390625,10115148,7358740,3053149,9366969,1603233,215000
2021-12-16,701.8948364257812,712.9197387695312,1556.6898193359375,1088.7691650390625,3117.301025390625,17248.400390625,750.0499877929688,741.1500244140625,1771.5999755859375,1109.3994140625,3581.60009765625,17248.400390625,758.5,757.9000244140625,1777.5999755859375,1114.7528076171875,3608.449951171875,17379.349609375,747.0,738.9500122070312,1758.0,1093.131591796875,3570.0,17184.94921875,756.4000244140625,757.9000244140625,1762.6500244140625,1110.2301025390625,3582.0,17373.0,13210432,14123215,4481031,9761279,2072320,219500
2021-12-17,689.2382202148438,700.55908203125,1599.9652099609375,1060.0316162109375,3119.6943359375,16985.19921875,736.5250244140625,728.2999877929688,1820.8499755859375,1080.1173095703125,3584.35009765625,16985.19921875,753.0,742.0,1842.0,1111.2916259765625,3651.35009765625,17298.150390625,733.8499755859375,726.0499877929688,1806.75,1070.6795654296875,3573.699951171875,16966.44921875,748.5,742.0,1820.0,1106.69970703125,3602.5,17276.0,14994768,13227787,18887243,21049821,4333992,354600
2021-12-20,667.059814453125,682.9081420898438,1580.677734375,1031.4527587890625,3095.802734375,16614.19921875,712.8250122070312,709.9500122070312,1798.9000244140625,1050.9967041015625,3556.89990234375,16614.19921875,729.0,720.2000122070312,1829.6500244140625,1069.6873779296875,3606.0,16840.099609375,707.0499877929688,698.2000122070312,1787.300048828125,1037.0362548828125,3510.14990234375,16410.19921875,726.0,718.0999755859375,1801.699951171875,1069.6873779296875,3589.0,16824.25,21156668,16900016,5773891,14325846,2312310,330600
2021-12-21,674.6163940429688,692.9119873046875,1591.8372802734375,1046.806396484375,3140.539306640625,16770.849609375,720.9000244140625,720.3499755859375,1811.5999755859375,1066.6414794921875,3608.300048828125,16770.849609375,725.375,728.9500122070312,1838.0,1082.6785888671875,3641.199951171875,16936.400390625,715.0,716.1500244140625,1801.0,1057.8499755859375,3566.39990234375,16688.25,719.75,720.0,1801.0,1066.6876220703125,3582.64990234375,16773.150390625,9118750,14563335,5353584,12836561,2340989,241000
2021-12-22,676.2071533203125,704.8877563476562,1603.34814453125,1071.6490478515625,3160.07958984375,16955.44921875,722.5999755859375,732.7999877929688,1824.699951171875,1091.9547119140625,3630.75,16955.44921875,728.0,734.9500122070312,1829.1500244140625,1094.6314697265625,3636.800048828125,16971.0,717.8499755859375,720.0499877929688,1812.3499755859375,1071.6026611328125,3606.25,16819.5,726.1500244140625,726.25,1825.0,1072.94091796875,3624.0,16865.55078125,8577484,9843359,4156428,17658543,1224328,207900
2021-12-23,675.6925659179688,703.4448852539062,1632.2569580078125,1071.26416015625,3187.886962890625,17072.599609375,722.0499877929688,731.2999877929688,1857.5999755859375,1091.5625,3662.699951171875,17072.599609375,728.9000244140625,739.5,1861.5999755859375,1098.36962890625,3670.5,17118.650390625,718.4249877929688,727.9500122070312,1827.0,1088.23974609375,3630.0,17015.55078125,726.625,739.0499877929688,1831.25,1095.6005859375,3648.0,17066.80078125,9779166,9994049,4112933,9072401,1792861,197000
2021-12-24,673.2594604492188,699.4048461914062,1637.4415283203125,1074.6837158203125,3195.024169921875,17003.75,719.4500122070312,727.0999755859375,1863.5,1095.046875,3670.89990234375,17003.75,726.0,733.9000244140625,1875.75,1103.9075927734375,3705.0,17155.599609375,714.0,719.5999755859375,1854.0,1078.7789306640625,3644.800048828125,16909.599609375,722.75,733.9000244140625,1872.949951171875,1093.754638671875,3685.0,17149.5,5561024,8800690,3780347,7886494,2209923,182600
2021-12-27,678.8274536132812,707.9658203125,1639.77001953125,1073.52880859375,3216.957275390625,17086.25,725.4000244140625,736.0,1866.1500244140625,1093.8699951171875,3696.10009765625,17086.25,727.0,738.75,1874.5,1097.4466552734375,3700.0,17112.05078125,711.0750122070312,716.0999755859375,1845.050048828125,1083.6478271484375,3653.10009765625,16833.19921875,714.4500122070312,724.0,1860.0,1089.85498046875,3671.0,16937.75,4705098,7955163,2647733,4017223,1534135,144800
2021-12-28,683.5065307617188,707.7734375,1658.9693603515625,1086.2783203125,3226.052734375,17233.25,730.4000244140625,735.7999877929688,1888.0,1106.8612060546875,3706.550048828125,17233.25,733.4500122070312,742.4500122070312,1895.9000244140625,1109.837890625,3725.0,17250.25,726.7000122070312,732.5,1878.4000244140625,1095.1622314453125,3693.85009765625,17161.150390625,730.3499755859375,740.4000244140625,1880.699951171875,1096.3389892578125,3710.0,17177.599609375,5450678,17833655,3340933,6374613,1456218,176000
2021-12-29,680.2545166015625,707.67724609375,1656.816650390625,1088.13525390625,3215.73828125,17213.599609375,726.9249877929688,735.7000122070312,1885.550048828125,1108.75341796875,3694.699951171875,17213.599609375,730.5,744.9500122070312,1893.800048828125,1116.3681640625,3719.949951171875,17285.94921875,723.7000122070312,731.9000244140625,1876.4000244140625,1099.3387451171875,3685.0,17176.650390625,728.0250244140625,738.0,1883.5,1103.4461669921875,3692.25,17220.099609375,7668702,7143073,3236635,15425312,1456923,161700
2021-12-30,683.8340454101562,707.67724609375,1663.2310791015625,1068.478759765625,3249.726318359375,17203.94921875,730.75,735.7000122070312,1892.8499755859375,1088.7242431640625,3733.75,17203.94921875,733.4249877929688,740.5,1909.800048828125,1109.884033203125,3740.0,17264.05078125,722.5,729.0,1874.3499755859375,1082.4940185546875,3680.0,17146.349609375,729.25,733.2999877929688,1884.5,1107.599609375,3681.35009765625,17201.44921875,7215918,14326182,4584738,29333171,1966475,320800
2021-12-31,692.2093505859375,711.9578857421875,1658.749755859375,1072.57763671875,3253.730224609375,17354.05078125,739.7000122070312,740.1500244140625,1887.75,1092.90087890625,3738.35009765625,17354.05078125,742.4000244140625,746.25,1898.3499755859375,1100.16943359375,3760.0,17400.80078125,730.75,736.5499877929688,1871.6500244140625,1089.1396484375,3731.300048828125,17238.5,730.75,736.5499877929688,1890.0,1095.13916015625,3742.800048828125,17244.5,6325736,6973055,4619420,9477290,1207141,167000
2022-01-03,711.0422973632812,735.5726928710938,1668.151611328125,1088.74658203125,3322.837646484375,17625.69921875,759.8250122070312,764.7000122070312,1898.449951171875,1109.3763427734375,3817.75,17625.69921875,761.5,766.0,1914.050048828125,1111.2685546875,3830.0,17646.650390625,740.25,743.0,1887.75,1090.7779541015625,3745.0,17383.30078125,742.5,743.0499877929688,1887.75,1091.4471435546875,3750.0,17387.150390625,9069184,9653095,3329616,5421611,2346158,200500
2022-01-04,715.2066040039062,743.4122314453125,1668.7667236328125,1113.3175048828125,3381.151611328125,17805.25,764.2750244140625,772.8499755859375,1899.1500244140625,1134.4127197265625,3884.75,17805.25,766.4500122070312,778.0,1906.6500244140625,1135.7510986328125,3889.14990234375,17827.599609375,753.9000244140625,763.5999755859375,1878.0,1109.445556640625,3811.699951171875,17593.55078125,760.0,767.9500122070312,1898.449951171875,1114.9375,3831.10009765625,17681.400390625,8857352,12114437,3921999,10847728,2488606,247400
2022-01-05,732.1913452148438,758.033203125,1620.8779296875,1118.5260009765625,3360.43701171875,17925.25,782.4249877929688,788.0499877929688,1844.6500244140625,1139.719970703125,3860.949951171875,17925.25,786.0,795.8499755859375,1902.9000244140625,1143.1351318359375,3870.0,17944.69921875,764.0499877929688,771.2000122070312,1840.0,1122.8060302734375,3812.39990234375,17748.849609375,768.4000244140625,773.0,1900.0,1136.212646484375,3865.0,17820.099609375,14332638,19741360,6995719,11643813,1733031,251500
2022-01-06,720.4470825195312,755.1475219726562,1597.28515625,1094.47607421875,3313.872314453125,17745.900390625,769.875,785.0499877929688,1817.800048828125,1115.21435546875,3807.449951171875,17745.900390625,777.375,792.5,1828.0,1132.5206298828125,3835.0,17797.94921875,765.0250244140625,774.0,1800.0,1111.7530517578125,3772.0,17655.55078125,771.5,775.0499877929688,1828.0,1131.2283935546875,3812.0,17768.5,9628930,13018067,6449205,14447422,1810293,236500
2022-01-07,725.5004272460938,763.0352783203125,1594.2098388671875,1103.30810546875,3353.95263671875,17812.69921875,775.2750244140625,793.25,1814.300048828125,1124.213623046875,3853.5,17812.69921875,783.375,802.2999877929688,1836.0,1134.3896484375,3864.89990234375,17905.0,767.9500122070312,786.25,1806.800048828125,1112.929931640625,3796.39990234375,17704.55078125,772.0,792.2000122070312,1815.449951171875,1121.883056640625,3820.0,17797.599609375,11179384,12250210,4834389,13112115,2460591,239300
2022-01-10,729.5242919921875,779.8687133789062,1626.238037109375,1104.2138671875,3376.886962890625,18003.30078125,779.5750122070312,810.75,1850.75,1125.1365966796875,3879.85009765625,18003.30078125,786.0,812.7999877929688,1869.9000244140625,1133.9051513671875,3978.0,18017.44921875,772.75,799.0,1813.0,1115.0067138671875,3861.0,17879.150390625,779.0,800.25,1815.0,1131.59765625,3978.0,17913.30078125,8856496,10905080,7857560,9246731,3937092,232400
2022-01-11,732.6826171875,779.7725219726562,1630.4998779296875,1112.16259765625,3408.26318359375,18055.75,782.9500122070312,810.6500244140625,1855.5999755859375,1133.2359619140625,3915.89990234375,18055.75,784.3499755859375,814.7000122070312,1870.0,1142.18896484375,3925.0,18081.25,773.9000244140625,801.9000244140625,1850.1500244140625,1123.7520751953125,3856.0,17964.400390625,780.7750244140625,809.75,1855.0,1124.213623046875,3856.0,17997.75,8389198,9982061,5142287,16205164,1906106,220200
2022-01-12,728.3544921875,792.3734741210938,1649.69921875,1141.8514404296875,3359.522705078125,18212.349609375,778.3250122070312,823.75,1877.449951171875,1163.4871826171875,3859.89990234375,18212.349609375,788.3250122070312,825.4500122070312,1889.0,1165.2640380859375,3929.0,18227.94921875,776.0,812.0499877929688,1860.0,1137.5970458984375,3836.550048828125,18128.80078125,784.0,818.5999755859375,1868.9000244140625,1140.5045166015625,3925.0,18170.400390625,21085530,13034848,5362535,14800442,3203744,245000
2022-01-13,714.94921875,793.2872924804688,1666.7017822265625,1148.2828369140625,3392.596923828125,18257.80078125,764.0,824.7000122070312,1896.800048828125,1170.04052734375,3897.89990234375,18257.80078125,777.5,828.0,1912.5,1172.671142578125,3923.0,18272.25,760.2000122070312,817.4000244140625,1866.3499755859375,1157.626220703125,3857.0,18163.80078125,777.5,821.0,1905.0,1163.5565185546875,3918.0,18257.0,41963896,9372244,14277630,11856712,6684507,303700
2022-01-14,722.9737548828125,788.766357421875,1695.3033447265625,1149.95849609375,3453.739990234375,18255.75,772.5750122070312,820.0,1929.3499755859375,1171.748046875,3968.14990234375,18255.75,774.3499755859375,822.0,1933.0,1184.8084716796875,3977.0,18286.94921875,759.5,811.5999755859375,1881.0,1165.6793212890625,3860.050048828125,18119.650390625,765.0,821.0,1882.0,1169.902099609375,3877.85009765625,18185.0,11208968,7552844,7688506,19930176,3348123,229500
2022-01-17,711.907958984375,788.0928955078125,1704.2220458984375,1155.959716796875,3498.129150390625,18308.099609375,760.75,819.2999877929688,1939.5,1177.8629150390625,4019.14990234375,18308.099609375,778.0,828.9000244140625,1953.9000244140625,1183.7470703125,4043.0,18321.55078125,759.5750122070312,814.5499877929688,1930.5,1170.8250732421875,3962.300048828125,18228.75,765.0,820.0,1938.550048828125,1171.28662109375,3992.699951171875,18235.650390625,22989372,6722700,5262464,8036453,3442604,266700
2022-01-18,715.5340576171875,791.7481689453125,1687.74658203125,1142.16845703125,3473.2802734375,18113.05078125,764.625,823.0999755859375,1920.75,1163.810302734375,3990.60009765625,18113.05078125,775.4500122070312,836.0,1945.0,1182.5240478515625,4041.699951171875,18350.94921875,761.5,818.2000122070312,1911.449951171875,1161.0181884765625,3980.0,18085.900390625,766.5,821.0,1922.0999755859375,1179.0167236328125,4033.949951171875,18337.19921875,12341152,10835146,3690315,6215029,2389041,227500
2022-01-19,710.4808349609375,777.8004760742188,1640.5609130859375,1142.0777587890625,3413.16259765625,17938.400390625,759.2249755859375,808.5999755859375,1867.050048828125,1163.718017578125,3914.64990234375,17938.400390625,769.875,821.0,1916.0,1173.132568359375,4012.0,18129.19921875,756.6749877929688,803.25,1862.8499755859375,1157.903076171875,3910.5,17884.900390625,767.0,816.0,1916.0,1167.5946044921875,4012.0,18129.19921875,14317626,16416144,5747770,9755485,3102539,276700
2022-01-20,706.0591430664062,779.3876953125,1602.469482421875,1122.08154296875,3336.348876953125,17757.0,754.5,810.25,1823.699951171875,1143.3427734375,3826.550048828125,17757.0,764.25,812.9500122070312,1848.0,1158.341552734375,3920.0,17943.69921875,750.0499877929688,795.4000244140625,1815.5,1132.9820556640625,3811.0,17648.44921875,764.2249755859375,803.0,1844.0,1153.772705078125,3910.0,17921.0,15197846,13567654,5533463,16494486,6176776,258100
2022-01-21,711.9547119140625,773.8567504882812,1569.0791015625,1122.2626953125,3342.408203125,17617.150390625,760.7999877929688,804.5,1785.699951171875,1143.52734375,3833.5,17617.150390625,764.9000244140625,811.3499755859375,1808.0,1154.7879638671875,3851.550048828125,17707.599609375,742.7999877929688,795.5,1776.0,1131.59765625,3771.10009765625,17485.849609375,750.0,803.0,1795.0,1131.59765625,3807.0,17613.69921875,11537694,12078277,8252758,13338594,3112358,277600
2022-01-24,695.6016235351562,768.037109375,1526.1112060546875,1076.9935302734375,3288.220458984375,17149.099609375,743.3250122070312,798.4500122070312,1736.800048828125,1097.4005126953125,3771.35009765625,17149.099609375,760.625,816.7000122070312,1768.6500244140625,1155.9417724609375,3849.64990234375,17599.400390625,733.7750244140625,783.2999877929688,1728.0,1086.8782958984375,3740.10009765625,16997.849609375,754.9749755859375,813.0,1765.0,1142.2120361328125,3840.0,17575.150390625,11868508,29612316,7116712,21868937,3258414,323800
2022-01-25,696.2567138671875,771.1152954101562,1513.2386474609375,1074.887451171875,3286.95556640625,17277.94921875,744.0250244140625,801.6500244140625,1722.1500244140625,1095.2545166015625,3769.89990234375,17277.94921875,747.5,804.2999877929688,1740.0,1102.361572265625,3809.39990234375,17309.150390625,722.0,786.0499877929688,1700.5,1063.757080078125,3722.199951171875,16836.80078125,729.3250122070312,789.0,1726.5999755859375,1084.31689453125,3769.5,17001.55078125,13594248,19513184,9137653,24510205,3330501,326500
2022-01-27,690.127197265625,764.3818969726562,1474.9713134765625,1058.96728515625,3181.761962890625,17110.150390625,737.4749755859375,794.6500244140625,1678.5999755859375,1079.03271484375,3649.25,17110.150390625,742.5,801.5,1709.699951171875,1087.3397216796875,3733.39990234375,17182.5,717.5,781.0499877929688,1665.0,1066.5491943359375,3625.10009765625,16866.75,725.0,786.9000244140625,1702.0,1078.0635986328125,3731.0,17062.0,28617838,23984679,11231734,20020431,5718297,395600
2022-01-28,684.6527709960938,751.3961181640625,1481.6495361328125,1057.9483642578125,3217.335205078125,17101.94921875,731.625,781.1500244140625,1686.199951171875,1077.994384765625,3690.050048828125,17101.94921875,743.3499755859375,805.8499755859375,1727.550048828125,1096.4774169921875,3729.800048828125,17373.5,730.0,778.5,1679.5,1074.5562744140625,3646.0,17077.099609375,738.75,803.75,1681.0,1091.4471435546875,3646.0,17208.30078125,24925208,14072314,10998502,14667727,3143862,355300
2022-01-31,695.1571655273438,758.7546997070312,1525.583984375,1080.9339599609375,3257.615966796875,17339.849609375,742.8499755859375,788.7999877929688,1736.199951171875,1101.41552734375,3736.25,17339.849609375,745.7750244140625,798.7000122070312,1749.5,1110.55322265625,3758.0,17410.0,733.4000244140625,784.0,1715.3499755859375,1087.3858642578125,3721.39990234375,17264.150390625,736.375,788.9500122070312,1718.0,1089.23193359375,3749.0,17301.05078125,12842546,14824509,8788872,12143683,2739393,321700
2022-02-01,700.4443969726562,779.435791015625,1557.085205078125,1077.35595703125,3313.766845703125,17576.849609375,748.5,810.2999877929688,1772.050048828125,1097.7696533203125,3800.64990234375,17576.849609375,758.5,812.8499755859375,1780.0,1117.1064453125,3808.0,17622.400390625,736.7249755859375,789.2999877929688,1734.699951171875,1083.186279296875,3736.39990234375,17244.55078125,754.25,802.0499877929688,1766.0999755859375,1111.2916259765625,3770.0,17529.44921875,14739484,20031583,5119935,13200509,2105169,386400
2022-02-02,716.4465942382812,782.7543334960938,1570.3094482421875,1079.552490234375,3362.20068359375,17780.0,765.5999755859375,813.75,1787.0999755859375,1100.0079345703125,3856.199951171875,17780.0,767.5,818.7000122070312,1792.800048828125,1110.830078125,3864.0,17794.599609375,752.7999877929688,808.8499755859375,1772.0,1096.1082763671875,3800.64990234375,17674.80078125,755.9749755859375,815.0,1789.0,1110.830078125,3827.89990234375,17706.19921875,13969290,11214375,4253717,10017691,1984212,271200
2022-02-03,709.0302734375,778.13720703125,1527.6490478515625,1065.6025390625,3334.648193359375,17560.19921875,757.6749877929688,808.9500122070312,1738.550048828125,1085.793701171875,3824.60009765625,17560.19921875,769.9749755859375,818.4000244140625,1779.0,1108.268798828125,3882.5,17781.150390625,754.5,806.0,1734.0,1083.232421875,3816.050048828125,17511.150390625,764.375,814.0499877929688,1779.0,1103.9075927734375,3851.0,17767.75,10564762,9755335,3832922,9572839,1960538,226600
2022-02-04,713.07763671875,774.3857421875,1529.8896484375,1055.887451171875,3326.19091796875,17516.30078125,762.0,805.0499877929688,1741.0999755859375,1075.89453125,3814.89990234375,17516.30078125,766.4249877929688,812.0,1753.949951171875,1083.809326171875,3824.699951171875,17617.80078125,757.0499877929688,795.7999877929688,1710.1500244140625,1071.187255859375,3769.0,17462.55078125,764.2000122070312,809.7999877929688,1732.0,1080.37109375,3815.300048828125,17590.19921875,11579958,10314067,4700077,11061241,2307366,261400
2022-02-07,686.9454956054688,756.4461669921875,1506.955810546875,1049.4560546875,3294.890625,17213.599609375,734.0750122070312,786.4000244140625,1715.0,1069.34130859375,3779.0,17213.599609375,759.5,805.0,1732.0,1087.662841796875,3831.800048828125,17536.75,730.0,781.4500122070312,1695.4000244140625,1063.757080078125,3756.14990234375,17119.400390625,756.0499877929688,798.0499877929688,1722.199951171875,1080.8326416015625,3791.0,17456.30078125,12268042,14659368,4310209,10714467,1919149,265000
2022-02-08,683.9976806640625,762.313720703125,1508.9766845703125,1067.09716796875,3263.894287109375,17266.75,730.9249877929688,792.5,1717.300048828125,1087.316650390625,3743.449951171875,17266.75,739.2249755859375,795.7000122070312,1725.0,1089.1396484375,3799.699951171875,17306.44921875,722.2750244140625,774.2999877929688,1696.0,1066.0645751953125,3721.0,17043.650390625,738.2000122070312,790.0,1710.0,1075.5946044921875,3791.550048828125,17279.849609375,13981130,14642455,6053401,12060849,2946443,268500
2022-02-09,700.72509765625,772.221435546875,1526.5506591796875,1079.52978515625,3278.8037109375,17463.80078125,748.7999877929688,802.7999877929688,1737.300048828125,1099.98486328125,3760.550048828125,17463.80078125,749.8499755859375,804.25,1743.0,1101.6923828125,3777.949951171875,17477.150390625,733.5,794.2000122070312,1725.0,1088.2166748046875,3746.10009765625,17339.0,737.0,797.25,1735.0,1094.2852783203125,3750.0,17370.099609375,11308342,8855292,3867244,11486225,1638721,236400
2022-02-10,713.5923461914062,774.8186645507812,1554.9324951171875,1078.42041015625,3287.348388671875,17605.849609375,762.5499877929688,805.5,1769.5999755859375,1098.854248046875,3770.35009765625,17605.849609375,767.75,808.7999877929688,1773.9000244140625,1105.6151123046875,3789.800048828125,17639.44921875,750.8250122070312,796.2999877929688,1748.75,1091.4932861328125,3758.0,17427.150390625,757.0,805.9500122070312,1755.6500244140625,1105.6151123046875,3789.800048828125,17554.099609375,14314530,13159771,4334630,12464491,2112459,273600
2022-02-11,710.66796875,760.6785278320312,1512.535400390625,1076.314208984375,3221.606689453125,17374.75,759.4249877929688,790.7999877929688,1721.3499755859375,1096.708251953125,3694.949951171875,17374.75,762.5,797.4000244140625,1745.949951171875,1100.4464111328125,3752.5,17454.75,749.75,787.9000244140625,1713.0,1081.8017578125,3690.0,17303.0,750.125,796.8499755859375,1740.0,1095.2545166015625,3752.5,17451.0,10711104,13138408,7551371,15943370,3851488,253100
2022-02-14,689.5423583984375,724.9916381835938,1478.1346435546875,1059.171142578125,3255.436767578125,16842.80078125,736.8499755859375,753.7000122070312,1682.199951171875,1079.240478515625,3733.75,16842.80078125,749.7249755859375,773.9500122070312,1718.550048828125,1086.80908203125,3793.25,17099.5,734.6500244140625,751.1500244140625,1678.25,1067.4490966796875,3710.0,16809.650390625,745.0,772.0,1690.0,1080.0250244140625,3724.0,17076.150390625,14656620,16170656,7459637,10719633,5951745,305500
2022-02-15,710.1767578125,746.4903564453125,1527.3853759765625,1095.1328125,3328.7197265625,17352.44921875,758.9000244140625,776.0499877929688,1738.25,1115.883544921875,3817.800048828125,17352.44921875,762.4500122070312,778.0,1746.75,1118.6295166015625,3835.0,17375.0,736.5250244140625,743.2000122070312,1690.449951171875,1077.9251708984375,3748.0,16839.25,738.0,752.9500122070312,1699.0,1085.078369140625,3786.0,16933.25,13135066,18880659,4669915,11212671,3931683,298700
2022-02-16,709.217529296875,734.9474487304688,1523.0357666015625,1092.8682861328125,3324.621826171875,17322.19921875,757.875,764.0499877929688,1733.300048828125,1113.5760498046875,3813.10009765625,17322.19921875,767.375,777.5499877929688,1755.449951171875,1122.8291015625,3854.10009765625,17490.599609375,753.5,760.4000244140625,1726.8499755859375,1105.7305908203125,3806.0,17257.69921875,767.1749877929688,775.7000122070312,1738.25,1121.444580078125,3844.0,17408.44921875,10032264,10549784,5350642,10392840,3256906,244500
2022-02-17,704.8894653320312,721.769287109375,1515.5670166015625,1106.7049560546875,3299.424072265625,17304.599609375,753.25,750.3499755859375,1724.800048828125,1127.6748046875,3784.199951171875,17304.599609375,761.0,767.25,1749.0,1132.9359130859375,3835.0,17442.900390625,751.0,746.2999877929688,1720.300048828125,1112.214599609375,3779.0,17235.849609375,756.5499877929688,766.5,1744.0,1116.875732421875,3825.0,17396.55078125,7351208,16683808,3937950,12853252,3134372,232100
2022-02-18,707.6265869140625,720.3745727539062,1499.8822021484375,1098.05419921875,3307.881591796875,17276.30078125,756.1749877929688,748.9000244140625,1706.949951171875,1118.8602294921875,3793.89990234375,17276.30078125,758.5,756.7999877929688,1722.5,1133.628173828125,3815.949951171875,17380.80078125,745.2249755859375,745.5499877929688,1703.5,1116.8988037109375,3757.60009765625,17219.19921875,749.1500244140625,746.8499755859375,1710.0,1128.0902099609375,3769.0,17236.05078125,7796128,8945567,5602215,6775458,3688883,189600
2022-02-21,712.1886596679688,725.713134765625,1520.7513427734375,1086.957763671875,3242.92529296875,17206.650390625,761.0499877929688,754.4500122070312,1730.699951171875,1107.553466796875,3719.39990234375,17206.650390625,765.3499755859375,762.9000244140625,1737.300048828125,1124.9058837890625,3827.800048828125,17351.05078125,747.7750244140625,740.0,1691.5,1100.4925537109375,3705.550048828125,17070.69921875,752.0,746.25,1701.0,1113.1375732421875,3810.0,17192.25,7468066,10967164,5120890,11107193,7465922,215200
2022-02-22,706.8545532226562,722.68310546875,1523.95849609375,1082.0208740234375,3126.963134765625,17092.19921875,755.3499755859375,751.2999877929688,1734.3499755859375,1102.5230712890625,3586.39990234375,17092.19921875,761.0499877929688,759.75,1751.0,1105.70751953125,3667.89990234375,17148.55078125,743.9749755859375,737.75,1691.050048828125,1083.2093505859375,3570.0,16843.80078125,744.9000244140625,738.4000244140625,1699.9000244140625,1085.8629150390625,3650.0,16847.94921875,9536196,13156371,8878515,13494914,5408531,300100
2022-02-23,702.2691650390625,716.23828125,1531.4271240234375,1075.2496337890625,3107.2587890625,17063.25,750.4500122070312,744.5999755859375,1742.8499755859375,1095.6236572265625,3563.800048828125,17063.25,762.8499755859375,756.4000244140625,1758.25,1110.6224365234375,3622.89990234375,17220.69921875,747.8250122070312,742.7000122070312,1733.4000244140625,1092.8316650390625,3555.64990234375,17027.849609375,762.5499877929688,754.5999755859375,1750.0,1108.1072998046875,3611.0,17194.5,9029562,11624282,5478811,7310110,2426203,200200
2022-02-24,664.1353759765625,680.4552612304688,1474.575927734375,1021.66943359375,2965.880615234375,16247.9501953125,709.7000122070312,707.4000244140625,1678.1500244140625,1041.0281982421875,3401.64990234375,16247.9501953125,737.4749755859375,727.0999755859375,1714.949951171875,1079.863525390625,3483.85009765625,16705.25,703.5750122070312,702.2999877929688,1670.5,1035.3287353515625,3391.10009765625,16203.25,724.9500122070312,712.9000244140625,1690.0999755859375,1063.757080078125,3474.0,16548.900390625,23630766,28023104,13592379,24846650,5039136,458000
2022-02-25,681.3072509765625,702.2424926757812,1489.0303955078125,1034.4420166015625,3069.72314453125,16658.400390625,728.0499877929688,730.0499877929688,1694.5999755859375,1054.0426025390625,3520.75,16658.400390625,732.9500122070312,739.2999877929688,1728.1500244140625,1065.1185302734375,3530.0,16748.80078125,716.4249877929688,720.25,1677.0,1050.489013671875,3462.0,16478.30078125,719.9749755859375,724.9500122070312,1715.0,1052.2657470703125,3468.0,16515.650390625,18318654,16935750,9737281,14570089,2549723,329800
2022-02-28,667.340576171875,714.41064453125,1507.4827880859375,1068.6824951171875,3098.88818359375,16793.900390625,713.125,742.7000122070312,1715.5999755859375,1088.931884765625,3554.199951171875,16793.900390625,719.2750244140625,744.75,1728.050048828125,1092.5316162109375,3563.75,16815.900390625,707.0250244140625,715.4000244140625,1665.0,1035.1441650390625,3455.89990234375,16356.2998046875,713.0,722.9500122070312,1682.199951171875,1035.1441650390625,3490.0,16481.599609375,24880832,20547432,15076542,21297446,3288942,404200
2022-03-02,643.0098266601562,687.6214599609375,1496.23583984375,1086.34619140625,3091.869140625,16605.94921875,687.125,714.8499755859375,1702.800048828125,1106.930419921875,3546.14990234375,16605.94921875,699.2000122070312,724.9500122070312,1714.4000244140625,1108.0611572265625,3571.949951171875,16678.5,677.2000122070312,707.75,1691.0,1074.9254150390625,3506.0,16478.650390625,693.25,717.0,1710.0,1077.3482666015625,3552.5,16593.099609375,38505560,25252492,6771489,21471786,2761341,517700
2022-03-03,641.4891357421875,671.7018432617188,1512.0960693359375,1077.1748046875,3090.34375,16498.05078125,685.5,698.2999877929688,1720.8499755859375,1097.5850830078125,3544.39990234375,16498.05078125,696.0,721.9500122070312,1733.9000244140625,1114.452880859375,3578.60009765625,16768.94921875,681.4500122070312,693.4500122070312,1705.550048828125,1093.7777099609375,3530.10009765625,16442.94921875,690.5,717.5999755859375,1720.199951171875,1107.599609375,3562.85009765625,16723.19921875,17527922,23190595,7344147,10186748,1928039,442100
2022-03-04,639.3836669921875,661.8422241210938,1514.2490234375,1053.2833251953125,3072.8623046875,16245.349609375,683.25,688.0499877929688,1723.300048828125,1073.240966796875,3524.35009765625,16245.349609375,693.0,706.5499877929688,1736.0,1091.1240234375,3561.199951171875,16456.0,668.4500122070312,685.0,1681.0,1070.8411865234375,3487.050048828125,16133.7998046875,680.0,691.0,1695.25,1085.9090576171875,3501.5,16339.4501953125,21219364,18697223,9074499,10805667,2370257,456100
2022-03-07,619.8722534179688,628.8487548828125,1528.7911376953125,1014.3323974609375,3038.4658203125,15863.150390625,662.4000244140625,653.75,1739.8499755859375,1033.552001953125,3484.89990234375,15863.150390625,666.1749877929688,667.0,1751.0,1067.0338134765625,3548.0,15944.599609375,648.5250244140625,642.1500244140625,1696.0,1025.45263671875,3431.550048828125,15711.4501953125,659.25,663.5,1697.0,1051.61962890625,3450.0,15867.9501953125,27054458,27799873,9742588,17983310,3054130,585400
2022-03-08,621.2759399414062,639.6702270507812,1562.489013671875,1012.4979248046875,3138.77734375,16013.4501953125,663.9000244140625,665.0,1778.199951171875,1031.682861328125,3599.949951171875,16013.4501953125,667.0,669.4500122070312,1800.0,1036.5286865234375,3609.0,16028.75,646.0,643.0,1718.449951171875,1006.0696411132812,3460.0,15671.4501953125,651.0999755859375,643.2999877929688,1718.449951171875,1020.6068725585938,3460.0,15747.75,39212492,26716975,10984500,21289374,3300992,543600
2022-03-09,641.559326171875,642.0269165039062,1593.375,1066.2139892578125,3167.244873046875,16345.349609375,685.5750122070312,667.4500122070312,1813.3499755859375,1086.416748046875,3632.60009765625,16345.349609375,687.3499755859375,674.5,1831.5999755859375,1092.3701171875,3654.0,16418.05078125,659.4249877929688,658.0,1791.0,1031.059814453125,3597.050048828125,15990.0,665.0,664.7000122070312,1791.0,1031.9136962890625,3605.0,16078.0,23134694,33728639,10193515,20414228,2719654,462200
2022-03-10,651.642578125,650.828369140625,1604.4027099609375,1083.4927978515625,3157.08740234375,16594.900390625,696.3499755859375,676.5999755859375,1825.9000244140625,1104.02294921875,3620.949951171875,16594.900390625,713.5,701.0,1844.75,1109.9071044921875,3684.0,16757.30078125,690.125,673.6500244140625,1810.199951171875,1089.1396484375,3615.0,16447.900390625,713.5,693.9500122070312,1844.75,1107.599609375,3684.0,16757.099609375,22273206,35959638,6547182,17980493,2005441,486400
2022-03-11,653.5609741210938,652.0789184570312,1600.975830078125,1086.6177978515625,3138.07958984375,16630.44921875,698.4000244140625,677.9000244140625,1822.0,1107.207275390625,3599.14990234375,16630.44921875,704.4749755859375,684.7000122070312,1831.4000244140625,1112.6761474609375,3639.85009765625,16694.400390625,686.3499755859375,670.5999755859375,1811.0,1096.546630859375,3592.85009765625,16470.900390625,694.0,674.6500244140625,1814.0,1096.546630859375,3603.25,16528.80078125,15150780,20546724,4758657,12257423,1623423,343700
2022-03-14,674.96728515625,669.6337280273438,1661.341796875,1095.5404052734375,3176.31298828125,16871.30078125,721.2750244140625,696.1500244140625,1890.699951171875,1116.298828125,3643.0,16871.30078125,725.0,698.4500122070312,1895.0,1118.8602294921875,3648.35009765625,16887.94921875,707.5,677.25,1831.550048828125,1095.6005859375,3580.0,16606.5,707.5,678.0999755859375,1831.550048828125,1101.553955078125,3580.0,16633.69921875,25018126,24648981,10289724,8340678,1765688,314700
2022-03-15,666.2877807617188,670.7879638671875,1616.177001953125,1070.448974609375,3133.50244140625,16663.0,712.0,697.3499755859375,1839.300048828125,1090.7318115234375,3593.89990234375,16663.0,724.75,708.0999755859375,1888.3499755859375,1120.49853515625,3659.0,16927.75,705.875,688.0,1830.0,1080.3018798828125,3585.39990234375,16555.0,721.75,701.5,1888.3499755859375,1120.49853515625,3659.0,16900.650390625,18867928,27714580,7140443,15925769,3651133,381600
2022-03-16,677.5875854492188,681.032470703125,1660.1995849609375,1088.5203857421875,3187.5595703125,16975.349609375,724.0750122070312,708.0,1889.4000244140625,1109.1456298828125,3655.89990234375,16975.349609375,727.5,711.4000244140625,1893.949951171875,1111.2454833984375,3668.0,16987.900390625,718.0999755859375,701.25,1849.0,1097.03125,3616.25,16837.849609375,723.5,706.9000244140625,1865.0,1099.2926025390625,3640.5,16876.650390625,13364108,14621688,5233979,11149828,3090475,260000
2022-03-17,692.5134887695312,692.6714477539062,1629.6209716796875,1124.00634765625,3202.2509765625,17287.05078125,740.0250244140625,720.0999755859375,1854.5999755859375,1145.30419921875,3672.75,17287.05078125,744.9000244140625,725.0,1923.300048828125,1152.5496826171875,3710.0,17344.599609375,735.2750244140625,716.2000122070312,1833.050048828125,1114.5682373046875,3660.300048828125,17175.75,736.0,717.7999877929688,1923.300048828125,1122.7137451171875,3696.60009765625,17202.900390625,14823954,18329844,17731459,21422098,3600452,448300
2022-03-21,695.5314331054688,683.6776123046875,1628.259033203125,1117.5296630859375,3162.100341796875,17117.599609375,743.25,710.75,1853.050048828125,1138.7047119140625,3626.699951171875,17117.599609375,746.8250122070312,722.9000244140625,1886.9000244140625,1146.3656005859375,3713.949951171875,17353.349609375,736.4000244140625,705.5,1841.0999755859375,1125.59814453125,3615.0,17096.400390625,743.5,721.0,1861.0,1127.9056396484375,3696.0,17329.5,12257876,12866839,8362085,11999466,2413831,285500
2022-03-22,699.11083984375,690.8438110351562,1658.442138671875,1146.4033203125,3226.838623046875,17315.5,747.0750122070312,718.2000122070312,1887.4000244140625,1168.1253662109375,3700.949951171875,17315.5,749.0,721.0,1890.0,1169.8790283203125,3711.0,17334.400390625,728.5999755859375,699.5,1839.0,1132.3360595703125,3625.0,17006.30078125,740.6500244140625,708.6500244140625,1850.0,1135.335693359375,3640.0,17120.400390625,10461814,11761758,5709382,22557065,2907611,338300
2022-03-23,692.13916015625,690.9401245117188,1645.2618408203125,1150.049072265625,3236.8212890625,17245.650390625,739.625,718.2999877929688,1872.4000244140625,1171.84033203125,3712.39990234375,17245.650390625,759.4000244140625,726.7999877929688,1900.0,1183.6778564453125,3729.800048828125,17442.400390625,736.7999877929688,714.25,1857.0,1164.3641357421875,3690.0,17199.599609375,753.5,725.0,1897.0,1164.3641357421875,3708.0,17405.05078125,31188256,7140403,6192824,15462187,1596195,292100
2022-03-24,675.0140380859375,677.377197265625,1657.8270263671875,1167.9166259765625,3269.474609375,17222.75,721.3250122070312,704.2000122070312,1886.699951171875,1190.0465087890625,3749.85009765625,17222.75,734.8250122070312,712.7000122070312,1894.5999755859375,1192.5848388671875,3758.199951171875,17291.75,717.2750244140625,698.0,1856.1500244140625,1158.3646240234375,3695.0,17091.150390625,733.0,702.4500122070312,1856.1500244140625,1158.3646240234375,3700.0,17094.94921875,20160044,17727969,3784303,13168266,1879046,290300
2022-03-25,669.5162353515625,672.61572265625,1648.908447265625,1175.7069091796875,3232.506103515625,17153.0,715.4500122070312,699.25,1876.550048828125,1197.984375,3707.449951171875,17153.0,726.0,706.0999755859375,1894.0,1207.2835693359375,3779.5,17294.900390625,709.5,696.6500244140625,1858.0,1189.2850341796875,3672.0,17076.55078125,725.5,705.0,1892.0,1191.8233642578125,3759.89990234375,17289.0,16366462,15263007,3438588,14222488,1690133,237100
2022-03-28,670.4053344726562,683.2928466796875,1646.579833984375,1187.5281982421875,3232.72412109375,17222.0,716.4000244140625,710.3499755859375,1873.9000244140625,1210.029541015625,3707.699951171875,17222.0,719.0,713.4000244140625,1880.9000244140625,1213.629150390625,3713.0,17235.099609375,700.7999877929688,695.6500244140625,1852.6500244140625,1193.6693115234375,3661.199951171875,17003.900390625,715.4500122070312,702.0,1866.0,1204.5145263671875,3695.0,17181.849609375,15754886,13806166,4008555,9891424,1760990,253200
2022-03-29,679.2953491210938,688.0543823242188,1657.2119140625,1187.7998046875,3230.6748046875,17325.30078125,725.9000244140625,715.2999877929688,1886.0,1210.306396484375,3705.35009765625,17325.30078125,730.125,716.9500122070312,1889.4000244140625,1217.4365234375,3722.0,17343.650390625,715.0,705.8499755859375,1860.550048828125,1203.314697265625,3691.0,17235.69921875,720.5,714.2999877929688,1873.9000244140625,1217.4365234375,3694.75,17297.19921875,12377448,11489374,3917785,8684065,2689063,235100
2022-03-30,691.06298828125,703.0601806640625,1672.9844970703125,1210.626953125,3253.5185546875,17498.25,738.4749755859375,730.9000244140625,1903.949951171875,1233.5660400390625,3731.550048828125,17498.25,741.375,731.75,1919.0,1240.5115966796875,3738.0,17522.5,727.0250244140625,719.0999755859375,1895.0,1207.791259765625,3706.199951171875,17387.19921875,736.0,721.0499877929688,1910.0,1218.3134765625,3738.0,17468.150390625,20109742,20154520,7795839,15811550,1583455,505000
2022-03-31,687.974853515625,702.4829711914062,1675.5325927734375,1193.325439453125,3260.843017578125,17464.75,735.1749877929688,730.2999877929688,1906.8499755859375,1215.9366455078125,3739.949951171875,17464.75,742.3499755859375,739.9000244140625,1913.0,1232.066162109375,3754.64990234375,17559.80078125,732.9500122070312,727.7999877929688,1894.199951171875,1213.0985107421875,3720.199951171875,17435.19921875,735.5,739.9000244140625,1900.0,1229.8740234375,3740.0,17519.19921875,14295714,16046383,5399145,13223718,2168110,281100
2022-04-01,704.6553955078125,708.2063598632812,1672.6331787109375,1202.8819580078125,3277.234619140625,17670.44921875,753.0,736.25,1903.550048828125,1225.67431640625,3758.75,17670.44921875,755.0,738.2999877929688,1910.300048828125,1229.96630859375,3763.0,17703.69921875,735.1500244140625,723.0999755859375,1878.300048828125,1210.0526123046875,3728.050048828125,17422.69921875,738.2000122070312,725.0,1886.8499755859375,1216.5135498046875,3748.0,17436.900390625,14568556,12658848,6171518,7922880,1387014,291800
2022-04-04,775.214599609375,718.1620483398438,1654.5316162109375,1206.4375,3287.348388671875,18053.400390625,828.4000244140625,746.5999755859375,1882.949951171875,1229.297119140625,3770.35009765625,18053.400390625,861.0499877929688,749.7999877929688,1893.0,1234.5120849609375,3780.0,18114.650390625,781.2750244140625,725.0,1873.0,1219.12109375,3737.10009765625,17791.400390625,790.0,742.0,1889.75,1225.48974609375,3762.0,17809.099609375,97450970,17192197,7364074,7929162,1472994,345500
2022-04-05,752.4981689453125,713.544921875,1635.3323974609375,1189.385009765625,3326.103759765625,17957.400390625,804.125,741.7999877929688,1861.0999755859375,1211.921630859375,3814.800048828125,17957.400390625,833.3499755859375,755.4500122070312,1889.5999755859375,1232.158447265625,3835.60009765625,18095.44921875,801.0,738.0,1857.1500244140625,1209.45263671875,3772.0,17921.55078125,833.3499755859375,746.7999877929688,1883.800048828125,1223.482177734375,3772.0,18080.599609375,30922582,12290391,5472024,13149870,2314947,283500
2022-04-06,725.6406860351562,713.3526000976562,1606.99462890625,1186.21484375,3274.27001953125,17807.650390625,775.4249877929688,741.5999755859375,1828.8499755859375,1208.691162109375,3755.35009765625,17807.650390625,794.9000244140625,744.9000244140625,1857.5,1215.8212890625,3809.300048828125,17901.0,773.6749877929688,732.0999755859375,1822.1500244140625,1193.9462890625,3731.14990234375,17779.849609375,793.8499755859375,732.2999877929688,1855.0,1193.9462890625,3809.300048828125,17842.75,27027860,13518142,5407453,12257215,2051729,328800
2022-04-07,709.6854248046875,720.037841796875,1591.3101806640625,1165.2899169921875,3212.19091796875,17639.55078125,758.375,748.5499877929688,1811.0,1187.369873046875,3684.14990234375,17639.55078125,770.6749877929688,757.7999877929688,1828.1500244140625,1202.6685791015625,3745.5,17787.5,756.8499755859375,737.0999755859375,1807.550048828125,1184.6700439453125,3679.0,17623.69921875,770.6500244140625,737.0999755859375,1821.050048828125,1197.63818359375,3745.5,17723.30078125,40781732,15087175,5797544,15496499,2494829,308800
2022-04-08,708.7027587890625,725.56884765625,1594.4735107421875,1184.6746826171875,3213.4990234375,17784.349609375,757.3250122070312,754.2999877929688,1814.5999755859375,1207.1220703125,3685.64990234375,17784.349609375,762.875,756.0,1838.0,1211.4371337890625,3705.0,17842.75,748.6500244140625,743.5999755859375,1808.0,1181.4395751953125,3642.5,17600.55078125,756.0499877929688,749.8499755859375,1823.0,1181.4395751953125,3690.0,17698.150390625,41256322,15480705,5131446,15152495,2296773,274400
2022-04-11,700.0466918945312,730.6669921875,1552.25244140625,1182.2064208984375,3222.871337890625,17674.94921875,748.0750122070312,759.5999755859375,1766.550048828125,1204.60693359375,3696.39990234375,17674.94921875,755.0,765.4500122070312,1814.0,1217.6904296875,3712.35009765625,17779.05078125,746.625,751.6500244140625,1762.550048828125,1192.0540771484375,3656.10009765625,17650.94921875,753.0,752.2999877929688,1814.0,1199.8995361328125,3690.0,17740.900390625,20799066,13216391,8248407,9254209,2291660,251700
2022-04-12,698.8067626953125,734.7550048828125,1531.075927734375,1159.9454345703125,3218.250732421875,17530.30078125,746.75,763.8499755859375,1742.449951171875,1181.9241943359375,3691.10009765625,17530.30078125,753.4249877929688,768.9000244140625,1757.5,1201.0994873046875,3739.0,17595.30078125,740.0750122070312,750.25,1727.75,1179.316650390625,3648.35009765625,17442.349609375,742.0,757.0,1757.5,1193.9000244140625,3683.0,17584.849609375,27435402,14020000,6456184,13217742,4483476,266000
2022-04-13,685.4482421875,733.2160034179688,1536.4359130859375,1155.68798828125,3192.8349609375,17475.650390625,732.4749755859375,762.25,1748.550048828125,1177.5860595703125,3661.949951171875,17475.650390625,751.1500244140625,772.5499877929688,1757.5,1196.4844970703125,3709.85009765625,17663.650390625,731.3250122070312,760.7000122070312,1732.0,1174.747802734375,3655.550048828125,17457.400390625,745.0,769.5999755859375,1754.949951171875,1188.13134765625,3707.0,17599.900390625,28892520,16119956,6257693,10354235,1621672,245100
2022-04-18,652.9292602539062,728.9354858398438,1424.7103271484375,1152.1551513671875,3076.088623046875,17173.650390625,697.7249755859375,757.7999877929688,1621.4000244140625,1173.986328125,3528.050048828125,17173.650390625,715.8250122070312,762.9000244140625,1650.0,1181.3472900390625,3610.0,17237.75,695.0250244140625,749.2000122070312,1590.0,1163.810302734375,3522.5,17067.849609375,709.4249877929688,751.0,1605.5,1168.9791259765625,3610.0,17183.44921875,45620376,17651530,30523965,9974224,3820792,376100
2022-04-19,628.013671875,737.1116943359375,1372.5159912109375,1196.065673828125,3027.13134765625,16958.650390625,671.0999755859375,766.2999877929688,1562.0,1218.728759765625,3471.89990234375,16958.650390625,694.7750244140625,777.9000244140625,1636.6500244140625,1231.2816162109375,3563.550048828125,17275.650390625,663.5,757.0,1550.0,1177.3092041015625,3439.14990234375,16824.69921875,690.4500122070312,761.7999877929688,1636.6500244140625,1180.5166015625,3550.0,17258.94921875,74096022,31088359,17044923,26141820,3170014,401400
2022-04-20,633.67529296875,726.7711791992188,1395.0985107421875,1231.234619140625,3101.155029296875,17136.55078125,677.1500244140625,755.5499877929688,1587.699951171875,1254.564208984375,3556.800048828125,17136.55078125,679.9500122070312,770.0,1596.300048828125,1261.7406005859375,3569.14990234375,17186.900390625,667.6749877929688,753.7999877929688,1563.0,1222.5592041015625,3480.0,16978.94921875,677.2249755859375,766.7999877929688,1575.0,1226.251220703125,3500.0,17045.25,49325736,15984202,10678747,25072240,2640370,286100
2022-04-21,643.0565795898438,733.3121337890625,1422.4256591796875,1260.06298828125,3163.80029296875,17392.599609375,687.1749877929688,762.3499755859375,1618.800048828125,1283.938720703125,3628.64990234375,17392.599609375,689.9000244140625,764.2000122070312,1627.199951171875,1287.123046875,3644.0,17414.69921875,676.6500244140625,751.2000122070312,1589.25,1260.8175048828125,3567.39990234375,17215.5,682.5,759.0499877929688,1595.0,1269.5399169921875,3580.0,17234.599609375,52446270,8953098,7766514,21708633,2280996,285200
2022-04-22,634.2835693359375,719.172119140625,1393.121337890625,1249.5098876953125,3149.763671875,17171.94921875,677.7999877929688,747.6500244140625,1585.449951171875,1273.185791015625,3612.550048828125,17171.94921875,687.6749877929688,758.8499755859375,1610.699951171875,1293.12255859375,3617.0,17315.30078125,674.5750122070312,745.9000244140625,1582.4000244140625,1266.4478759765625,3571.5,17149.19921875,680.0,757.0,1604.3499755859375,1273.23193359375,3581.10009765625,17242.75,20659148,14411607,8134245,15054154,1581465,262700
2022-04-25,639.03271484375,723.548828125,1371.7252197265625,1220.6138916015625,3093.65673828125,16953.94921875,682.875,752.2000122070312,1561.0999755859375,1243.7420654296875,3548.199951171875,16953.94921875,685.3250122070312,762.2000122070312,1572.800048828125,1273.0010986328125,3584.0,17054.30078125,661.125,744.0,1554.0999755859375,1229.2740478515625,3533.10009765625,16888.69921875,675.0,747.6500244140625,1572.800048828125,1265.6171875,3558.0,17009.05078125,20935488,35417460,7000570,17063215,1960694,275700
2022-04-26,641.98046875,725.039794921875,1389.2109375,1257.1414794921875,3091.999755859375,17200.80078125,686.0250244140625,753.75,1581.0,1280.9620361328125,3546.300048828125,17200.80078125,690.9749755859375,768.5499877929688,1592.0,1289.89208984375,3587.89990234375,17223.849609375,678.5750122070312,751.6500244140625,1566.550048828125,1249.6031494140625,3518.14990234375,17064.44921875,686.0,768.0,1577.199951171875,1250.66455078125,3575.14990234375,17121.30078125,17016842,18727514,5345435,12227666,1943469,261100
2022-04-27,642.21435546875,708.6392211914062,1364.4320068359375,1258.3646240234375,3104.99169921875,17038.400390625,686.2750244140625,736.7000122070312,1552.800048828125,1282.2081298828125,3561.199951171875,17038.400390625,689.5,750.0,1572.75,1305.12158203125,3568.449951171875,17110.69921875,678.0499877929688,732.5499877929688,1550.3499755859375,1271.455078125,3506.300048828125,16958.44921875,680.0,749.0,1572.75,1271.8243408203125,3546.0,17073.349609375,18054334,21441480,8819356,19338945,1727648,265100
2022-04-28,641.6528930664062,718.691162109375,1390.6170654296875,1277.1605224609375,3125.132568359375,17245.05078125,685.6749877929688,747.1500244140625,1582.5999755859375,1301.3603515625,3584.300048828125,17245.05078125,689.5,751.9000244140625,1601.800048828125,1315.736083984375,3604.39990234375,17322.5,681.0499877929688,734.6500244140625,1557.449951171875,1285.78466796875,3538.050048828125,17071.05078125,686.0,739.0999755859375,1570.0,1296.79150390625,3588.0,17189.5,20773722,18649559,9245177,25614076,1703660,312900
2022-04-29,647.8525390625,714.9877319335938,1377.3927001953125,1263.7542724609375,3092.34912109375,17102.55078125,692.2999877929688,743.2999877929688,1567.550048828125,1287.699951171875,3546.699951171875,17102.55078125,702.375,759.9500122070312,1597.300048828125,1318.11279296875,3623.25,17377.650390625,685.7750244140625,740.0999755859375,1560.800048828125,1281.7235107421875,3536.85009765625,17053.25,690.1749877929688,750.0999755859375,1590.0,1318.11279296875,3597.0,17329.25,28401476,19560317,9831395,18214862,2051115,336200
2022-05-02,656.7894287109375,712.775390625,1354.0633544921875,1259.3157958984375,3088.599853515625,17069.099609375,701.8499755859375,741.0,1541.0,1283.17724609375,3542.39990234375,17069.099609375,703.2249755859375,743.7999877929688,1552.75,1294.73779296875,3547.949951171875,17092.25,681.0250244140625,731.0999755859375,1531.0,1272.839599609375,3492.75,16917.25,681.0250244140625,732.0,1550.9000244140625,1274.66259765625,3519.89990234375,16924.44921875,19494316,10903446,7072627,9467006,1324161,278200
2022-05-04,634.470703125,696.6634521484375,1349.274658203125,1220.0023193359375,3033.975341796875,16677.599609375,678.0,724.25,1535.550048828125,1243.1190185546875,3479.75,16677.599609375,701.7999877929688,747.0,1570.0,1287.5845947265625,3545.449951171875,17132.849609375,675.0,721.1500244140625,1530.1500244140625,1235.112060546875,3465.300048828125,16623.94921875,700.0,746.2000122070312,1547.25,1285.277099609375,3538.5,17096.599609375,29055916,12212165,6220959,19247660,2305825,310600
2022-05-05,633.0435791015625,701.0400390625,1392.8577880859375,1196.1109619140625,3063.31494140625,16682.650390625,676.4749755859375,728.7999877929688,1585.1500244140625,1218.77490234375,3513.39990234375,16682.650390625,687.5,743.0,1589.4000244140625,1259.89453125,3533.0,16945.69921875,673.25,726.5,1557.449951171875,1214.6676025390625,3485.35009765625,16651.849609375,687.5,730.7999877929688,1560.050048828125,1256.894775390625,3512.10009765625,16854.75,17862912,9121547,6144870,17210669,1612262,265800
2022-05-06,616.5032958984375,691.8538818359375,1355.68896484375,1186.9393310546875,2992.86669921875,16411.25,658.7999877929688,719.25,1542.8499755859375,1209.4295654296875,3432.60009765625,16411.25,667.5,723.0,1561.8499755859375,1227.1280517578125,3474.5,16484.19921875,656.5,710.2999877929688,1535.050048828125,1196.9228515625,3424.5,16340.900390625,665.0,716.25,1550.0,1205.5299072265625,3459.0,16415.55078125,26731268,12455025,6171472,19649948,2010812,300500
2022-05-09,617.55615234375,683.2928466796875,1379.85302734375,1140.583251953125,3003.764892578125,16301.849609375,659.9249877929688,710.3499755859375,1570.3499755859375,1162.195068359375,3445.10009765625,16301.849609375,663.25,720.0,1586.800048828125,1198.561279296875,3456.0,16403.69921875,647.75,704.4500122070312,1522.1500244140625,1156.9801025390625,3346.85009765625,16142.099609375,650.0,705.2999877929688,1540.0,1188.3389892578125,3398.0,16227.7001953125,32762434,13055889,6832202,18083752,2481830,288400
2022-05-10,627.4756469726562,684.2067260742188,1364.60791015625,1120.813232421875,2998.228271484375,16240.0498046875,670.5250244140625,711.2999877929688,1553.0,1142.050537109375,3438.75,16240.0498046875,676.5,720.0,1569.1500244140625,1166.0255126953125,3464.800048828125,16404.55078125,657.5250244140625,705.0,1546.050048828125,1134.3665771484375,3422.0,16197.2998046875,657.5250244140625,705.0,1558.0,1151.442138671875,3434.0,16248.900390625,20113812,12797419,6212545,19511677,1622685,283100
2022-05-11,631.0081787109375,686.9961547851562,1341.5421142578125,1109.3319091796875,2974.904296875,16167.099609375,674.2999877929688,714.2000122070312,1526.75,1130.3515625,3412.0,16167.099609375,677.5,719.7999877929688,1549.949951171875,1146.8040771484375,3448.449951171875,16318.75,664.3250122070312,707.1500244140625,1511.5999755859375,1117.7294921875,3382.14990234375,15992.599609375,676.5,718.0,1549.949951171875,1141.1275634765625,3435.0,16270.0498046875,17102924,13516852,7846080,16643899,1841769,284300
2022-05-12,616.784423828125,669.2969970703125,1325.769775390625,1086.7313232421875,2971.984130859375,15808.0,651.5250244140625,695.7999877929688,1508.800048828125,1107.32275390625,3408.64990234375,15808.0,663.4000244140625,710.7000122070312,1527.5,1123.682861328125,3449.699951171875,16041.9501953125,646.5,693.2999877929688,1504.300048828125,1093.754638671875,3350.10009765625,15735.75,660.5499877929688,707.5499877929688,1514.0,1120.2908935546875,3378.0,16021.099609375,22382290,16685166,7034979,20490321,2807195,314900
2022-05-13,611.2462768554688,651.5498657226562,1321.9033203125,1099.0506591796875,2977.43310546875,15782.150390625,645.6749877929688,677.3499755859375,1504.4000244140625,1119.87548828125,3414.89990234375,15782.150390625,659.0,702.4000244140625,1529.25,1143.5965576171875,3439.89990234375,16083.599609375,643.5,675.0,1498.0999755859375,1114.68359375,3382.14990234375,15740.849609375,655.0250244140625,702.4000244140625,1519.300048828125,1119.5986328125,3435.0,15977.0,16768238,15717043,6723761,19308778,2187823,369100
2022-05-16,617.7547607421875,656.984619140625,1308.45947265625,1099.322265625,2944.214599609375,15842.2998046875,652.5499877929688,683.0,1489.0999755859375,1120.1524658203125,3376.800048828125,15842.2998046875,656.0,690.9500122070312,1511.8499755859375,1144.9810791015625,3430.0,15977.9501953125,642.6500244140625,675.75,1478.6500244140625,1115.2835693359375,3366.60009765625,15739.650390625,649.5,676.7000122070312,1510.0,1123.498291015625,3415.0,15845.099609375,9804356,9025623,6145331,13437911,1195813,217600
2022-05-17,621.9674682617188,682.9562377929688,1334.2490234375,1145.4971923828125,3009.431884765625,16259.2998046875,657.0,710.0,1518.449951171875,1167.2022705078125,3451.60009765625,16259.2998046875,658.5,712.0,1525.0,1172.1634521484375,3467.0,16284.25,649.0999755859375,685.1500244140625,1480.9000244140625,1122.3675537109375,3350.39990234375,15900.7998046875,656.2999877929688,686.0999755859375,1494.9000244140625,1123.7982177734375,3370.0,15912.599609375,16641444,12765052,6516378,16551828,1754076,295700
2022-05-18,621.920166015625,680.4071044921875,1326.12109375,1149.6641845703125,3006.990478515625,16240.2998046875,656.9500122070312,707.3499755859375,1509.199951171875,1171.4481201171875,3448.800048828125,16240.2998046875,666.6500244140625,717.0,1549.699951171875,1186.0545654296875,3495.0,16399.80078125,655.0,706.0999755859375,1505.300048828125,1157.5570068359375,3443.050048828125,16211.2001953125,662.0250244140625,712.3499755859375,1522.0,1172.048095703125,3465.0,16318.150390625,15732384,11835013,6594126,17276788,1866781,290400
2022-05-19,609.2109375,664.0065307617188,1254.0245361328125,1123.16845703125,2844.0771484375,15809.400390625,643.5250244140625,690.2999877929688,1427.1500244140625,1144.4503173828125,3261.949951171875,15809.400390625,648.2000122070312,698.7000122070312,1484.699951171875,1159.518310546875,3405.0,15984.75,639.1500244140625,685.5999755859375,1417.6500244140625,1138.0816650390625,3230.0,15775.2001953125,643.0999755859375,693.0999755859375,1481.0,1146.3656005859375,3397.0,15917.400390625,20537506,16661023,16561140,14699118,4642963,313900
2022-05-20,625.2571411132812,682.5233154296875,1278.6278076171875,1188.660400390625,2871.149169921875,16266.150390625,660.4749755859375,709.5499877929688,1455.1500244140625,1211.1832275390625,3293.0,16266.150390625,662.0999755859375,711.9000244140625,1466.75,1220.39013671875,3313.89990234375,16283.0498046875,646.1749877929688,693.7000122070312,1446.699951171875,1154.672607421875,3270.050048828125,16003.849609375,651.5,694.7999877929688,1453.0,1159.518310546875,3310.0,16043.7998046875,13919350,11695528,10488908,21793091,3065125,252400
2022-05-23,617.2340698242188,683.9661865234375,1290.2703857421875,1180.7117919921875,2896.216064453125,16214.7001953125,652.0,711.0499877929688,1468.4000244140625,1203.083984375,3321.75,16214.7001953125,664.9749755859375,725.9500122070312,1488.0,1224.6129150390625,3338.89990234375,16414.69921875,649.5499877929688,707.4500122070312,1450.050048828125,1196.6690673828125,3267.0,16185.75,657.0,709.5499877929688,1455.0999755859375,1214.436767578125,3304.800048828125,16290.9501953125,19486320,17438451,5887569,15252755,2293690,293800
2022-05-24,624.3104248046875,681.1766967773438,1266.1943359375,1184.7652587890625,2866.789306640625,16125.150390625,659.4749755859375,708.1500244140625,1441.0,1207.21435546875,3288.0,16125.150390625,662.5,717.3499755859375,1469.550048828125,1217.4365234375,3324.85009765625,16262.7998046875,648.4500122070312,706.0499877929688,1435.25,1198.838134765625,3275.60009765625,16078.599609375,650.0,711.0499877929688,1468.5999755859375,1203.130126953125,3315.14990234375,16225.5498046875,12870796,13779981,5693167,13527818,1711510,249800
2022-05-25,628.972900390625,686.1786499023438,1239.3502197265625,1183.0216064453125,2780.460693359375,16025.7998046875,664.4000244140625,713.3499755859375,1410.449951171875,1205.4376220703125,3167.64990234375,16025.7998046875,667.9749755859375,720.8499755859375,1442.5,1226.066650390625,3292.85009765625,16223.349609375,661.5999755859375,711.5999755859375,1399.25,1200.591796875,3154.050048828125,16006.9501953125,665.0,712.0499877929688,1435.0,1216.0521240234375,3292.85009765625,16196.349609375,12887112,10457589,9630092,12714544,3548046,243300
2022-05-26,646.9124145507812,700.7515258789062,1251.212646484375,1171.743896484375,2832.512939453125,16170.150390625,683.3499755859375,728.5,1423.949951171875,1193.9462890625,3226.949951171875,16170.150390625,685.5,733.0,1430.0,1216.0059814453125,3241.5,16204.4501953125,670.0,715.4500122070312,1407.050048828125,1175.901611328125,3180.550048828125,15903.7001953125,671.0750122070312,723.0,1418.0,1211.16015625,3191.0,16105.0,26992428,14028733,13040065,17882023,2813186,314300
2022-05-27,658.9115600585938,711.6211547851562,1284.0758056640625,1166.3089599609375,2862.6640625,16352.4501953125,696.0250244140625,739.7999877929688,1461.3499755859375,1188.408203125,3261.300048828125,16352.4501953125,697.3499755859375,741.2000122070312,1467.0,1202.2762451171875,3278.89990234375,16370.599609375,685.375,731.25,1437.4000244140625,1172.2557373046875,3229.199951171875,16221.9501953125,685.9000244140625,733.5499877929688,1443.949951171875,1196.692138671875,3253.199951171875,16296.599609375,24031718,8110620,8284860,16521973,3103153,274100
2022-05-30,663.4082641601562,719.9898071289062,1341.586181640625,1206.9356689453125,2962.6865234375,16661.400390625,700.7750244140625,748.5,1526.800048828125,1229.8048095703125,3375.25,16661.400390625,710.25,751.9500122070312,1530.0,1234.050537109375,3386.60009765625,16695.5,699.2249755859375,744.2999877929688,1485.0,1197.222900390625,3286.35009765625,16506.150390625,705.125,748.75,1487.0,1206.822021484375,3297.0,16527.900390625,12624674,7628515,10904213,13853398,2094624,251400
2022-05-31,657.4441528320312,724.174072265625,1335.1925048828125,1192.374267578125,2953.118408203125,16584.55078125,694.4749755859375,752.8499755859375,1503.5999755859375,1214.967529296875,3364.35009765625,16584.55078125,702.4000244140625,756.7000122070312,1518.0,1236.2657470703125,3383.39990234375,16690.75,690.0,740.5,1488.1500244140625,1207.1451416015625,3325.0,16521.900390625,697.9500122070312,741.0,1510.699951171875,1219.005615234375,3354.14990234375,16578.44921875,13485388,20272212,16033857,70620653,4840965,651600
2022-06-01,660.2369384765625,723.981689453125,1312.9481201171875,1192.7593994140625,2945.0869140625,16522.75,697.4249877929688,752.6500244140625,1478.550048828125,1215.35986328125,3355.199951171875,16522.75,700.2249755859375,755.5999755859375,1514.75,1225.3743896484375,3388.0,16649.19921875,689.5750122070312,744.2000122070312,1472.0999755859375,1207.3758544921875,3340.050048828125,16438.849609375,690.0,748.0,1513.0,1215.72900390625,3388.0,16594.400390625,12091896,10102092,8738508,9776989,1493835,249600
2022-06-02,655.6218872070312,721.1920776367188,1339.099609375,1233.88427734375,3004.599365234375,16628.0,692.5499877929688,749.75,1508.0,1257.2640380859375,3423.0,16628.0,694.0,751.75,1513.8499755859375,1261.0252685546875,3432.0,16646.400390625,689.2999877929688,743.2000122070312,1475.5999755859375,1215.590576171875,3346.300048828125,16443.05078125,693.625,751.0499877929688,1484.0,1215.590576171875,3355.0,16481.650390625,11475020,10949759,7205840,22126569,2657939,236000
2022-06-03,653.3497924804688,715.94970703125,1351.2652587890625,1258.8853759765625,3019.653076171875,16584.30078125,690.1500244140625,744.2999877929688,1521.699951171875,1282.73876953125,3440.14990234375,16584.30078125,700.375,757.0,1555.0,1300.20654296875,3477.300048828125,16793.849609375,688.1500244140625,741.2000122070312,1518.0,1265.4324951171875,3431.199951171875,16567.900390625,699.1500244140625,756.1500244140625,1524.9000244140625,1266.3555908203125,3459.39990234375,16761.650390625,6957244,8563791,9395707,23939791,1913622,245500
2022-06-06,652.47412109375,718.306396484375,1358.679931640625,1253.4730224609375,3011.576904296875,16569.55078125,689.2249755859375,746.75,1530.050048828125,1277.223876953125,3430.949951171875,16569.55078125,693.5,750.9500122070312,1536.5999755859375,1298.6605224609375,3453.0,16610.94921875,680.3250122070312,739.5999755859375,1493.0,1269.9552001953125,3377.14990234375,16444.55078125,688.1500244140625,740.2000122070312,1516.0,1282.9696044921875,3418.0,16530.69921875,6173266,9107831,6624883,11093152,1084210,233600
2022-06-07,644.9717407226562,707.2444458007812,1337.945068359375,1255.8282470703125,2951.66943359375,16416.349609375,681.2999877929688,735.25,1506.699951171875,1279.6236572265625,3362.699951171875,16416.349609375,687.1500244140625,742.9500122070312,1519.8499755859375,1288.0921630859375,3418.85009765625,16487.25,677.0499877929688,732.3499755859375,1502.5999755859375,1270.0706787109375,3356.0,16347.099609375,681.0,741.0,1519.8499755859375,1278.308349609375,3401.050048828125,16469.599609375,10253966,9938912,4904592,12358255,2308256,233800
2022-06-08,647.2438354492188,701.7135009765625,1331.99560546875,1233.771240234375,2988.052978515625,16356.25,683.7000122070312,729.5,1500.0,1257.148681640625,3404.14990234375,16356.25,690.5,741.0,1520.199951171875,1283.4310302734375,3413.949951171875,16514.30078125,678.5,726.4500122070312,1492.0,1253.572021484375,3346.5,16293.349609375,686.6500244140625,736.5999755859375,1520.199951171875,1279.6236572265625,3380.14990234375,16474.94921875,5986588,9369224,4697608,12479250,2185707,243500
2022-06-09,652.119140625,704.839599609375,1345.315673828125,1267.60400390625,3008.197998046875,16478.099609375,688.8499755859375,732.75,1515.0,1291.6226806640625,3427.10009765625,16478.099609375,691.0250244140625,734.0999755859375,1516.949951171875,1293.583984375,3437.0,16492.80078125,678.5750122070312,722.1500244140625,1481.5,1250.66455078125,3353.10009765625,16243.849609375,681.125,725.0,1485.0,1250.66455078125,3385.0,16263.849609375,7311816,7444368,4361061,17278305,1279197,205000
2022-06-10,639.5282592773438,692.5752563476562,1311.3941650390625,1229.33251953125,2949.212158203125,16201.7998046875,675.5499877929688,720.0,1476.800048828125,1252.6259765625,3359.89990234375,16201.7998046875,683.9749755859375,728.2999877929688,1493.949951171875,1287.5384521484375,3393.0,16324.7001953125,671.7999877929688,718.0,1473.5999755859375,1246.7418212890625,3352.0,16172.599609375,680.0499877929688,724.75,1486.0999755859375,1279.2314453125,3382.0,16283.9501953125,9155430,7990818,6516436,18093057,1527582,189700
2022-06-13,627.9315185546875,661.7941284179688,1264.951904296875,1206.0750732421875,2826.061767578125,15774.400390625,663.2999877929688,688.0,1424.5,1228.9278564453125,3219.60009765625,15774.400390625,665.0,702.2999877929688,1443.5999755859375,1233.4967041015625,3293.0,15886.150390625,654.1500244140625,682.0999755859375,1411.699951171875,1207.4219970703125,3192.449951171875,15684.0,661.7999877929688,702.25,1443.5999755859375,1222.974609375,3290.0,15877.5498046875,10892572,16622521,6987685,17620803,3030921,225500
2022-06-14,621.020751953125,659.3894653320312,1279.204345703125,1190.3134765625,2818.117431640625,15732.099609375,656.0,685.5,1440.550048828125,1212.86767578125,3210.550048828125,15732.099609375,663.0,694.6500244140625,1448.9000244140625,1233.058349609375,3238.89990234375,15858.0,652.5,680.6500244140625,1403.1500244140625,1206.106689453125,3174.699951171875,15659.4501953125,655.625,682.4000244140625,1410.0,1222.9976806640625,3190.0,15674.25,11870356,13348598,6090247,14714312,2611493,225400
2022-06-15,618.8670043945312,661.07275390625,1262.909423828125,1175.91064453125,2814.38720703125,15692.150390625,653.7249755859375,687.25,1422.199951171875,1198.1920166015625,3206.300048828125,15692.150390625,657.9000244140625,696.3499755859375,1446.4000244140625,1217.113525390625,3234.0,15783.650390625,649.2000122070312,686.0999755859375,1418.8499755859375,1192.7001953125,3201.0,15678.900390625,650.8250122070312,687.5,1440.199951171875,1207.9989013671875,3218.5,15729.25,11810470,9199591,4651958,11195535,1404536,183000
2022-06-16,606.4892578125,652.6561279296875,1240.709716796875,1159.469970703125,2757.946533203125,15360.599609375,640.6500244140625,678.5,1397.199951171875,1181.4395751953125,3142.0,15360.599609375,660.2750244140625,700.0499877929688,1443.75,1227.151123046875,3244.85009765625,15863.150390625,639.0,676.2999877929688,1392.0,1178.6705322265625,3133.050048828125,15335.099609375,655.0,700.0,1438.0,1210.5140380859375,3240.0,15832.25,12169192,13237239,6641772,17111475,2032028,264700
2022-06-17,610.489013671875,660.6879272460938,1231.9183349609375,1173.0574951171875,2711.337646484375,15293.5,644.875,686.8499755859375,1387.300048828125,1195.2845458984375,3088.89990234375,15293.5,649.5,692.6500244140625,1396.949951171875,1211.3677978515625,3118.75,15400.400390625,635.7999877929688,669.9500122070312,1367.1500244140625,1179.6397705078125,3023.85009765625,15183.400390625,637.5,671.25,1391.050048828125,1181.4395751953125,3092.0,15272.650390625,14723922,16335613,9692047,24457187,5240434,342600
2022-06-20,625.8251342773438,659.822265625,1255.76123046875,1151.79296875,2731.964111328125,15350.150390625,661.0750122070312,685.9500122070312,1414.1500244140625,1173.6171875,3112.39990234375,15350.150390625,662.5,687.7999877929688,1422.3499755859375,1207.791259765625,3138.75,15382.5,647.0750122070312,677.5999755859375,1382.0,1163.4871826171875,3069.0,15191.099609375,652.3499755859375,686.0,1390.050048828125,1202.20703125,3094.0,15334.5,15936840,10981042,4595194,12066797,1502769,260000
2022-06-21,632.6412963867188,669.5856323242188,1287.507080078125,1170.3851318359375,2819.346435546875,15638.7998046875,668.2750244140625,696.0999755859375,1449.9000244140625,1192.561767578125,3211.949951171875,15638.7998046875,677.0,708.0,1456.0,1196.8536376953125,3237.75,15707.25,662.0250244140625,688.5999755859375,1422.75,1166.81005859375,3125.39990234375,15419.849609375,668.4500122070312,690.5499877929688,1424.0,1181.4395751953125,3130.0,15455.9501953125,13220684,13319648,6270787,11720049,2964461,262800
2022-06-22,629.6591796875,660.447509765625,1276.2740478515625,1134.8310546875,2829.00244140625,15413.2998046875,665.125,686.5999755859375,1437.25,1156.333984375,3222.949951171875,15413.2998046875,668.4749755859375,698.9000244140625,1459.5999755859375,1180.655029296875,3250.550048828125,15565.400390625,661.5999755859375,685.0999755859375,1435.0,1154.2110595703125,3183.0,15385.9501953125,666.125,694.25,1436.050048828125,1180.562744140625,3199.89990234375,15545.650390625,8159698,6838249,6253366,10617206,3336315,220900
2022-06-23,631.978515625,672.5194702148438,1289.771240234375,1116.419921875,2904.358154296875,15556.650390625,667.5750122070312,699.1500244140625,1452.449951171875,1137.573974609375,3308.800048828125,15556.650390625,674.0,706.0,1458.0,1165.287109375,3318.0,15628.4501953125,659.25,687.0,1433.0,1128.3670654296875,3222.949951171875,15367.5,665.25,690.2000122070312,1439.800048828125,1160.6951904296875,3222.949951171875,15451.5498046875,15372244,14960412,6254281,19446323,3692578,259200
2022-06-24,640.806396484375,686.2748413085938,1279.6927490234375,1132.3175048828125,2890.577392578125,15699.25,676.9000244140625,713.4500122070312,1441.0999755859375,1153.772705078125,3293.10009765625,15699.25,680.8250122070312,715.25,1467.5,1158.8260498046875,3345.0,15749.25,669.2750244140625,706.5499877929688,1428.9000244140625,1138.9815673828125,3277.5,15619.4501953125,669.2750244140625,710.9000244140625,1458.0,1144.5196533203125,3339.0,15657.400390625,8013432,10856736,6114340,14240234,2132118,219600
2022-06-27,641.9660034179688,690.0262451171875,1309.4405517578125,1128.9659423828125,2909.536865234375,15832.0498046875,678.125,717.3499755859375,1474.5999755859375,1150.3575439453125,3314.699951171875,15832.0498046875,688.0,728.8499755859375,1484.0,1174.4940185546875,3362.89990234375,15927.4501953125,676.0,716.0999755859375,1465.1500244140625,1145.23486328125,3306.5,15815.5,685.0,728.8499755859375,1468.050048828125,1174.4940185546875,3350.0,15926.2001953125,9804164,8285225,4511097,15474529,2037686,210900
2022-06-28,637.0670166015625,683.2447509765625,1314.3690185546875,1144.8404541015625,2912.5654296875,15850.2001953125,672.9500122070312,710.2999877929688,1480.1500244140625,1166.5330810546875,3318.14990234375,15850.2001953125,675.5,717.2999877929688,1488.25,1169.41748046875,3330.0,15892.099609375,669.2000122070312,707.0,1453.0,1145.48876953125,3272.60009765625,15710.150390625,672.0,711.0499877929688,1469.0,1145.48876953125,3307.0,15757.4501953125,9770574,8339931,4412178,13572847,1400046,251900
2022-06-29,636.1438598632812,675.982421875,1299.36181640625,1168.59619140625,2888.29541015625,15799.099609375,671.9749755859375,702.75,1463.25,1190.73876953125,3290.5,15799.099609375,675.375,706.7000122070312,1477.0,1198.51513671875,3333.0,15861.599609375,665.625,700.9500122070312,1457.0,1154.2110595703125,3271.0,15687.7998046875,665.625,704.9500122070312,1464.699951171875,1157.0723876953125,3271.0,15701.7001953125,9994046,9570557,5060038,19205146,2133994,444900
2022-06-30,638.06103515625,680.2628784179688,1298.1629638671875,1175.616455078125,2867.755615234375,15780.25,674.0,707.2000122070312,1461.9000244140625,1197.89208984375,3267.10009765625,15780.25,677.0,711.9000244140625,1482.0,1207.2374267578125,3310.89990234375,15890.0,668.0,701.2000122070312,1455.0,1184.2086181640625,3255.0,15728.849609375,668.0,702.75,1465.050048828125,1190.6695556640625,3272.0,15774.5,12475822,11970404,9165177,23112959,2719603,306000
2022-07-01,640.7826538085938,677.0885620117188,1313.7030029296875,1090.9434814453125,2909.887939453125,15752.0498046875,676.875,703.9000244140625,1479.4000244140625,1111.6146240234375,3315.10009765625,15752.0498046875,680.0,706.75,1485.0,1196.20751953125,3333.0,15793.9501953125,665.0250244140625,694.0999755859375,1442.3499755859375,1091.4471435546875,3252.050048828125,15511.0498046875,671.9749755859375,703.4500122070312,1454.0,1188.31591796875,3260.0,15703.7001953125,11472452,9884899,4651635,81997149,1502879,364100
2022-07-04,641.6820068359375,692.6714477539062,1321.339599609375,1093.2078857421875,2839.623291015625,15835.349609375,677.8250122070312,720.0999755859375,1488.0,1113.922119140625,3235.050048828125,15835.349609375,680.0999755859375,721.0999755859375,1492.25,1126.9825439453125,3317.949951171875,15852.349609375,671.125,704.8499755859375,1462.0,1091.9547119140625,3225.050048828125,15661.7998046875,676.8499755859375,704.8499755859375,1480.25,1097.885009765625,3312.0,15710.5,8487480,8303732,4800224,41857728,2622535,304300
2022-07-05,640.23828125,692.0462036132812,1310.639404296875,1102.0625,2823.16455078125,15810.849609375,676.2999877929688,719.4500122070312,1475.949951171875,1122.9444580078125,3216.300048828125,15810.849609375,689.6749877929688,732.1500244140625,1509.949951171875,1137.5509033203125,3272.0,16025.75,674.1500244140625,718.0999755859375,1472.0,1115.4912109375,3206.949951171875,15785.4501953125,682.0,723.0499877929688,1498.800048828125,1118.214111328125,3255.0,15909.150390625,14325718,11460367,7379669,17647327,2170627,254200
2022-07-06,649.0661010742188,698.2986450195312,1324.5810546875,1092.3699951171875,2862.181396484375,15989.7998046875,685.625,725.9500122070312,1491.6500244140625,1113.068359375,3260.75,15989.7998046875,686.7000122070312,731.9000244140625,1500.0,1126.95947265625,3268.5,16011.349609375,673.5499877929688,722.0,1470.0,1102.0616455078125,3202.25,15800.900390625,674.0,723.0,1482.199951171875,1116.875732421875,3218.5,15818.2001953125,15049078,12163533,5209162,23943726,2182144,288400
2022-07-07,660.6866455078125,713.7373046875,1330.8411865234375,1081.6131591796875,2885.968994140625,16132.900390625,697.9000244140625,742.0,1498.699951171875,1102.1077880859375,3287.85009765625,16132.900390625,699.0,744.0,1513.949951171875,1122.9444580078125,3319.39990234375,16150.5,687.2249755859375,733.0,1495.699951171875,1096.0621337890625,3265.050048828125,16045.9501953125,690.0,735.9500122070312,1503.050048828125,1119.552490234375,3271.0,16113.75,17743142,10374018,3323472,23301033,1989921,264600
2022-07-08,661.3019409179688,726.91552734375,1344.8270263671875,1083.10791015625,2866.307373046875,16220.599609375,698.5499877929688,755.7000122070312,1514.449951171875,1103.6307373046875,3265.449951171875,16220.599609375,705.0,757.5,1516.949951171875,1115.9066162109375,3305.0,16275.5,697.375,744.5499877929688,1499.949951171875,1099.54638671875,3250.0,16157.900390625,705.0,751.2999877929688,1515.0,1115.9066162109375,3300.0,16273.650390625,12474030,9797700,3652582,19010108,2136916,281100
2022-07-11,665.585693359375,740.1898803710938,1308.1529541015625,1097.827880859375,2733.193603515625,16216.0,703.0750122070312,769.5,1473.1500244140625,1118.6295166015625,3113.800048828125,16216.0,704.9500122070312,771.5499877929688,1499.9000244140625,1120.8907470703125,3225.0,16248.5498046875,696.625,755.0,1466.4000244140625,1093.754638671875,3106.0,16115.5,697.0,755.0,1495.0,1096.75439453125,3206.14990234375,16136.150390625,7462880,12440573,4702638,13847467,6974600,255900
2022-07-12,658.7932739257812,730.9555053710938,1277.47265625,1096.2650146484375,2707.650146484375,16058.2998046875,695.9000244140625,759.9000244140625,1438.5999755859375,1117.0372314453125,3084.699951171875,16058.2998046875,702.625,767.4500122070312,1468.5999755859375,1125.921142578125,3136.199951171875,16158.75,694.7000122070312,757.7000122070312,1436.0,1109.445556640625,3080.25,16031.150390625,702.625,765.3499755859375,1461.800048828125,1109.445556640625,3114.89990234375,16126.2001953125,9876974,10219829,4710356,10778989,3734815,208600
2022-07-13,642.723388671875,724.5106811523438,1282.66748046875,1076.8349609375,2667.31689453125,15966.650390625,678.9249877929688,753.2000122070312,1444.449951171875,1097.2388916015625,3038.75,15966.650390625,697.0999755859375,764.75,1460.0,1123.2906494140625,3110.0,16140.0,677.125,749.9000244140625,1438.5999755859375,1095.13916015625,3035.0,15950.150390625,695.0,764.75,1450.0,1120.1986083984375,3104.0,16128.2001953125,15945610,8674121,5264025,14224132,3863530,233300
2022-07-14,639.5046997070312,723.7412109375,1268.8145751953125,1085.7120361328125,2639.154296875,15938.650390625,675.5250244140625,752.4000244140625,1428.8499755859375,1106.2843017578125,2998.75,15938.650390625,686.3250122070312,759.5,1452.949951171875,1123.267578125,3057.0,16070.849609375,674.625,748.7999877929688,1414.0,1096.9620361328125,2967.0,15858.2001953125,681.0,750.0,1451.0,1102.0616455078125,3056.0,16018.849609375,10372410,7044542,6157606,16970315,4764908,228600
2022-07-15,644.7113647460938,722.5869140625,1270.146728515625,1087.8182373046875,2635.501953125,16049.2001953125,681.0250244140625,751.2000122070312,1430.3499755859375,1108.4302978515625,2994.60009765625,16049.2001953125,682.4500122070312,759.0,1446.0,1114.5220947265625,3028.89990234375,16066.9501953125,673.4000244140625,744.2000122070312,1410.6500244140625,1099.80029296875,2953.0,15927.2998046875,676.5,753.25,1446.0,1114.5220947265625,3018.550048828125,16010.7998046875,13595646,6358018,5620018,9603210,4574806,205800
2022-07-18,637.8480224609375,742.5946044921875,1323.027099609375,1097.080322265625,2696.1396484375,16278.5,673.7750244140625,772.0,1489.9000244140625,1117.8680419921875,3063.5,16278.5,683.0499877929688,773.1500244140625,1493.5999755859375,1119.1370849609375,3076.949951171875,16287.9501953125,671.0250244140625,757.8499755859375,1448.050048828125,1104.0460205078125,3014.300048828125,16142.2001953125,674.0,759.25,1450.0,1117.2911376953125,3023.0,16151.400390625,20332220,8045363,5835171,15160908,3202795,227700
2022-07-19,638.0846557617188,750.9152221679688,1317.9207763671875,1103.8062744140625,2705.60107421875,16340.5498046875,674.0250244140625,780.6500244140625,1484.1500244140625,1124.7213134765625,3074.25,16340.5498046875,679.2750244140625,782.0,1486.8499755859375,1129.2901611328125,3078.949951171875,16359.5,668.5,767.1500244140625,1470.0999755859375,1107.738037109375,3030.050048828125,16187.0498046875,668.5,767.7999877929688,1471.550048828125,1107.738037109375,3030.050048828125,16187.0498046875,15792538,12825591,3418540,16439888,1865074,222600
2022-07-20,646.1314086914062,753.2717895507812,1345.58203125,1133.6533203125,2785.292724609375,16520.849609375,682.5250244140625,783.0999755859375,1515.300048828125,1155.134033203125,3164.800048828125,16520.849609375,685.5499877929688,789.5499877929688,1525.800048828125,1173.36328125,3171.949951171875,16588.0,677.625,780.2999877929688,1500.0,1147.4039306640625,3098.050048828125,16490.94921875,679.9500122070312,789.5,1501.25,1172.2095947265625,3107.800048828125,16562.80078125,20347862,8152179,5079392,23924246,3402251,284400
2022-07-21,644.0960693359375,756.0614013671875,1361.2108154296875,1126.08984375,2796.29345703125,16605.25,680.375,786.0,1532.9000244140625,1147.427001953125,3177.300048828125,16605.25,684.75,788.9500122070312,1535.449951171875,1153.7496337890625,3184.0,16626.94921875,679.0499877929688,780.0999755859375,1503.0999755859375,1138.6585693359375,3144.050048828125,16483.900390625,680.2750244140625,784.9000244140625,1517.0,1150.9805908203125,3167.0,16523.55078125,12640278,8312338,5008061,16523230,2420640,243600
2022-07-22,659.12451171875,769.5762329101562,1337.5899658203125,1133.698974609375,2790.749267578125,16719.44921875,696.25,800.0499877929688,1506.300048828125,1155.1802978515625,3171.0,16719.44921875,698.5,803.9000244140625,1540.0,1161.2720947265625,3197.0,16752.25,681.2000122070312,789.0999755859375,1492.1500244140625,1151.442138671875,3143.5,16610.900390625,683.0,789.0999755859375,1534.0,1153.7496337890625,3185.0,16661.25,12729592,12267898,7020642,10969995,2075886,190900
2022-07-25,661.0652465820312,770.393798828125,1335.1925048828125,1096.2425537109375,2787.00830078125,16631.0,698.2999877929688,800.9000244140625,1503.5999755859375,1117.01416015625,3166.75,16631.0,702.2999877929688,817.7999877929688,1517.1500244140625,1138.727783203125,3186.449951171875,16706.05078125,691.6500244140625,797.0999755859375,1480.0999755859375,1108.984130859375,3149.10009765625,16564.25,697.5,803.0,1480.0999755859375,1138.727783203125,3165.0,16662.55078125,10143126,21034148,7859626,23110452,1797504,211400
2022-07-26,659.7162475585938,765.968994140625,1288.616943359375,1096.74072265625,2742.256103515625,16483.849609375,696.875,796.2999877929688,1451.1500244140625,1117.5218505859375,3115.89990234375,16483.849609375,701.0,802.7999877929688,1496.6500244140625,1127.8594970703125,3168.89990234375,16636.099609375,693.1500244140625,791.6500244140625,1445.0,1112.837646484375,3096.5,16463.30078125,698.0,801.5999755859375,1496.6500244140625,1117.3372802734375,3164.699951171875,16632.900390625,8527964,7374145,7268273,11303288,2639367,208200
2022-07-27,664.7572631835938,770.0090942382812,1306.2880859375,1095.69921875,2806.45849609375,16641.80078125,702.2000122070312,800.5,1471.050048828125,1116.46044921875,3188.85009765625,16641.80078125,703.0,803.7999877929688,1473.0,1120.06005859375,3194.10009765625,16653.44921875,692.125,794.6500244140625,1445.0,1108.5225830078125,3110.0,16438.75,694.4500122070312,795.0,1451.0,1116.8065185546875,3115.0,16475.349609375,9212778,9536564,4517285,8655086,1389808,185200
2022-07-28,670.650390625,783.572021484375,1347.44677734375,1112.86474609375,2869.5166015625,16929.599609375,708.4249877929688,814.5999755859375,1517.4000244140625,1133.9512939453125,3260.5,16929.599609375,712.0,815.5,1524.449951171875,1138.95849609375,3264.0,16947.650390625,705.5,805.2999877929688,1489.8499755859375,1117.2911376953125,3201.64990234375,16746.25,707.5250244140625,806.9500122070312,1496.4000244140625,1124.213623046875,3216.0,16774.849609375,17420406,11124518,6636841,12496073,2106333,376300
2022-07-29,678.8627319335938,787.4196166992188,1376.1290283203125,1136.57470703125,2905.952392578125,17158.25,717.0999755859375,818.5999755859375,1549.699951171875,1158.1107177734375,3301.89990234375,17158.25,719.2999877929688,823.4000244140625,1555.699951171875,1161.6412353515625,3317.300048828125,17172.80078125,707.6500244140625,808.0,1528.0,1137.1356201171875,3275.0,17018.150390625,719.0,820.6500244140625,1532.800048828125,1142.0736083984375,3290.0,17079.5,20019736,11095993,7009465,15130683,2430257,436100
2022-08-01,684.5191650390625,792.0369262695312,1377.3280029296875,1166.19580078125,2903.223388671875,17340.05078125,723.0750122070312,823.4000244140625,1551.050048828125,1188.2928466796875,3298.800048828125,17340.05078125,724.2249755859375,825.0,1564.0,1194.2462158203125,3327.0,17356.25,715.0250244140625,817.2999877929688,1537.9000244140625,1157.2569580078125,3271.0,17154.80078125,719.5,820.7000122070312,1564.0,1162.5872802734375,3327.0,17243.19921875,13193036,7974903,2983249,15700044,1306913,381500
2022-08-02,676.9931030273438,786.6019897460938,1370.7122802734375,1170.6341552734375,2897.062744140625,17345.44921875,715.125,817.75,1543.5999755859375,1192.8155517578125,3291.800048828125,17345.44921875,722.2999877929688,822.0,1547.0,1203.499267578125,3312.89990234375,17390.150390625,711.5250244140625,812.2000122070312,1528.3499755859375,1182.1549072265625,3271.64990234375,17215.849609375,721.0,820.0,1546.550048828125,1187.2083740234375,3290.0,17310.150390625,15036510,11106772,4374635,13917913,1269114,333600
2022-08-03,678.5787353515625,793.383544921875,1390.6922607421875,1180.4625244140625,2939.043212890625,17388.150390625,716.7999877929688,824.7999877929688,1566.0999755859375,1202.830078125,3339.5,17388.150390625,717.875,828.0,1570.0,1204.5145263671875,3349.0,17407.5,708.5,811.5499877929688,1539.9000244140625,1184.8778076171875,3277.050048828125,17225.849609375,712.4749755859375,817.75,1549.0,1199.8995361328125,3280.0,17349.25,10975498,11073975,6011955,14250977,2895824,285400
2022-08-04,677.7741088867188,789.0067749023438,1420.70654296875,1164.8594970703125,2952.640625,17382.0,715.9500122070312,820.25,1599.9000244140625,1186.931396484375,3354.949951171875,17382.0,723.3499755859375,829.9500122070312,1603.8499755859375,1208.0911865234375,3387.89990234375,17490.69921875,706.4749755859375,808.3499755859375,1574.949951171875,1169.902099609375,3307.35009765625,17161.25,720.0,824.0,1587.5,1204.5145263671875,3350.0,17463.099609375,12012206,11113742,7402209,14467127,2150567,325000
2022-08-05,675.4783935546875,806.2730712890625,1435.5806884765625,1147.6939697265625,2961.529296875,17397.5,713.5250244140625,838.2000122070312,1616.6500244140625,1169.4405517578125,3365.050048828125,17397.5,718.4749755859375,840.9000244140625,1625.699951171875,1190.11572265625,3377.0,17474.400390625,710.5750122070312,823.0999755859375,1602.300048828125,1166.18701171875,3355.0,17348.75,716.5,823.0999755859375,1608.4000244140625,1188.8236083984375,3361.199951171875,17423.650390625,9268982,16056522,5361971,13942438,1106933,355300
2022-08-08,692.0452880859375,809.9019165039062,1438.022705078125,1162.708251953125,2969.80224609375,17525.099609375,731.0250244140625,836.9500122070312,1619.4000244140625,1184.7392578125,3374.449951171875,17525.099609375,732.25,842.2999877929688,1622.0,1192.307861328125,3378.89990234375,17548.80078125,713.5499877929688,831.1500244140625,1596.0,1168.0560302734375,3336.0,17359.75,714.0,836.5999755859375,1617.0,1168.0560302734375,3365.0,17401.5,15357736,12142951,3763409,10165178,1068836,257000
2022-08-10,694.0570068359375,821.3204956054688,1422.970947265625,1169.6605224609375,2952.0244140625,17534.75,733.1500244140625,848.75,1602.449951171875,1191.8233642578125,3354.25,17534.75,735.75,853.0,1621.199951171875,1195.2384033203125,3385.0,17566.099609375,724.5250244140625,842.1500244140625,1588.0999755859375,1180.078125,3335.0,17442.80078125,730.6749877929688,842.1500244140625,1621.199951171875,1189.2388916015625,3385.0,17566.099609375,17353102,23658553,4423829,10724688,1878359,312700
2022-08-11,703.23974609375,831.9166870117188,1438.510986328125,1173.5555419921875,3012.09033203125,17659.0,742.8499755859375,859.7000122070312,1619.949951171875,1195.792236328125,3422.5,17659.0,745.5,866.5,1631.3499755859375,1204.4683837890625,3428.699951171875,17719.30078125,737.2750244140625,858.0999755859375,1616.0,1190.7618408203125,3375.050048828125,17631.94921875,743.25,860.0499877929688,1630.0,1201.3302001953125,3400.0,17711.650390625,18301766,22787391,3462090,8198226,1449248,311200
2022-08-12,702.9794311523438,846.1416625976562,1415.55615234375,1192.5328369140625,2993.652099609375,17698.150390625,742.5750122070312,874.4000244140625,1594.0999755859375,1215.1290283203125,3401.550048828125,17698.150390625,744.6500244140625,877.25,1614.0,1218.9825439453125,3419.0,17724.650390625,737.9749755859375,858.5,1590.1500244140625,1191.6849365234375,3381.25,17597.849609375,742.5,863.9500122070312,1613.300048828125,1195.4229736328125,3419.0,17659.650390625,8850370,10792853,3562286,12650587,1472354,303900
2022-08-16,711.0261840820312,850.8348999023438,1417.6429443359375,1200.8212890625,2985.86376953125,17825.25,751.0750122070312,879.25,1596.449951171875,1223.574462890625,3392.699951171875,17825.25,754.25,884.5,1609.0,1226.343505859375,3414.85009765625,17839.099609375,744.0250244140625,876.4000244140625,1591.0999755859375,1212.49853515625,3387.5,17764.05078125,747.4000244140625,881.4500122070312,1609.0,1221.2208251953125,3411.0,17797.19921875,12563756,13804836,3004430,6607378,839942,0
2022-08-17,714.694580078125,854.7056274414062,1426.3453369140625,1207.09423828125,2993.256591796875,17944.25,754.9500122070312,883.25,1606.25,1229.96630859375,3401.10009765625,17944.25,756.375,885.5,1612.0,1235.388916015625,3417.949951171875,17965.94921875,742.875,878.4000244140625,1585.0,1225.535888671875,3371.10009765625,17833.349609375,750.0,881.7999877929688,1596.449951171875,1229.8970947265625,3385.10009765625,17868.150390625,12384350,9058040,4067324,6595965,1622326,262800
2022-08-18,715.5465698242188,856.4957275390625,1405.6549072265625,1209.2833251953125,2975.787109375,17956.5,755.8499755859375,885.0999755859375,1582.949951171875,1228.1895751953125,3381.25,17956.5,756.9500122070312,887.6500244140625,1598.199951171875,1231.7430419921875,3392.0,17968.44921875,749.8250122070312,875.0499877929688,1574.0,1218.451904296875,3362.0,17852.05078125,750.0,880.5499877929688,1594.0999755859375,1227.589599609375,3390.0,17898.650390625,8342138,13137856,4635706,7410035,1430659,263900
2022-08-19,706.7188110351562,842.2708740234375,1418.2203369140625,1187.72216796875,2979.747314453125,17758.44921875,746.5250244140625,870.4000244140625,1597.0999755859375,1206.2913818359375,3385.75,17758.44921875,756.0,886.9000244140625,1604.9000244140625,1228.3741455078125,3421.5,17992.19921875,745.0,864.2999877929688,1585.0999755859375,1202.1839599609375,3371.25,17710.75,755.0,885.0,1585.300048828125,1222.974609375,3387.0,17966.55078125,8063702,10787199,4739884,9460724,1398410,295600
2022-08-22,695.9739990234375,824.7073974609375,1399.172607421875,1184.4278564453125,2952.288818359375,17490.69921875,735.1749877929688,852.25,1575.6500244140625,1202.9454345703125,3354.550048828125,17490.69921875,744.1749877929688,867.4000244140625,1599.0,1214.344482421875,3384.10009765625,17690.05078125,733.8499755859375,849.5999755859375,1574.0,1193.4385986328125,3347.39990234375,17467.349609375,742.4000244140625,865.5499877929688,1586.0,1207.7451171875,3365.0,17682.900390625,8234066,13848023,3950555,9471680,1536532,287600
2022-08-23,693.8202514648438,835.98095703125,1369.646728515625,1202.694580078125,2890.7265625,17577.5,732.9000244140625,863.9000244140625,1542.4000244140625,1221.497802734375,3284.60009765625,17577.5,737.9749755859375,868.0,1554.5,1224.451416015625,3341.89990234375,17625.55078125,725.2000122070312,842.7999877929688,1533.0,1195.9075927734375,3270.0,17345.19921875,726.6500244140625,845.3499755859375,1548.0,1197.130615234375,3319.949951171875,17357.349609375,14966884,13254855,5551574,9678484,1849256,285600
2022-08-24,697.1573486328125,845.0771484375,1365.2955322265625,1199.490966796875,2864.984130859375,17604.94921875,736.4249877929688,873.2999877929688,1537.5,1218.244140625,3255.35009765625,17604.94921875,737.75,875.3499755859375,1546.0,1232.20458984375,3308.0,17623.650390625,729.5999755859375,857.0499877929688,1531.0,1216.213623046875,3250.199951171875,17499.25,730.9500122070312,857.0499877929688,1535.0,1218.40576171875,3292.0,17525.44921875,13455520,10494109,2888426,10369622,1691923,262000
2022-08-25,693.37060546875,844.1578369140625,1348.1129150390625,1195.9920654296875,2832.2890625,17522.44921875,732.4249877929688,872.3499755859375,1518.1500244140625,1214.690673828125,3218.199951171875,17522.44921875,743.4000244140625,881.4500122070312,1548.699951171875,1228.9278564453125,3278.14990234375,17726.5,728.5,866.7000122070312,1513.75,1210.3294677734375,3214.75,17487.44921875,739.9500122070312,873.2999877929688,1548.0,1222.489990234375,3276.0,17679.0,11823040,9827829,4331088,7871946,1946930,230200
2022-08-26,693.4888916015625,842.706298828125,1351.1319580078125,1189.60791015625,2835.8095703125,17558.900390625,732.5499877929688,870.8499755859375,1521.550048828125,1208.20654296875,3222.199951171875,17558.900390625,740.9000244140625,877.5,1544.949951171875,1222.974609375,3257.0,17685.849609375,730.5999755859375,867.2999877929688,1517.449951171875,1203.130126953125,3216.800048828125,17519.349609375,736.0250244140625,874.1500244140625,1535.1500244140625,1215.1290283203125,3234.300048828125,17619.30078125,7706176,5976725,3079136,10742038,1457962,266600
2022-08-29,681.3240966796875,828.1911010742188,1298.030029296875,1180.3609619140625,2756.90966796875,17312.900390625,719.7000122070312,855.8499755859375,1461.75,1198.8150634765625,3132.550048828125,17312.900390625,723.0,861.0,1468.550048828125,1225.2821044921875,3142.699951171875,17380.150390625,714.2999877929688,847.0,1450.0,1189.7696533203125,3081.0,17166.19921875,718.5,850.0499877929688,1468.550048828125,1192.97705078125,3125.0,17188.650390625,8653178,7755134,8079050,19838975,2539173,244900
2022-08-30,703.4290771484375,858.6246948242188,1325.7353515625,1198.673095703125,2826.083740234375,17759.30078125,743.0499877929688,887.2999877929688,1492.949951171875,1217.4134521484375,3211.14990234375,17759.30078125,744.9749755859375,890.75,1496.0999755859375,1220.782470703125,3226.5,17777.650390625,721.5499877929688,859.0999755859375,1466.0,1189.1004638671875,3142.10009765625,17401.5,723.2249755859375,860.5,1473.0999755859375,1206.360595703125,3155.0,17414.94921875,10135400,12544701,6725875,23139054,3431525,324700
2022-09-01,696.8259887695312,846.0932006835938,1300.2052001953125,1163.4346923828125,2756.16162109375,17542.80078125,736.0750122070312,874.3499755859375,1464.199951171875,1181.6241455078125,3131.699951171875,17542.80078125,744.7249755859375,885.7000122070312,1468.0999755859375,1202.1839599609375,3190.0,17695.599609375,729.5,863.0,1451.050048828125,1177.1475830078125,3121.0,17468.44921875,732.375,863.0,1460.050048828125,1191.892578125,3190.0,17485.69921875,22403136,15877583,8140604,19909939,3546935,308500
2022-09-02,703.1450805664062,844.206298828125,1290.2598876953125,1149.8482666015625,2755.017333984375,17539.44921875,742.75,872.4000244140625,1453.0,1167.8253173828125,3130.39990234375,17539.44921875,745.25,881.2999877929688,1478.0,1188.5235595703125,3163.0,17643.849609375,732.5999755859375,867.0,1448.0,1165.610107421875,3120.300048828125,17476.44921875,736.0750122070312,874.0999755859375,1478.0,1181.6241455078125,3163.0,17598.400390625,12038086,8401284,5175653,12999345,2052900,256300
2022-09-05,707.6654663085938,853.9314575195312,1297.6302490234375,1167.7060546875,2757.657958984375,17665.80078125,747.5250244140625,882.4500122070312,1461.300048828125,1185.9622802734375,3133.39990234375,17665.80078125,749.5,885.9000244140625,1467.0,1191.36181640625,3147.949951171875,17683.150390625,742.0499877929688,871.5499877929688,1446.3499755859375,1168.0560302734375,3112.25,17540.349609375,743.0499877929688,871.5499877929688,1451.0,1168.0560302734375,3123.64990234375,17546.44921875,12131932,8744999,3669352,11327815,2147912,230300
2022-09-06,704.9674682617188,855.0927124023438,1292.12451171875,1179.9974365234375,2752.0693359375,17655.599609375,744.6749877929688,883.6500244140625,1455.0999755859375,1198.44580078125,3127.050048828125,17655.599609375,753.3250122070312,889.9500122070312,1470.0,1202.6685791015625,3140.85009765625,17764.650390625,743.2249755859375,878.0999755859375,1445.449951171875,1186.9775390625,3106.35009765625,17587.650390625,749.4500122070312,882.5,1461.300048828125,1187.4390869140625,3135.5,17695.69921875,12238696,9879326,3428442,10899618,1936453,251200
2022-09-07,701.63037109375,847.8834838867188,1294.38916015625,1173.1361083984375,2771.9150390625,17624.400390625,741.1500244140625,876.2000122070312,1457.6500244140625,1191.4771728515625,3149.60009765625,17624.400390625,745.0,882.6500244140625,1465.75,1197.5458984375,3161.89990234375,17650.75,735.6500244140625,872.5,1438.050048828125,1186.0545654296875,3102.0,17484.30078125,735.6500244140625,878.5499877929688,1440.0,1188.362060546875,3102.0,17519.400390625,9776206,8814960,3600574,7488501,1291534,354100
2022-09-08,708.8724975585938,869.7531127929688,1310.594970703125,1174.7945556640625,2789.56103515625,17798.75,748.7999877929688,898.7999877929688,1475.9000244140625,1193.16162109375,3169.64990234375,17798.75,750.0,900.7999877929688,1481.0999755859375,1198.9765625,3183.5,17807.650390625,741.0750122070312,885.5,1463.5999755859375,1186.51611328125,3160.10009765625,17691.94921875,745.0499877929688,885.5,1475.0,1194.4769287109375,3170.0,17748.150390625,11164690,12163106,4061475,7057077,1346113,279800
2022-09-09,709.3458251953125,872.1239013671875,1342.3409423828125,1167.4788818359375,2831.8046875,17833.349609375,749.2999877929688,901.25,1511.6500244140625,1185.7315673828125,3217.64990234375,17833.349609375,754.5,911.9500122070312,1520.0,1204.5145263671875,3233.5,17925.94921875,747.0250244140625,897.7000122070312,1480.0,1183.2855224609375,3168.5,17786.0,748.0999755859375,910.1500244140625,1488.0,1204.5145263671875,3195.0,17923.349609375,15128888,9936230,4816910,8314850,1561185,270300
2022-09-12,706.9554443359375,877.881591796875,1364.1409912109375,1180.542724609375,2854.071044921875,17936.349609375,746.7750244140625,907.2000122070312,1536.199951171875,1198.9996337890625,3242.949951171875,17936.349609375,752.0,908.9000244140625,1545.9000244140625,1205.4376220703125,3269.800048828125,17980.55078125,745.0,902.7999877929688,1521.1500244140625,1186.308349609375,3225.0,17889.150390625,750.0,905.0499877929688,1525.800048828125,1186.308349609375,3239.89990234375,17890.849609375,11080492,6016978,5494819,7435419,1785928,228200
2022-09-13,716.2091674804688,880.5911254882812,1371.9111328125,1190.403076171875,2842.101806640625,18070.05078125,756.5499877929688,910.0,1544.949951171875,1209.01416015625,3229.35009765625,18070.05078125,757.9500122070312,913.9500122070312,1553.0,1213.6060791015625,3263.449951171875,18088.30078125,749.2750244140625,905.2999877929688,1541.300048828125,1200.361083984375,3225.0,18015.44921875,749.4500122070312,913.9500122070312,1551.9000244140625,1208.20654296875,3263.449951171875,18044.44921875,13001966,10400475,4947158,8888657,1972678,259900
2022-09-14,723.5696411132812,888.4292602539062,1310.15087890625,1176.135009765625,2746.216552734375,18003.75,764.3250122070312,918.0999755859375,1475.4000244140625,1194.5230712890625,3120.39990234375,18003.75,769.4500122070312,922.25,1498.949951171875,1204.5145263671875,3141.39990234375,18091.55078125,746.1749877929688,898.0499877929688,1472.0,1187.32373046875,3113.800048828125,17771.150390625,747.0250244140625,898.25,1497.0,1188.362060546875,3135.0,17771.150390625,20219760,14712947,14332197,8678219,5090269,365900
2022-09-15,719.8065795898438,887.9454956054688,1272.322265625,1164.479736328125,2732.091552734375,17877.400390625,760.3499755859375,917.5999755859375,1432.800048828125,1182.6856689453125,3104.35009765625,17877.400390625,770.4749755859375,936.6500244140625,1475.199951171875,1201.537841796875,3137.75,18096.150390625,756.0,915.75,1429.050048828125,1179.939697265625,3100.0,17861.5,765.0,920.0,1475.0,1192.0540771484375,3130.0,18046.349609375,13539372,16253099,12784100,10365600,2138023,289600
2022-09-16,706.5767822265625,879.7200927734375,1222.8165283203125,1135.625732421875,2647.91162109375,17530.849609375,746.375,909.0999755859375,1377.050048828125,1153.38037109375,3008.699951171875,17530.849609375,757.3499755859375,917.5999755859375,1425.0,1178.2091064453125,3094.35009765625,17820.05078125,741.5,905.2000122070312,1368.3499755859375,1149.5960693359375,3000.0,17497.25,751.5499877929688,914.9000244140625,1425.0,1173.940185546875,3076.0,17796.80078125,20560046,11966860,20464045,20217708,5322221,468500
2022-09-19,711.2391357421875,870.1400756835938,1234.58251953125,1137.1024169921875,2665.6005859375,17622.25,751.2999877929688,899.2000122070312,1390.300048828125,1154.8802490234375,3028.800048828125,17622.25,757.0,912.5,1406.0,1164.2255859375,3042.0,17667.19921875,740.0,895.3499755859375,1380.5999755859375,1145.142578125,2987.800048828125,17429.69921875,744.5,904.9500122070312,1392.0,1153.38037109375,3036.0,17540.650390625,12076038,11235656,6595241,7580254,2072220,258300
2022-09-20,719.8065795898438,887.1229858398438,1233.0284423828125,1137.2841796875,2675.72119140625,17816.25,760.3499755859375,916.75,1388.550048828125,1155.0648193359375,3040.300048828125,17816.25,762.0,922.5,1413.550048828125,1171.148193359375,3079.949951171875,17919.30078125,754.9500122070312,907.3499755859375,1385.0999755859375,1151.3035888671875,3030.0,17744.400390625,757.0,909.2000122070312,1407.949951171875,1164.1102294921875,3050.0,17770.400390625,10781668,12090663,7219797,8411448,1544295,263100
2022-09-21,718.6942138671875,885.6714477539062,1222.9940185546875,1140.4195556640625,2641.310302734375,17718.349609375,759.1749877929688,915.25,1377.25,1158.249267578125,3001.199951171875,17718.349609375,760.75,917.0,1388.800048828125,1168.9791259765625,3041.39990234375,17838.69921875,752.5,905.6500244140625,1368.4000244140625,1151.442138671875,2998.14990234375,17663.599609375,754.0,912.0,1379.9000244140625,1152.249755859375,3028.0,17766.349609375,9072304,8917640,7917054,9207309,2253818,245500
2022-09-22,703.3817138671875,874.2044067382812,1214.73583984375,1129.673095703125,2646.767333984375,17629.80078125,743.0,903.4000244140625,1367.949951171875,1147.334716796875,3007.39990234375,17629.80078125,755.0750122070312,911.7000122070312,1383.949951171875,1155.134033203125,3029.949951171875,17722.75,741.375,895.2999877929688,1360.0,1140.873779296875,2979.300048828125,17532.44921875,751.0,906.0,1366.3499755859375,1147.28857421875,2990.0,17609.650390625,12048144,11125669,9168498,10308170,2017983,284100
2022-09-23,684.5191650390625,853.7378540039062,1212.515625,1108.498291015625,2624.457275390625,17327.349609375,723.0750122070312,882.25,1365.449951171875,1125.828857421875,2982.050048828125,17327.349609375,737.5,904.9000244140625,1394.800048828125,1151.8804931640625,3022.5,17642.150390625,718.5,878.75,1362.0,1124.259765625,2979.0,17291.650390625,736.1749877929688,901.7000122070312,1367.5,1146.8271484375,3004.0,17593.849609375,15806252,15927517,10426200,9528051,2652374,390800
2022-09-26,675.2890625,833.2229614257812,1225.6580810546875,1080.257568359375,2635.325439453125,17016.30078125,713.3250122070312,861.0499877929688,1380.25,1097.1466064453125,2994.39990234375,17016.30078125,718.2249755859375,877.9000244140625,1399.449951171875,1115.8143310546875,3025.85009765625,17196.400390625,709.0,859.2000122070312,1355.0,1096.13134765625,2926.10009765625,16978.30078125,712.6749877929688,870.0,1360.0,1104.8536376953125,2959.85009765625,17156.30078125,8923486,14208640,9414587,12479523,2925489,492000
2022-09-27,669.2303466796875,824.9977416992188,1237.468505859375,1088.8455810546875,2655.61181640625,17007.400390625,706.9249877929688,852.5499877929688,1393.550048828125,1105.8690185546875,3017.449951171875,17007.400390625,720.0,874.8499755859375,1406.5,1119.5986328125,3025.0,17176.44921875,703.5,848.5999755859375,1378.0,1089.185791015625,2976.0,16942.349609375,716.2000122070312,864.9500122070312,1393.449951171875,1104.83056640625,3009.39990234375,17110.900390625,12639700,12493809,8561254,16154822,2227447,359900
2022-09-28,657.728271484375,822.0462646484375,1238.4896240234375,1059.8551025390625,2671.62939453125,16858.599609375,694.7750244140625,849.5,1394.699951171875,1076.42529296875,3035.64990234375,16858.599609375,705.2999877929688,863.25,1405.8499755859375,1097.4466552734375,3049.949951171875,17037.599609375,692.9500122070312,844.0,1377.0,1073.956298828125,2980.0,16820.400390625,703.0,844.0,1379.0,1089.3011474609375,2980.0,16870.55078125,11816132,11411458,7022098,16997059,2739767,323900
2022-09-29,654.3201293945312,816.6273193359375,1241.9971923828125,1056.6063232421875,2637.878173828125,16818.099609375,691.1749877929688,843.9000244140625,1398.6500244140625,1073.1256103515625,2997.300048828125,16818.099609375,701.0999755859375,861.5999755859375,1409.8499755859375,1092.600830078125,3055.85009765625,17026.05078125,689.4000244140625,841.0999755859375,1393.0,1067.4490966796875,2990.0,16788.599609375,698.1500244140625,858.0,1404.9000244140625,1089.1396484375,3054.0,16993.599609375,14410388,13803629,6119965,14671827,2493902,340000
2022-09-30,672.7802734375,834.142333984375,1255.1395263671875,1080.4393310546875,2644.2587890625,17094.349609375,710.6749877929688,862.0,1413.449951171875,1097.331298828125,3004.550048828125,17094.349609375,715.7249755859375,867.0499877929688,1419.300048828125,1108.5225830078125,3019.699951171875,17187.099609375,682.5,837.5,1376.0,1066.526123046875,2950.10009765625,16747.69921875,689.4000244140625,843.9000244140625,1388.949951171875,1066.526123046875,2990.85009765625,16798.05078125,15781756,13175031,8120130,18613024,2817353,376100
2022-10-03,668.922607421875,820.9334716796875,1237.64599609375,1076.6905517578125,2627.0087890625,16887.349609375,706.5999755859375,848.3499755859375,1393.75,1093.52392578125,2984.949951171875,16887.349609375,708.9249877929688,860.9500122070312,1412.0,1115.4219970703125,3020.699951171875,17114.650390625,700.5499877929688,845.7000122070312,1386.0,1090.524169921875,2974.0,16855.55078125,704.9749755859375,859.7000122070312,1412.0,1103.6768798828125,2995.0,17102.099609375,11541112,8232026,4943169,11852723,1763331,278400
2022-10-04,687.7615966796875,839.6097412109375,1269.3031005859375,1096.5477294921875,2720.474365234375,17274.30078125,726.5,867.6500244140625,1429.4000244140625,1113.69140625,3091.14990234375,17274.30078125,729.0,872.6500244140625,1432.25,1115.9066162109375,3098.0,17287.30078125,713.0750122070312,860.0999755859375,1414.0,1103.0538330078125,3023.0,17117.30078125,714.75,865.0,1419.699951171875,1106.5843505859375,3029.949951171875,17147.44921875,11538526,8975095,6631341,8948850,2145875,226000
2022-10-06,680.1881103515625,856.83447265625,1292.169189453125,1100.591796875,2729.9794921875,17331.80078125,718.5,885.4500122070312,1455.1500244140625,1117.7987060546875,3101.949951171875,17331.80078125,731.2999877929688,891.7000122070312,1459.800048828125,1130.674560546875,3124.0,17428.80078125,717.0999755859375,873.0499877929688,1444.0999755859375,1115.975830078125,3092.449951171875,17315.650390625,729.9749755859375,873.0499877929688,1445.0,1120.983154296875,3111.0,17379.25,12549198,12116698,6180672,13352162,1790816,265500
2022-10-07,677.25341796875,854.0281982421875,1288.661376953125,1105.2493896484375,2697.37158203125,17314.650390625,715.4000244140625,882.5499877929688,1451.199951171875,1122.5291748046875,3064.89990234375,17314.650390625,717.4749755859375,884.5,1457.8499755859375,1127.8594970703125,3105.0,17337.349609375,710.1749877929688,872.7999877929688,1440.1500244140625,1114.360595703125,3058.10009765625,17216.94921875,715.125,877.2000122070312,1446.3499755859375,1114.360595703125,3097.39990234375,17287.19921875,13297994,9705750,3994466,7714340,1939879,216300
2022-10-10,669.774658203125,853.254150390625,1298.8291015625,1093.1851806640625,2744.58837890625,17241.0,707.5,881.75,1462.6500244140625,1110.2763671875,3118.550048828125,17241.0,713.0,889.7999877929688,1465.0,1115.7220458984375,3127.0,17280.150390625,699.0999755859375,870.7000122070312,1426.3499755859375,1102.0616455078125,3005.0,17064.69921875,704.0,872.0,1426.3499755859375,1109.9071044921875,3010.0,17094.349609375,13109302,7357588,5274677,6329527,3064063,234000
2022-10-11,662.9822998046875,842.46435546875,1264.3302001953125,1071.419677734375,2701.464599609375,16983.55078125,700.3250122070312,870.5999755859375,1423.800048828125,1088.17041015625,3069.550048828125,16983.55078125,708.5,883.25,1479.6500244140625,1114.060546875,3145.0,17261.80078125,699.7249755859375,865.4500122070312,1420.0999755859375,1085.0322265625,3053.35009765625,16950.30078125,700.5499877929688,883.25,1462.6500244140625,1114.060546875,3100.0,17256.05078125,14521620,11130051,12824774,9215177,4730645,282600
2022-10-12,667.3133544921875,840.287109375,1268.6815185546875,1079.303466796875,2728.923095703125,17123.599609375,704.9000244140625,868.3499755859375,1428.699951171875,1096.177490234375,3100.75,17123.599609375,707.4249877929688,871.7000122070312,1441.0999755859375,1099.1541748046875,3109.89990234375,17142.349609375,698.6500244140625,861.5,1413.550048828125,1081.3402099609375,3062.050048828125,16960.05078125,701.5999755859375,867.9500122070312,1437.0,1085.4476318359375,3084.89990234375,17025.55078125,9225050,14557532,5481467,7417103,1665247,256000
2022-10-13,659.645263671875,826.0137329101562,1260.8671875,1082.7340087890625,2731.167236328125,17014.349609375,696.7999877929688,853.5999755859375,1419.9000244140625,1099.661865234375,3103.300048828125,17014.349609375,703.125,865.4500122070312,1437.949951171875,1104.83056640625,3110.0,17112.349609375,692.0,850.5,1415.0,1089.185791015625,3052.35009765625,16956.94921875,701.0250244140625,862.3499755859375,1431.0,1094.4007568359375,3100.75,17087.349609375,14714234,11563124,4821514,7328492,2054781,266400
2022-10-14,681.1348266601562,842.125732421875,1309.1298828125,1077.23583984375,2727.514892578125,17185.69921875,719.5,870.25,1474.25,1094.07763671875,3099.14990234375,17185.69921875,723.5,883.7999877929688,1494.0,1115.1451416015625,3150.0,17348.55078125,707.625,868.5499877929688,1467.25,1093.3392333984375,3071.0,17169.75,708.5,883.7999877929688,1485.0,1114.5220947265625,3145.0,17322.30078125,12849920,8199540,14990688,9106089,2245977,227000
2022-10-17,684.70849609375,856.5925903320312,1323.0712890625,1094.525634765625,2745.691650390625,17311.80078125,723.2750244140625,885.2000122070312,1489.949951171875,1111.6376953125,3111.75,17311.80078125,728.7999877929688,887.5,1495.0,1114.060546875,3128.39990234375,17328.55078125,713.5,868.5499877929688,1475.5,1081.571044921875,3071.449951171875,17098.55078125,717.5,872.0,1476.9000244140625,1086.8321533203125,3072.64990234375,17144.80078125,18410500,8936947,4286396,16729355,1517005,212200
2022-10-18,683.430419921875,867.9144897460938,1335.28125,1113.83740234375,2774.765625,17486.94921875,721.9249877929688,896.9000244140625,1503.699951171875,1131.25146484375,3144.699951171875,17486.94921875,731.4500122070312,900.7000122070312,1510.949951171875,1136.674072265625,3155.35009765625,17527.80078125,720.0,891.1500244140625,1497.25,1116.8988037109375,3128.550048828125,17434.05078125,729.0250244140625,896.0499877929688,1510.0,1117.7525634765625,3150.0,17438.75,10561108,8097552,4692004,12415820,1793722,239500
2022-10-19,690.4359130859375,863.2695922851562,1319.0753173828125,1133.2174072265625,2754.603271484375,17512.25,729.3250122070312,892.0999755859375,1485.449951171875,1150.9344482421875,3121.85009765625,17512.25,738.7000122070312,900.6500244140625,1504.949951171875,1166.6024169921875,3159.0,17607.599609375,726.7000122070312,885.5499877929688,1481.300048828125,1126.8441162109375,3112.0,17472.849609375,732.0,900.0499877929688,1504.0,1132.7513427734375,3159.0,17568.150390625,12967040,5529462,3553171,19247142,1194289,210500
2022-10-20,685.7734985351562,859.9310913085938,1332.794921875,1136.2618408203125,2785.883544921875,17563.94921875,724.4000244140625,888.6500244140625,1500.9000244140625,1154.0264892578125,3157.300048828125,17563.94921875,726.4500122070312,893.2999877929688,1504.0,1162.51806640625,3160.0,17584.150390625,721.25,880.0999755859375,1474.199951171875,1146.8271484375,3105.0,17421.0,722.0,889.7000122070312,1475.0,1146.8271484375,3105.0,17423.099609375,7898078,8107159,4583939,8717053,1587601,249600
2022-10-21,680.9454345703125,877.833251953125,1332.439697265625,1123.084228515625,2768.32470703125,17576.30078125,719.2999877929688,907.1500244140625,1500.5,1140.6429443359375,3137.39990234375,17576.30078125,728.8250122070312,910.0,1506.0,1161.5028076171875,3160.39990234375,17670.150390625,717.0,885.7000122070312,1491.3499755859375,1138.5201416015625,3127.0,17520.75,726.0,888.0,1500.300048828125,1157.3031005859375,3157.800048828125,17622.849609375,10492606,17022807,3594485,8243452,1021913,277700
2022-10-24,691.5719604492188,896.3643188476562,1347.846435546875,1126.8331298828125,2789.765380859375,17730.75,730.5250244140625,926.2999877929688,1517.8499755859375,1144.4503173828125,3161.699951171875,17730.75,731.5,933.5,1521.800048828125,1154.9033203125,3178.0,17777.55078125,727.1500244140625,917.5999755859375,1511.0,1133.12060546875,3155.0,17707.400390625,727.1500244140625,925.0,1518.5,1135.28955078125,3170.10009765625,17736.349609375,2167794,4390050,982837,3370033,260949,45000
2022-10-25,686.7675170898438,895.1547241210938,1355.35009765625,1109.4296875,2790.11865234375,17656.349609375,725.4500122070312,925.0499877929688,1526.300048828125,1126.77490234375,3162.10009765625,17656.349609375,733.9000244140625,943.25,1532.9000244140625,1153.2880859375,3184.25,17811.5,722.5,922.9500122070312,1521.050048828125,1125.1365966796875,3151.14990234375,17637.0,730.5499877929688,942.0499877929688,1528.0999755859375,1153.2880859375,3180.5,17808.30078125,13773394,15838120,3914341,12233241,2069643,251400
2022-10-27,688.4241943359375,894.5257568359375,1368.052490234375,1113.7919921875,2785.9716796875,17736.94921875,727.2000122070312,924.4000244140625,1523.949951171875,1131.205322265625,3157.39990234375,17736.94921875,733.6749877929688,933.7000122070312,1534.9000244140625,1139.1893310546875,3174.0,17783.900390625,725.625,920.25,1512.5,1122.73681640625,3134.35009765625,17654.5,732.25,926.0499877929688,1530.800048828125,1134.3665771484375,3160.699951171875,17771.400390625,15937276,16080842,6760137,12513059,2438421,324600
2022-10-28,690.4595336914062,878.5106201171875,1358.4471435546875,1147.8717041015625,2791.133056640625,17786.80078125,729.3499755859375,907.8499755859375,1513.25,1165.81787109375,3163.25,17786.80078125,733.5,927.5,1527.949951171875,1169.902099609375,3178.5,17838.900390625,723.7000122070312,901.0,1507.0,1135.0357666015625,3145.0,17723.69921875,725.0,918.0,1526.0,1137.5970458984375,3150.0,17756.400390625,10474278,9854094,3053981,17609592,1355739,250000
2022-10-31,708.4464721679688,879.3331909179688,1380.35107421875,1158.5272216796875,2817.515869140625,18012.19921875,748.3499755859375,908.7000122070312,1537.6500244140625,1176.6400146484375,3193.14990234375,18012.19921875,749.0,917.0499877929688,1546.4000244140625,1181.8780517578125,3199.0,18022.80078125,733.625,904.5999755859375,1530.25,1168.60986328125,3177.800048828125,17899.900390625,736.0,912.5999755859375,1530.25,1172.671142578125,3199.0,17910.19921875,12830528,9000840,4542336,12419943,1919414,227200
2022-11-01,716.2802734375,879.236328125,1412.0845947265625,1149.5528564453125,2876.237060546875,18145.400390625,756.625,908.5999755859375,1573.0,1167.525390625,3259.699951171875,18145.400390625,764.5,921.0,1575.0,1199.8995361328125,3262.60009765625,18175.80078125,749.4500122070312,899.5499877929688,1547.0999755859375,1157.441650390625,3203.449951171875,18060.150390625,751.75,921.0,1553.050048828125,1199.8995361328125,3214.5,18130.69921875,19073756,9823761,4542692,13963166,2991060,349900
2022-11-02,716.7298583984375,875.46240234375,1394.400146484375,1156.7322998046875,2860.3544921875,18082.849609375,757.0999755859375,904.7000122070312,1553.300048828125,1174.8170166015625,3241.699951171875,18082.849609375,764.125,920.75,1572.75,1176.9168701171875,3270.0,18178.75,755.7999877929688,902.3499755859375,1545.0,1160.672119140625,3222.050048828125,18048.650390625,758.5,920.5999755859375,1572.0,1168.656005859375,3270.0,18177.900390625,12720406,7690974,2938906,8981896,1405955,270900
2022-11-03,713.5822143554688,879.2847900390625,1374.15673828125,1161.0491943359375,2829.516357421875,18052.69921875,753.7750244140625,908.6500244140625,1530.75,1179.2012939453125,3206.75,18052.69921875,760.125,913.8499755859375,1543.9000244140625,1181.23193359375,3228.050048828125,18106.30078125,748.5,897.0499877929688,1521.6500244140625,1165.3101806640625,3195.0,17959.19921875,748.8499755859375,901.0499877929688,1538.75,1167.525390625,3228.050048828125,17968.349609375,10332352,9022366,3174027,6693449,1422652,213000
2022-11-04,708.6594848632812,876.04296875,1359.120361328125,1178.1343994140625,2838.9130859375,18117.150390625,748.5750122070312,905.2999877929688,1514.0,1196.5537109375,3217.39990234375,18117.150390625,758.0499877929688,913.4000244140625,1520.449951171875,1199.8995361328125,3220.050048828125,18135.099609375,744.7999877929688,900.2000122070312,1501.1500244140625,1177.332275390625,3166.14990234375,18017.150390625,751.5999755859375,906.2999877929688,1520.449951171875,1178.6243896484375,3217.0,18053.400390625,10818060,7099336,4509682,12575815,1464013,267900
2022-11-07,714.1738891601562,887.8487548828125,1353.240234375,1184.4278564453125,2853.2958984375,18202.80078125,754.4000244140625,917.5,1507.449951171875,1202.9454345703125,3233.699951171875,18202.80078125,756.0,920.0999755859375,1527.9000244140625,1204.653076171875,3242.800048828125,18255.5,746.0499877929688,903.4500122070312,1491.0999755859375,1187.900634765625,3195.10009765625,18064.75,755.0,910.25,1521.4000244140625,1195.74609375,3229.0,18211.75,9835834,11100219,4898592,11789748,1474498,314800
2022-11-09,713.9608764648438,881.074951171875,1356.606689453125,1183.2464599609375,2837.72216796875,18157.0,754.1749877929688,910.5,1511.199951171875,1201.74560546875,3216.050048828125,18157.0,758.9749755859375,921.9000244140625,1529.0,1210.029541015625,3249.800048828125,18296.400390625,752.0,905.75,1501.0999755859375,1195.3076171875,3201.64990234375,18117.5,757.5250244140625,920.0,1529.0,1204.653076171875,3249.800048828125,18288.25,9269790,11590409,3334755,11254205,1162267,307200
2022-11-10,721.7235717773438,881.2684936523438,1348.3028564453125,1168.93310546875,2828.54541015625,18028.19921875,762.375,910.7000122070312,1501.949951171875,1187.2083740234375,3205.64990234375,18028.19921875,763.5,912.9500122070312,1512.0,1198.307373046875,3225.0,18103.099609375,747.5250244140625,903.9500122070312,1485.0,1182.8240966796875,3170.0,17969.400390625,748.5499877929688,907.5499877929688,1485.0,1195.2845458984375,3170.0,18044.349609375,12774182,10009741,3435763,5966242,1573092,256500
2022-11-11,762.6201171875,877.2525634765625,1409.4813232421875,1195.878662109375,2925.869873046875,18349.69921875,805.5750122070312,906.5499877929688,1570.0999755859375,1214.5753173828125,3315.949951171875,18349.69921875,818.5,928.0,1573.5,1216.5135498046875,3341.60009765625,18362.30078125,769.0,903.5,1546.6500244140625,1194.361572265625,3255.050048828125,18259.349609375,772.5,925.9000244140625,1546.6500244140625,1199.8995361328125,3269.60009765625,18272.349609375,56722338,17921457,7214098,12310132,3265394,378500
2022-11-14,764.4661254882812,866.0275268554688,1423.12646484375,1190.0849609375,2943.1201171875,18329.150390625,807.5250244140625,894.9500122070312,1585.300048828125,1208.691162109375,3335.5,18329.150390625,814.0,906.5499877929688,1591.4000244140625,1219.2825927734375,3349.0,18399.44921875,799.0,891.25,1568.449951171875,1202.2762451171875,3309.0,18311.400390625,806.0,905.0,1575.1500244140625,1214.0906982421875,3324.0,18376.400390625,19195390,12641308,4908813,9043112,1342074,301400
2022-11-15,766.3358154296875,882.2362060546875,1430.9364013671875,1184.7459716796875,2940.56201171875,18403.400390625,809.5,911.7000122070312,1594.0,1203.2685546875,3332.60009765625,18403.400390625,811.5750122070312,913.6500244140625,1597.8499755859375,1212.0831298828125,3339.949951171875,18427.94921875,802.625,898.7999877929688,1572.75,1195.2845458984375,3292.0,18282.0,811.5750122070312,900.5499877929688,1577.8499755859375,1210.1910400390625,3321.0,18362.75,11030202,15176911,3497614,7086433,1400708,250900
2022-11-16,772.915283203125,884.0747680664062,1438.8363037109375,1177.9527587890625,2960.635498046875,18409.650390625,816.4500122070312,913.5999755859375,1602.800048828125,1196.369140625,3355.35009765625,18409.650390625,821.0,918.0999755859375,1609.0,1207.260498046875,3367.89990234375,18442.150390625,806.0,908.0999755859375,1593.5,1191.2926025390625,3321.449951171875,18344.150390625,809.3250122070312,912.5499877929688,1597.1500244140625,1204.5145263671875,3338.89990234375,18398.25,13578150,13008311,4497697,9716161,1748235,219300
2022-11-17,765.9335327148438,890.0744018554688,1425.01171875,1180.9970703125,2955.031494140625,18343.900390625,809.0750122070312,919.7999877929688,1587.4000244140625,1199.461181640625,3349.0,18343.900390625,815.7750244140625,922.2999877929688,1602.800048828125,1205.8990478515625,3360.0,18417.599609375,806.9500122070312,910.3499755859375,1582.949951171875,1190.6695556640625,3317.75,18312.94921875,809.0499877929688,913.0,1597.199951171875,1192.9539794921875,3340.0,18358.69921875,12100930,12584194,3469515,6661451,1417986,200500
2022-11-18,763.921875,890.6065673828125,1430.3978271484375,1180.3609619140625,2950.13525390625,18307.650390625,806.9500122070312,920.3499755859375,1593.4000244140625,1198.8150634765625,3343.449951171875,18307.650390625,811.5,922.0,1598.0,1204.0531005859375,3362.75,18394.599609375,802.625,910.5499877929688,1575.5,1186.562255859375,3321.0,18209.80078125,810.5,919.7999877929688,1591.699951171875,1203.0146484375,3350.0,18382.94921875,10459232,10874061,3126064,5303197,1164540,198800
2022-11-21,756.088134765625,891.6226196289062,1407.775634765625,1159.117919921875,2897.237060546875,18159.94921875,798.6749877929688,921.4000244140625,1568.199951171875,1177.239990234375,3283.5,18159.94921875,806.0,924.7999877929688,1587.8499755859375,1194.361572265625,3333.699951171875,18262.30078125,795.0999755859375,914.0499877929688,1564.050048828125,1173.6402587890625,3273.0,18133.349609375,803.8250122070312,914.0499877929688,1582.0999755859375,1194.361572265625,3322.5,18246.400390625,8344816,9245704,3071764,6390268,1304194,213800
2022-11-22,754.9757080078125,893.848388671875,1422.902099609375,1165.547607421875,2924.98779296875,18244.19921875,797.5,923.7000122070312,1585.050048828125,1183.7701416015625,3314.949951171875,18244.19921875,802.1749877929688,926.5,1588.0,1185.3623046875,3318.949951171875,18261.849609375,795.5,920.4000244140625,1562.0,1170.5943603515625,3255.25,18137.69921875,800.0,923.75,1569.0,1174.51708984375,3280.0,18179.150390625,8546314,11256509,3399329,6611488,1149739,177700
2022-11-23,756.9400634765625,897.4771728515625,1421.196533203125,1161.912353515625,2919.120361328125,18267.25,799.5750122070312,927.4500122070312,1583.1500244140625,1180.078125,3308.300048828125,18267.25,802.5,931.8499755859375,1592.0,1189.700439453125,3330.0,18325.400390625,797.0,923.7000122070312,1579.300048828125,1177.8629150390625,3291.0,18246.0,802.5,927.0,1588.9000244140625,1188.362060546875,3330.0,18325.19921875,10185738,10959704,3245067,6413408,1150011,178800
2022-11-24,769.2468872070312,908.5087280273438,1463.07421875,1171.9320068359375,2982.517578125,18484.099609375,812.5750122070312,938.8499755859375,1629.800048828125,1190.2542724609375,3380.14990234375,18484.099609375,816.0,940.6500244140625,1636.0,1197.130615234375,3392.949951171875,18529.69921875,799.5750122070312,927.5499877929688,1584.75,1175.993896484375,3308.300048828125,18294.25,802.9749755859375,927.5499877929688,1589.0,1184.2086181640625,3316.25,18326.099609375,17197960,10844395,5282215,9389439,1296591,204000
2022-11-25,765.6968383789062,900.2350463867188,1468.3258056640625,1189.42626953125,2990.89990234375,18512.75,808.8250122070312,930.2999877929688,1635.6500244140625,1208.02197265625,3389.64990234375,18512.75,815.8499755859375,942.9000244140625,1644.0,1211.390869140625,3403.35009765625,18534.900390625,807.0499877929688,927.5,1613.800048828125,1191.638671875,3348.0,18445.099609375,814.8499755859375,940.2999877929688,1631.4000244140625,1194.8231201171875,3383.0,18528.44921875,8410496,9815055,4563255,7349922,1588981,205900
2022-11-28,757.460693359375,907.1055908203125,1457.328857421875,1230.299072265625,2995.8408203125,18562.75,800.125,937.4000244140625,1623.4000244140625,1249.533935546875,3395.25,18562.75,803.7249755859375,943.7999877929688,1653.5,1255.76416015625,3417.0,18614.25,797.0250244140625,923.9500122070312,1620.0,1154.672607421875,3365.550048828125,18365.599609375,801.4500122070312,924.0,1628.0,1204.0069580078125,3366.0,18430.55078125,16105980,9381474,3825766,31527484,2195437,206500
2022-11-29,756.32470703125,916.1534423828125,1462.40087890625,1232.4119873046875,2997.694580078125,18618.05078125,798.9249877929688,946.75,1629.050048828125,1251.6798095703125,3397.35009765625,18618.05078125,806.1749877929688,949.9000244140625,1638.75,1260.656005859375,3429.0,18678.099609375,796.4249877929688,933.5499877929688,1615.050048828125,1243.280517578125,3383.0,18552.150390625,798.625,933.5499877929688,1621.199951171875,1247.8724365234375,3383.0,18552.44921875,12638236,13096845,3131710,11058913,1576028,195300
2022-11-30,761.3421020507812,922.1046752929688,1467.697509765625,1241.1136474609375,2991.914794921875,18758.349609375,804.2249755859375,952.9000244140625,1634.949951171875,1260.517578125,3390.800048828125,18758.349609375,806.4500122070312,958.2000122070312,1645.75,1267.0247802734375,3414.89990234375,18816.05078125,798.5499877929688,941.0,1613.1500244140625,1245.2188720703125,3375.0,18616.55078125,798.5499877929688,948.0499877929688,1619.949951171875,1251.818359375,3383.0,18625.69921875,15184806,20858573,11868134,26164986,3410702,345600
2022-12-01,766.572509765625,909.815185546875,1487.5814208984375,1237.4556884765625,3066.783203125,18812.5,809.75,940.2000122070312,1657.0999755859375,1256.802490234375,3475.64990234375,18812.5,818.5,957.0,1672.5999755859375,1271.4320068359375,3480.0,18887.599609375,807.5,936.25,1652.300048828125,1253.43359375,3420.0,18778.19921875,811.0,956.0,1656.199951171875,1265.3402099609375,3425.0,18871.94921875,20446366,15920653,5407928,9485801,2180856,325000
2022-12-02,760.703125,900.525390625,1470.345703125,1236.93310546875,3034.5771484375,18696.099609375,803.5499877929688,930.5999755859375,1637.9000244140625,1256.271728515625,3439.14990234375,18696.099609375,809.2999877929688,934.5,1661.800048828125,1268.2015380859375,3468.89990234375,18781.94921875,802.5750122070312,926.0999755859375,1633.949951171875,1246.326416015625,3413.0,18639.19921875,805.0,928.25,1656.0,1259.89453125,3458.10009765625,18752.400390625,7811078,14228874,4283343,11589592,2411749,254400
2022-12-05,763.47216796875,903.4283447265625,1472.00634765625,1218.8936767578125,3022.885498046875,18701.05078125,806.4749755859375,933.5999755859375,1639.75,1237.9501953125,3425.89990234375,18701.05078125,807.2999877929688,937.0,1644.8499755859375,1253.7796630859375,3439.14990234375,18728.599609375,798.0999755859375,928.4000244140625,1623.300048828125,1235.8966064453125,3407.0,18591.349609375,804.9749755859375,937.0,1638.0,1251.5875244140625,3433.0,18719.55078125,11592622,10984608,3824966,14828536,1475065,288400
2022-12-06,762.6201171875,892.8323364257812,1447.9029541015625,1222.415283203125,2987.10595703125,18642.75,805.5750122070312,922.6500244140625,1612.9000244140625,1241.52685546875,3385.35009765625,18642.75,806.8499755859375,929.75,1626.0,1244.6650390625,3407.949951171875,18654.900390625,800.0,920.2000122070312,1607.550048828125,1228.051025390625,3368.0,18577.900390625,800.5,925.0,1625.0,1229.9432373046875,3400.050048828125,18600.650390625,12353092,18220912,4822398,8594245,1166999,217800
2022-12-07,762.288818359375,892.348388671875,1441.2598876953125,1204.3758544921875,2982.915283203125,18560.5,805.2249755859375,922.1500244140625,1605.5,1223.205322265625,3380.60009765625,18560.5,809.2999877929688,933.2000122070312,1623.800048828125,1243.7420654296875,3393.699951171875,18668.30078125,802.2249755859375,920.6500244140625,1596.699951171875,1219.351806640625,3354.0,18528.400390625,807.0750122070312,922.0,1608.0,1239.1270751953125,3368.300048828125,18638.849609375,11674720,15675663,4898087,8462111,1167505,200500
2022-12-08,766.572509765625,901.7833251953125,1454.4112548828125,1203.8076171875,2956.39990234375,18609.349609375,809.75,931.9000244140625,1620.1500244140625,1222.62841796875,3350.550048828125,18609.349609375,813.0,933.5499877929688,1623.9000244140625,1229.8970947265625,3380.60009765625,18625.0,802.5,923.7999877929688,1598.5,1218.40576171875,3339.449951171875,18536.94921875,805.0,925.0,1605.5,1227.589599609375,3360.0,18570.849609375,14803634,10136870,4206837,7757008,1285619,202800
2022-12-09,772.0396118164062,899.8480224609375,1408.763427734375,1185.5638427734375,2905.399169921875,18496.599609375,815.5250244140625,929.9000244140625,1569.300048828125,1204.0992431640625,3292.75,18496.599609375,817.4249877929688,934.7999877929688,1628.0,1227.589599609375,3374.10009765625,18664.69921875,810.0,925.0499877929688,1561.0999755859375,1200.7532958984375,3276.35009765625,18410.099609375,813.0,932.0,1628.0,1221.1285400390625,3374.10009765625,18662.400390625,11963384,9575331,8880658,12655763,1797896,215800
2022-12-12,778.0509643554688,900.2350463867188,1388.9239501953125,1187.38134765625,2899.84033203125,18497.150390625,821.875,930.2999877929688,1547.199951171875,1205.9451904296875,3286.449951171875,18497.150390625,826.7999877929688,933.9000244140625,1565.949951171875,1210.5140380859375,3296.0,18521.55078125,810.7000122070312,925.0499877929688,1530.050048828125,1192.97705078125,3236.10009765625,18345.69921875,812.5,925.0499877929688,1550.0,1193.2078857421875,3255.5,18402.150390625,14434808,8493863,8037679,9479842,1527610,193900
2022-12-13,780.2047119140625,902.7994384765625,1411.3216552734375,1192.7886962890625,2940.12060546875,18608.0,824.1500244140625,932.9500122070312,1572.1500244140625,1211.4371337890625,3332.10009765625,18608.0,828.5,935.9000244140625,1577.5,1215.1290283203125,3336.449951171875,18617.25,822.5,927.7999877929688,1541.1500244140625,1202.9915771484375,3267.800048828125,18490.19921875,825.0,929.5,1547.199951171875,1205.9451904296875,3277.199951171875,18524.400390625,17031702,10415140,6135067,8333348,1378016,187600
2022-12-14,786.8076782226562,891.9613647460938,1417.8302001953125,1188.4718017578125,2969.458740234375,18660.30078125,831.125,921.75,1579.4000244140625,1207.0528564453125,3365.35009765625,18660.30078125,832.75,936.0499877929688,1588.5,1217.875,3377.0,18696.099609375,825.0,920.0,1573.0,1204.97607421875,3340.89990234375,18632.900390625,826.5,936.0,1582.0,1217.2750244140625,3348.800048828125,18671.25,14227640,12319827,4976020,7268947,1213311,208000
2022-12-15,772.3945922851562,879.4298706054688,1382.909423828125,1171.5911865234375,2916.29638671875,18414.900390625,815.9000244140625,908.7999877929688,1540.5,1189.9080810546875,3305.10009765625,18414.900390625,834.7000122070312,919.9000244140625,1570.0,1206.822021484375,3364.75,18652.900390625,813.5250244140625,905.0,1535.25,1186.51611328125,3298.949951171875,18387.69921875,828.5250244140625,916.0,1569.300048828125,1201.0533447265625,3358.800048828125,18614.400390625,18182648,8929748,6443866,8688551,1415694,183100
2022-12-16,776.1102905273438,872.8496704101562,1366.4813232421875,1165.797607421875,2859.0751953125,18269.0,819.8250122070312,902.0,1522.199951171875,1184.02392578125,3240.25,18269.0,822.5499877929688,913.7000122070312,1549.5,1208.5758056640625,3292.0,18440.94921875,804.5,899.6500244140625,1512.050048828125,1180.5858154296875,3225.199951171875,18255.150390625,810.0250244140625,905.5,1525.0,1186.51611328125,3275.0,18319.099609375,14647958,9157260,9630453,15837349,2703680,277700
2022-12-19,778.5242919921875,877.1558227539062,1353.1507568359375,1181.1107177734375,2825.368896484375,18420.44921875,822.375,906.4500122070312,1507.3499755859375,1199.5765380859375,3202.050048828125,18420.44921875,823.3250122070312,910.5999755859375,1516.9000244140625,1201.74560546875,3245.5,18431.650390625,813.0999755859375,901.1500244140625,1495.050048828125,1184.5316162109375,3194.5,18244.55078125,822.0,908.0,1507.949951171875,1191.131103515625,3227.0,18288.099609375,9604542,7015083,6222740,7729933,2120965,154800
2022-12-20,773.1519775390625,880.30078125,1353.105712890625,1191.334716796875,2862.33984375,18385.30078125,816.7000122070312,909.7000122070312,1507.300048828125,1209.9603271484375,3243.949951171875,18385.30078125,818.2000122070312,912.4500122070312,1516.0,1211.8985595703125,3249.0,18404.900390625,810.0999755859375,895.7000122070312,1482.449951171875,1184.2086181640625,3163.64990234375,18202.650390625,810.0999755859375,906.0,1501.0,1192.469482421875,3198.89990234375,18340.30078125,7174698,6384331,7396259,7467588,1529971,169000
2022-12-21,765.6732177734375,863.4147338867188,1355.12548828125,1174.3856201171875,2884.046142578125,18199.099609375,808.7999877929688,892.25,1509.550048828125,1192.746337890625,3268.550048828125,18199.099609375,822.4000244140625,915.8499755859375,1521.0,1215.1290283203125,3283.050048828125,18473.349609375,803.2750244140625,887.0,1502.3499755859375,1188.8697509765625,3240.0,18162.75,820.5,910.25,1515.0,1209.591064453125,3249.0,18435.150390625,9269198,11341147,6236361,8527550,1432566,187600
2022-12-22,763.046142578125,861.866455078125,1366.346923828125,1171.3411865234375,2876.237060546875,18127.349609375,806.0250244140625,890.6500244140625,1522.050048828125,1189.654296875,3259.699951171875,18127.349609375,813.75,903.8499755859375,1529.949951171875,1202.0455322265625,3294.0,18318.75,804.5,886.3499755859375,1511.75,1184.5546875,3245.10009765625,18068.599609375,811.0999755859375,900.5,1521.5,1198.9765625,3294.0,18288.80078125,9747096,9788367,6302640,7451122,1384101,195700
2022-12-23,756.2301025390625,850.4962158203125,1343.9490966796875,1136.9888916015625,2848.574951171875,17806.80078125,798.8250122070312,878.9000244140625,1497.0999755859375,1154.764892578125,3228.35009765625,17806.80078125,802.0750122070312,889.6500244140625,1509.9000244140625,1195.515380859375,3266.85009765625,18050.44921875,792.7249755859375,875.2999877929688,1493.0,1150.1729736328125,3217.0,17779.5,793.5,883.0499877929688,1508.699951171875,1182.9625244140625,3217.0,17977.650390625,10693152,11059215,6283822,10257115,1360281,221500
2022-12-26,771.2822265625,864.3340454101562,1348.7071533203125,1146.9173583984375,2870.237060546875,18014.599609375,814.7249755859375,893.2000122070312,1502.4000244140625,1164.8486328125,3252.89990234375,18014.599609375,819.5,897.0,1509.9000244140625,1173.132568359375,3272.0,18084.099609375,795.0,875.25,1496.3499755859375,1150.2421875,3225.050048828125,17774.25,799.75,881.0999755859375,1500.5,1160.5567626953125,3228.35009765625,17830.400390625,9907322,6943159,4115459,5990242,870157,176700
2022-12-27,772.0631713867188,871.5433349609375,1359.8831787109375,1156.30078125,2876.060791015625,18132.30078125,815.5499877929688,900.6500244140625,1514.8499755859375,1174.378662109375,3259.5,18132.30078125,817.9749755859375,902.75,1521.449951171875,1176.270751953125,3273.800048828125,18149.25,806.75,888.2000122070312,1497.5,1160.7874755859375,3231.5,17967.44921875,816.5,897.7000122070312,1509.949951171875,1167.5946044921875,3269.199951171875,18089.80078125,7926772,4994381,4860076,5763271,835883,214300
2022-12-28,771.4479370117188,869.8982543945312,1355.6641845703125,1156.1871337890625,2873.943115234375,18122.5,814.9000244140625,898.9500122070312,1510.1500244140625,1174.2633056640625,3257.10009765625,18122.5,816.5,903.9500122070312,1524.949951171875,1176.7322998046875,3266.10009765625,18173.099609375,811.5499877929688,895.7999877929688,1498.5,1163.671875,3226.0,18068.349609375,811.5499877929688,896.0,1505.0999755859375,1171.28662109375,3249.800048828125,18084.75,8691870,8980300,5029860,7459393,910795,193900
2022-12-29,776.8912963867188,878.7041015625,1362.3072509765625,1155.6644287109375,2884.222412109375,18191.0,820.6500244140625,908.0499877929688,1517.550048828125,1173.7325439453125,3268.75,18191.0,821.75,923.3499755859375,1521.300048828125,1176.31689453125,3271.5,18229.69921875,805.5,889.3499755859375,1501.0,1165.517822265625,3228.0,17992.80078125,810.0499877929688,897.9000244140625,1504.0,1166.2100830078125,3231.10009765625,18045.69921875,11012896,11994220,4624745,6930648,1037927,281100
2022-12-30,770.6668701171875,862.0599365234375,1353.913818359375,1157.4366455078125,2873.590087890625,18105.30078125,814.0750122070312,890.8499755859375,1508.199951171875,1175.5323486328125,3256.699951171875,18105.30078125,822.5,908.5,1530.4000244140625,1189.2850341796875,3299.0,18265.25,810.0,888.5499877929688,1504.050048828125,1172.71728515625,3246.199951171875,18080.30078125,822.5,908.5,1528.0,1174.563232421875,3286.050048828125,18259.099609375,7122640,9688527,5060544,7289476,1163131,192000
2023-01-02,770.9271850585938,873.2850952148438,1368.097412109375,1170.4779052734375,2877.781494140625,18197.44921875,814.3499755859375,902.4500122070312,1524.0,1188.7774658203125,3261.449951171875,18197.44921875,819.875,907.0,1526.5,1190.2081298828125,3266.85009765625,18215.150390625,809.2750244140625,894.0,1504.050048828125,1175.993896484375,3235.199951171875,18086.5,813.5,894.0,1514.0,1176.8245849609375,3261.0,18131.69921875,4381378,4315403,3801140,5316175,709547,256100
2023-01-03,775.96826171875,872.2206420898438,1366.7957763671875,1161.912353515625,2921.811279296875,18232.55078125,819.6749877929688,901.3499755859375,1522.550048828125,1180.078125,3311.35009765625,18232.55078125,821.5,905.9500122070312,1532.6500244140625,1187.4390869140625,3320.0,18251.94921875,811.0999755859375,896.75,1515.0999755859375,1175.809326171875,3245.300048828125,18149.80078125,811.0999755859375,898.5,1519.8499755859375,1183.7701416015625,3252.0,18163.19921875,8378030,5846855,4551130,7658932,1245178,208700
2023-01-04,762.0994873046875,870.0433349609375,1341.8843994140625,1144.418212890625,2924.722900390625,18042.94921875,805.0250244140625,899.0999755859375,1494.800048828125,1162.3104248046875,3314.64990234375,18042.94921875,822.875,907.9000244140625,1521.0,1181.9241943359375,3327.35009765625,18243.0,803.5,894.7999877929688,1491.0999755859375,1160.2105712890625,3286.199951171875,18020.599609375,817.5,899.0,1521.0,1180.0550537109375,3306.699951171875,18230.650390625,10351600,12454582,7059590,9264891,1231668,235200
2023-01-05,757.2003173828125,850.7381591796875,1324.2894287109375,1142.37353515625,2921.590576171875,17992.150390625,799.8499755859375,879.1500244140625,1475.199951171875,1160.233642578125,3311.10009765625,17992.150390625,809.0250244140625,903.0,1505.9000244140625,1170.5482177734375,3337.300048828125,18120.30078125,794.7000122070312,872.0,1469.25,1155.5955810546875,3281.949951171875,17892.599609375,807.5,900.9000244140625,1505.9000244140625,1164.5948486328125,3330.199951171875,18101.94921875,10941436,16547196,9868404,13637099,1826057,269900
2023-01-06,754.6917114257812,841.9805297851562,1300.3209228515625,1152.7562255859375,2833.75146484375,17859.44921875,797.2000122070312,870.0999755859375,1448.5,1170.7789306640625,3211.550048828125,17859.44921875,804.5499877929688,878.9500122070312,1475.0,1175.8785400390625,3301.550048828125,18047.400390625,789.0999755859375,860.5,1446.5,1162.195068359375,3200.0,17795.55078125,801.0,878.9500122070312,1470.0,1166.048583984375,3300.0,18008.05078125,9092462,14804613,6443714,6349597,2488376,238200
2023-01-09,756.1591186523438,845.12548828125,1332.5931396484375,1179.974609375,2929.399169921875,18101.19921875,798.75,873.3499755859375,1484.449951171875,1198.4227294921875,3319.949951171875,18101.19921875,805.7750244140625,878.75,1489.3499755859375,1200.8226318359375,3327.0,18141.400390625,795.0,862.2999877929688,1448.199951171875,1173.755615234375,3221.14990234375,17936.150390625,798.0,874.25,1448.199951171875,1174.655517578125,3229.0,17952.55078125,10729340,16811853,11498717,10722753,2885060,257200
2023-01-10,742.3375854492188,833.5133666992188,1319.39697265625,1162.52587890625,2899.796142578125,17914.150390625,784.1500244140625,861.3499755859375,1469.75,1180.701171875,3286.39990234375,17914.150390625,800.0,878.4000244140625,1483.9000244140625,1202.6685791015625,3298.0,18127.599609375,782.5,856.5999755859375,1454.050048828125,1174.9786376953125,3230.10009765625,17856.0,800.0,875.4000244140625,1482.0,1202.6685791015625,3285.0,18121.30078125,16371766,13470142,7158624,8047142,3864655,283300
2023-01-11,753.0349731445312,838.3034057617188,1320.743408203125,1147.8717041015625,2937.1201171875,17895.69921875,795.4500122070312,866.2999877929688,1471.25,1165.81787109375,3328.699951171875,17895.69921875,799.0,870.8499755859375,1494.0,1180.5166015625,3349.5,17976.349609375,780.0,854.8499755859375,1464.0,1163.4871826171875,3271.14990234375,17824.349609375,783.9749755859375,862.9000244140625,1470.0,1177.9783935546875,3290.10009765625,17924.25,15195798,15558460,6173092,11509553,2720512,259900
2023-01-12,757.0584106445312,832.8359985351562,1329.1370849609375,1123.084228515625,2942.105224609375,17858.19921875,799.7000122070312,860.6500244140625,1480.5999755859375,1140.6429443359375,3334.35009765625,17858.19921875,801.9500122070312,869.3499755859375,1485.0,1168.748291015625,3350.0,17945.80078125,792.0750122070312,854.9500122070312,1455.0,1137.5970458984375,3315.550048828125,17761.650390625,793.9000244140625,865.5,1481.949951171875,1165.2178955078125,3329.0,17920.849609375,9250070,16659001,6591385,17688773,2250391,227800
2023-01-13,757.650146484375,845.2223510742188,1349.8292236328125,1121.266845703125,2977.576171875,17956.599609375,800.3250122070312,873.4500122070312,1503.6500244140625,1138.7969970703125,3374.550048828125,17956.599609375,804.9500122070312,874.9000244140625,1519.4000244140625,1141.242919921875,3379.0,17999.349609375,793.0,858.2999877929688,1468.0,1123.5675048828125,3305.0,17774.25,799.375,864.7000122070312,1483.5,1134.5511474609375,3342.89990234375,17867.5,9244546,11223103,11610426,20618583,1742837,256700
2023-01-16,750.3843994140625,837.287353515625,1369.4439697265625,1110.5885009765625,3008.710205078125,17894.849609375,792.6500244140625,865.25,1525.5,1127.9517822265625,3334.050048828125,17894.849609375,810.6500244140625,877.4500122070312,1528.0,1144.3580322265625,3353.0,18049.650390625,790.1500244140625,861.0499877929688,1502.300048828125,1120.06005859375,3298.050048828125,17853.650390625,807.5,877.25,1510.0,1141.150634765625,3317.0,18033.150390625,14748094,8319812,6073063,13623855,1843607,206200
2023-01-17,761.5551147460938,837.1905517578125,1382.0118408203125,1126.3560791015625,3048.732421875,18053.30078125,804.4500122070312,865.1500244140625,1539.5,1143.9658203125,3378.39990234375,18053.30078125,805.5,867.9500122070312,1542.199951171875,1145.904052734375,3381.800048828125,18072.05078125,788.75,858.0999755859375,1524.0,1130.9515380859375,3321.0,17886.94921875,794.9000244140625,866.9500122070312,1527.0,1134.3665771484375,3330.0,17922.80078125,10786354,12624859,5922644,10751000,1688475,219100
2023-01-18,774.9979248046875,841.3999633789062,1387.3084716796875,1124.492919921875,3059.199951171875,18165.349609375,818.6500244140625,869.5,1545.4000244140625,1142.0736083984375,3390.0,18165.349609375,820.7999877929688,872.0,1551.8499755859375,1149.6422119140625,3408.949951171875,18183.75,799.8499755859375,858.6500244140625,1539.5999755859375,1135.451171875,3372.25,18032.44921875,802.5,864.4500122070312,1544.75,1141.5198974609375,3380.0,18074.30078125,19090642,11313898,5843098,13448286,2421189,255800
2023-01-19,778.2166137695312,838.1582641601562,1381.47314453125,1123.2889404296875,3043.949462890625,18107.849609375,822.0499877929688,866.1500244140625,1538.9000244140625,1140.8507080078125,3373.10009765625,18107.849609375,825.0,870.5499877929688,1549.550048828125,1145.05029296875,3387.0,18155.19921875,816.5,862.0,1526.1500244140625,1133.7435302734375,3361.0,18063.75,818.5,868.0,1539.9000244140625,1141.242919921875,3380.0,18119.80078125,11172162,6694679,6165284,11940054,1585044,237800
2023-01-20,786.1923828125,842.2224731445312,1369.48876953125,1109.9296875,3034.92529296875,18027.650390625,830.4749755859375,870.3499755859375,1525.550048828125,1127.2825927734375,3363.10009765625,18027.650390625,834.5,876.5,1545.0,1142.2120361328125,3394.64990234375,18145.44921875,821.7000122070312,865.5499877929688,1524.0,1124.79052734375,3355.60009765625,18016.19921875,822.0499877929688,873.5,1538.0,1142.2120361328125,3365.0,18115.599609375,18843404,8127162,6496429,14930286,1529349,237200
2023-01-23,791.9434814453125,843.52880859375,1389.6422119140625,1104.3177490234375,3081.67041015625,18118.55078125,836.5499877929688,871.7000122070312,1548.0,1121.5830078125,3414.89990234375,18118.55078125,841.2999877929688,883.2999877929688,1553.300048828125,1138.15087890625,3419.0,18162.599609375,830.7000122070312,864.5999755859375,1528.0999755859375,1119.1370849609375,3355.60009765625,18063.44921875,833.125,882.0,1535.0,1130.213134765625,3388.0,18118.44921875,15444400,16882379,4855020,10954118,1067916,202500
2023-01-24,802.5462646484375,842.6095581054688,1393.1434326171875,1097.7972412109375,3100.98193359375,18118.30078125,847.75,870.75,1551.9000244140625,1114.9605712890625,3436.300048828125,18118.30078125,851.2000122070312,881.7000122070312,1568.800048828125,1127.7440185546875,3451.949951171875,18201.25,837.5,868.0,1549.75,1101.7615966796875,3417.300048828125,18078.650390625,837.5250244140625,879.0,1560.0,1126.0595703125,3425.0,18183.94921875,24983940,11504090,5200802,16488755,1387863,216900
2023-01-25,780.3703002929688,827.6588134765625,1385.1536865234375,1082.620361328125,3095.071533203125,17891.94921875,824.3250122070312,855.2999877929688,1543.0,1099.54638671875,3429.75,17891.94921875,846.4749755859375,876.7999877929688,1556.0,1114.3836669921875,3435.0,18100.599609375,822.6500244140625,848.0,1538.75,1098.36962890625,3405.0,17846.150390625,845.7000122070312,873.2999877929688,1547.0,1113.3453369140625,3425.300048828125,18093.349609375,14704142,14918485,4158617,12385018,874110,257200
2023-01-27,764.8211669921875,790.790283203125,1363.7435302734375,1062.081787109375,3078.1962890625,17604.349609375,807.9000244140625,817.2000122070312,1519.1500244140625,1078.6866455078125,3411.050048828125,17604.349609375,818.5,843.0,1550.949951171875,1101.7615966796875,3446.0,17884.75,794.9749755859375,813.0999755859375,1507.4000244140625,1066.8260498046875,3382.300048828125,17493.55078125,816.0,839.1500244140625,1546.0,1100.4002685546875,3426.0,17877.19921875,35179948,39718683,6209955,25830975,1785879,476300
2023-01-30,764.0401000976562,796.8865356445312,1381.3834228515625,1072.26025390625,3098.591064453125,17648.94921875,807.0750122070312,823.5,1538.800048828125,1089.0242919921875,3433.64990234375,17648.94921875,812.6500244140625,826.25,1544.0,1094.6314697265625,3458.449951171875,17709.150390625,791.0,796.0,1520.0,1061.9111328125,3385.550048828125,17405.55078125,797.5,800.0,1528.800048828125,1076.0792236328125,3420.0,17541.94921875,18512822,36301441,6964719,21772103,1953798,432400
2023-01-31,758.9990844726562,805.01513671875,1376.849853515625,1069.5792236328125,3030.9541015625,17662.150390625,801.75,831.9000244140625,1533.75,1086.3013916015625,3358.699951171875,17662.150390625,811.3499755859375,838.2999877929688,1548.9000244140625,1101.900146484375,3449.0,17735.69921875,797.5,814.0999755859375,1513.0,1080.37109375,3351.0,17537.55078125,809.8499755859375,826.0,1548.9000244140625,1099.2926025390625,3449.0,17731.44921875,18596244,27291226,9448126,22691594,2820375,398300
2023-02-01,770.3829345703125,820.5464477539062,1392.425048828125,1063.240478515625,3075.759521484375,17616.30078125,813.7750244140625,847.9500122070312,1551.0999755859375,1079.863525390625,3408.35009765625,17616.30078125,832.5,875.2000122070312,1555.050048828125,1098.3465576171875,3419.0,17972.19921875,803.0,823.1500244140625,1528.050048828125,1063.757080078125,3355.0,17353.400390625,812.0,843.4500122070312,1542.199951171875,1098.3465576171875,3363.0,17811.599609375,17302790,39237711,6194199,19347800,2205161,512900
2023-02-02,758.9281005859375,830.1748657226562,1421.7349853515625,1057.35595703125,3122.73046875,17610.400390625,801.6749877929688,857.9000244140625,1583.75,1073.8870849609375,3460.39990234375,17610.400390625,812.25,860.5999755859375,1586.949951171875,1083.6015625,3469.0,17653.900390625,794.375,826.0999755859375,1552.0,1066.526123046875,3420.10009765625,17445.94921875,804.0499877929688,828.4000244140625,1552.0,1069.756591796875,3427.0,17517.099609375,17497106,16798190,6916834,13662663,1813847,490100
2023-02-03,785.1747436523438,835.8841552734375,1435.7840576171875,1058.28759765625,3142.493896484375,17854.05078125,829.4000244140625,863.7999877929688,1599.4000244140625,1074.8331298828125,3482.300048828125,17854.05078125,830.25,872.6500244140625,1604.6500244140625,1084.0631103515625,3504.0,17870.30078125,803.5,852.0999755859375,1573.0,1058.2191162109375,3452.89990234375,17584.19921875,805.5,864.6500244140625,1597.5,1084.0631103515625,3504.0,17721.75,14411100,14914366,7040194,24699575,1804469,424100
2023-02-06,781.837646484375,826.1105346679688,1409.2569580078125,1050.31298828125,3122.324462890625,17764.599609375,825.875,853.7000122070312,1569.8499755859375,1066.7337646484375,3459.949951171875,17764.599609375,834.7000122070312,867.7999877929688,1598.0,1071.14111328125,3473.14990234375,17823.69921875,823.0999755859375,849.6500244140625,1561.5999755859375,1064.1263427734375,3436.85009765625,17698.349609375,830.0,861.5,1598.0,1068.3720703125,3473.14990234375,17818.55078125,11167672,8463833,4570612,14837879,1138714,282500
2023-02-07,782.9972534179688,825.1912841796875,1402.569091796875,1047.7911376953125,3133.69482421875,17721.5,827.0999755859375,852.75,1562.4000244140625,1064.1724853515625,3472.550048828125,17721.5,832.4500122070312,856.0,1576.050048828125,1074.0947265625,3493.0,17811.150390625,816.2999877929688,847.2000122070312,1555.0999755859375,1058.2191162109375,3461.39990234375,17652.55078125,829.7000122070312,855.0,1569.0,1066.9876708984375,3468.89990234375,17790.099609375,10264588,9337066,4336238,15135435,1455647,354400
2023-02-08,782.9026489257812,831.3360595703125,1427.7945556640625,1068.7159423828125,3176.605224609375,17871.69921875,827.0,859.0999755859375,1590.5,1085.424560546875,3520.10009765625,17871.69921875,834.0999755859375,860.7000122070312,1603.0,1089.093505859375,3539.89990234375,17898.69921875,825.0,851.9000244140625,1565.5,1064.68017578125,3478.050048828125,17744.150390625,827.125,852.5,1565.5,1067.4490966796875,3478.050048828125,17750.30078125,8444826,8082983,7983338,21160332,1986946,291000
2023-02-09,781.2697143554688,832.9811401367188,1451.5836181640625,1070.578857421875,3195.330078125,17893.44921875,825.2750244140625,860.7999877929688,1617.0,1087.316650390625,3540.85009765625,17893.44921875,830.8250122070312,864.9000244140625,1619.75,1094.1468505859375,3547.60009765625,17916.900390625,817.7750244140625,851.5999755859375,1586.050048828125,1077.140625,3505.300048828125,17779.80078125,830.0,858.5,1596.199951171875,1086.1168212890625,3515.0,17885.5,11777336,6299265,6904911,13172763,1655427,260900
2023-02-10,784.3700561523438,826.2557983398438,1443.9979248046875,1061.763671875,3192.352294921875,17856.5,828.5499877929688,853.8499755859375,1608.550048828125,1078.3636474609375,3537.550048828125,17856.5,829.25,861.9000244140625,1616.300048828125,1086.7860107421875,3542.35009765625,17876.94921875,821.0999755859375,852.0,1596.449951171875,1071.279541015625,3508.14990234375,17801.0,824.4000244140625,855.5499877929688,1612.949951171875,1086.7860107421875,3520.0,17847.55078125,8172116,8656405,4786762,10790445,1187821,232000
2023-02-13,784.961669921875,823.1591796875,1407.1025390625,1055.7200927734375,3142.583740234375,17770.900390625,829.1749877929688,850.6500244140625,1567.449951171875,1072.2257080078125,3482.39990234375,17770.900390625,830.875,859.2999877929688,1597.0,1084.524658203125,3549.0,17880.69921875,822.2750244140625,849.3499755859375,1566.0,1067.7030029296875,3473.39990234375,17719.75,827.5,853.4000244140625,1597.0,1080.001953125,3549.0,17859.099609375,5736944,9394365,4001199,10352493,1087939,231300
2023-02-14,792.2274169921875,837.335693359375,1430.2633056640625,1080.5985107421875,3158.556884765625,17929.849609375,836.8499755859375,865.2999877929688,1593.25,1097.4927978515625,3500.10009765625,17929.849609375,838.75,867.2999877929688,1596.0,1099.2464599609375,3524.85009765625,17954.55078125,828.9749755859375,852.0999755859375,1578.1500244140625,1072.3641357421875,3495.0,17800.05078125,832.5,853.9000244140625,1584.699951171875,1075.2716064453125,3505.0,17840.349609375,10908592,13402934,5043736,14321920,1579818,244500
2023-02-15,790.6181030273438,842.6578979492188,1433.6744384765625,1105.0675048828125,3177.101318359375,18015.849609375,835.1500244140625,870.7999877929688,1597.050048828125,1122.344482421875,3520.64990234375,18015.849609375,839.0,873.25,1599.0,1124.7674560546875,3526.0,18034.099609375,828.375,860.5999755859375,1576.0,1095.13916015625,3460.14990234375,17853.80078125,839.0,866.4000244140625,1584.0,1096.5235595703125,3487.0,17896.599609375,11438712,12070288,3465747,33503591,1429449,229300
2023-02-16,787.75439453125,841.3516235351562,1437.9385986328125,1104.2041015625,3210.851806640625,18035.849609375,832.125,869.4500122070312,1601.800048828125,1121.4676513671875,3558.050048828125,18035.849609375,840.9500122070312,877.7999877929688,1614.449951171875,1137.0433349609375,3575.0,18134.75,830.5,864.8499755859375,1597.8499755859375,1119.16015625,3527.0,18000.650390625,836.5999755859375,875.9500122070312,1600.0,1130.4207763671875,3527.199951171875,18094.75,8062500,10715685,4290289,17264487,1618931,230200
2023-02-17,783.802001953125,834.7713623046875,1421.7799072265625,1108.816162109375,3159.504150390625,17944.19921875,827.9500122070312,862.6500244140625,1583.800048828125,1126.15185546875,3501.14990234375,17944.19921875,834.0750122070312,867.5499877929688,1595.0,1129.5208740234375,3538.89990234375,18034.25,821.4749755859375,855.1500244140625,1575.5,1112.491455078125,3490.0,17884.599609375,830.5,867.5499877929688,1594.0,1116.82958984375,3526.14990234375,17974.849609375,8956270,9990618,2857734,11809520,1061369,208100
2023-02-20,776.4415283203125,824.5621948242188,1429.544921875,1097.093017578125,3147.005615234375,17844.599609375,820.1749877929688,852.0999755859375,1592.449951171875,1114.2452392578125,3487.300048828125,17844.599609375,834.7249755859375,866.5499877929688,1603.0,1130.5592041015625,3522.0,18004.349609375,817.4000244140625,850.25,1582.5,1112.2607421875,3475.050048828125,17818.400390625,830.0,862.6500244140625,1584.949951171875,1128.3670654296875,3502.0,17965.55078125,8086706,9013430,2417716,8836937,1296082,174600
2023-02-21,779.3526611328125,826.5944213867188,1417.9197998046875,1106.044677734375,3114.24755859375,17826.69921875,823.25,854.2000122070312,1579.5,1123.3367919921875,3451.0,17826.69921875,831.1749877929688,859.4500122070312,1601.6500244140625,1129.19775390625,3508.89990234375,17924.900390625,817.0,846.8499755859375,1576.0,1113.299072265625,3444.75,17800.30078125,820.0,854.4000244140625,1598.699951171875,1118.6756591796875,3494.0,17905.80078125,12389296,11704445,2723288,13311592,1139541,198200
2023-02-22,764.0638427734375,812.1275634765625,1402.0306396484375,1080.9617919921875,3069.623291015625,17554.30078125,807.0999755859375,839.25,1561.800048828125,1097.8619384765625,3401.550048828125,17554.30078125,820.9749755859375,854.0999755859375,1575.0,1121.444580078125,3447.0,17772.5,804.5250244140625,834.75,1555.300048828125,1096.085205078125,3395.0,17529.44921875,819.5,851.25,1563.0,1119.5755615234375,3414.949951171875,17755.349609375,10359102,13880984,3656244,11024335,1218430,204000
2023-02-23,758.8807373046875,812.6114501953125,1392.06591796875,1075.78173828125,3080.67822265625,17511.25,801.625,839.75,1550.699951171875,1092.600830078125,3413.800048828125,17511.25,809.4249877929688,844.4500122070312,1569.8499755859375,1105.1767578125,3452.39990234375,17620.05078125,796.0499877929688,833.5499877929688,1548.1500244140625,1089.7626953125,3408.0,17455.400390625,806.5,836.5499877929688,1569.8499755859375,1097.4466552734375,3421.0,17574.650390625,27882010,11743574,4766854,9851910,1441570,240800
2023-02-24,752.1119384765625,812.5630493164062,1392.02099609375,1083.1429443359375,3068.63037109375,17465.80078125,794.4749755859375,839.7000122070312,1550.6500244140625,1100.0771484375,3400.449951171875,17465.80078125,808.9500122070312,845.5999755859375,1569.0,1105.8228759765625,3433.949951171875,17599.75,792.5999755859375,835.5499877929688,1545.0,1092.8316650390625,3382.300048828125,17421.80078125,808.9500122070312,843.9500122070312,1560.0,1094.6776123046875,3422.5,17591.349609375,17061740,8246139,2790986,9434053,977592,209400
2023-02-27,753.981689453125,828.723388671875,1354.9012451171875,1075.9407958984375,3006.724609375,17392.69921875,796.4500122070312,856.4000244140625,1509.300048828125,1092.7623291015625,3331.85009765625,17392.69921875,799.5,858.2999877929688,1540.0,1102.8231201171875,3390.0,17451.599609375,788.6500244140625,833.5499877929688,1502.0,1085.3092041015625,3316.0,17299.0,792.9500122070312,833.5499877929688,1540.0,1099.2926025390625,3390.0,17428.599609375,14312972,14422574,4920268,11199715,1128022,246400
2023-02-28,757.153076171875,827.223388671875,1335.3760986328125,1055.3565673828125,2989.578369140625,17303.94921875,799.7999877929688,854.8499755859375,1487.550048828125,1071.8564453125,3312.85009765625,17303.94921875,802.6500244140625,858.0,1524.0,1092.3701171875,3392.0,17440.44921875,794.3499755859375,850.0,1481.300048828125,1067.7491455078125,3299.89990234375,17255.19921875,796.0,854.9000244140625,1515.5999755859375,1087.3397216796875,3328.5,17383.25,18993992,19600146,9679811,21994038,4116217,420900
2023-03-01,756.41943359375,828.6265258789062,1343.006591796875,1065.0579833984375,3055.319580078125,17450.900390625,799.0250244140625,856.2999877929688,1496.050048828125,1081.70947265625,3385.699951171875,17450.900390625,806.5,864.0,1500.8499755859375,1082.4478759765625,3389.0,17467.75,797.875,851.8499755859375,1481.5,1072.179443359375,3315.0,17345.25,806.0,864.0,1492.4000244140625,1081.755615234375,3323.0,17360.099609375,14137256,11015843,5125043,11551145,1669307,272900
2023-03-02,749.98193359375,826.40087890625,1321.551513671875,1056.947021484375,2997.33935546875,17321.900390625,792.2249755859375,854.0,1472.1500244140625,1073.4716796875,3321.449951171875,17321.900390625,802.9749755859375,861.8499755859375,1488.5999755859375,1085.2861328125,3369.89990234375,17445.80078125,791.0,851.0999755859375,1467.300048828125,1071.41796875,3318.0,17306.0,797.0,853.0,1485.0,1078.525146484375,3361.0,17421.5,17391814,12327141,4644499,9333535,1556538,310700
2023-03-03,764.8685302734375,840.480712890625,1327.97021484375,1083.91552734375,3016.019287109375,17594.349609375,807.9500122070312,868.5499877929688,1479.300048828125,1100.8616943359375,3342.14990234375,17594.349609375,810.0,873.0,1489.800048828125,1104.5767822265625,3358.0,17644.75,794.0,849.8499755859375,1473.0,1080.625,3331.10009765625,17427.69921875,798.0,856.75,1486.75,1084.13232421875,3354.0,17451.25,14986234,12823098,4615015,14643807,1043190,356200
2023-03-06,770.2645874023438,839.70654296875,1353.240234375,1094.5028076171875,3042.8212890625,17711.44921875,813.6500244140625,867.75,1507.449951171875,1111.6146240234375,3371.85009765625,17711.44921875,819.7249755859375,876.8499755859375,1520.4000244140625,1118.9525146484375,3404.949951171875,17799.94921875,809.0250244140625,865.3499755859375,1493.1500244140625,1107.599609375,3359.0,17671.94921875,810.0,871.75,1494.550048828125,1107.599609375,3361.89990234375,17680.349609375,27004710,13904231,6561742,10171916,1334132,362800
2023-03-08,771.8029174804688,843.9158935546875,1339.999267578125,1098.4334716796875,3059.56103515625,17754.400390625,815.2750244140625,872.0999755859375,1492.699951171875,1115.606689453125,3390.39990234375,17754.400390625,819.75,873.6500244140625,1496.0,1116.3681640625,3396.0,17766.5,810.0,861.5,1481.0999755859375,1100.6771240234375,3330.85009765625,17602.25,810.0,866.6500244140625,1490.550048828125,1111.6146240234375,3364.0,17665.75,20099774,16144568,4137080,15782657,1844590,267000
2023-03-09,771.8739013671875,828.2879028320312,1328.9576416015625,1072.032958984375,3011.236328125,17589.599609375,815.3499755859375,855.9500122070312,1480.4000244140625,1088.79345703125,3336.85009765625,17589.599609375,822.9749755859375,869.7999877929688,1498.3499755859375,1115.39892578125,3385.0,17772.349609375,813.5,854.1500244140625,1474.5999755859375,1086.8782958984375,3330.85009765625,17573.599609375,814.9749755859375,867.2000122070312,1495.0,1114.983642578125,3385.0,17772.05078125,20700166,10624440,5104656,16235128,1648500,262400
2023-03-10,751.969970703125,815.417724609375,1321.0130615234375,1055.4248046875,3005.957763671875,17412.900390625,794.3250122070312,842.6500244140625,1471.550048828125,1071.9256591796875,3331.0,17412.900390625,806.875,845.3499755859375,1474.300048828125,1081.755615234375,3337.25,17451.5,792.5,836.25,1457.6500244140625,1068.3951416015625,3290.0,17324.349609375,805.2249755859375,844.7000122070312,1460.0,1080.6019287109375,3312.89990234375,17443.80078125,27387000,17273189,3699580,13334091,1024404,235900
2023-03-13,742.4558715820312,801.628173828125,1288.2916259765625,1038.06689453125,2961.69384765625,17154.30078125,784.2750244140625,828.4000244140625,1435.0999755859375,1054.29638671875,3281.949951171875,17154.30078125,801.9000244140625,855.2999877929688,1478.300048828125,1081.755615234375,3369.800048828125,17529.900390625,782.4749755859375,823.9500122070312,1428.0,1049.912109375,3272.0,17113.44921875,793.9500122070312,841.4500122070312,1464.199951171875,1074.8331298828125,3333.0,17421.900390625,26443550,16413159,8798403,12771592,1901233,254900
2023-03-14,740.4678344726562,803.5152587890625,1274.7362060546875,1034.181884765625,2901.231689453125,17043.30078125,782.1749877929688,830.3499755859375,1420.0,1050.3505859375,3214.949951171875,17043.30078125,791.7999877929688,834.4500122070312,1448.3499755859375,1063.7340087890625,3304.39990234375,17224.650390625,779.6500244140625,818.25,1411.0,1047.166259765625,3209.39990234375,16987.099609375,785.125,827.0,1441.0,1052.2196044921875,3280.0,17160.55078125,33185612,15456802,7402784,16027522,2670334,290600
2023-03-15,729.8413696289062,799.208984375,1274.4222412109375,1016.505859375,2886.747802734375,16972.150390625,770.9500122070312,825.9000244140625,1419.6500244140625,1032.398193359375,3198.89990234375,16972.150390625,791.4500122070312,843.9500122070312,1442.8499755859375,1060.6650390625,3260.35009765625,17211.349609375,768.2999877929688,822.2000122070312,1416.8499755859375,1027.9447021484375,3192.0,16938.900390625,789.0,836.4500122070312,1438.0,1054.11181640625,3250.0,17166.44921875,37264754,12914488,7556182,21728555,1780522,248200
2023-03-16,734.5747680664062,797.273681640625,1260.462890625,1011.4392700195312,2874.20458984375,16985.599609375,775.9500122070312,823.9000244140625,1404.0999755859375,1027.25244140625,3185.0,16985.599609375,779.5499877929688,831.2999877929688,1417.800048828125,1040.2205810546875,3219.800048828125,17062.44921875,766.0250244140625,810.2999877929688,1398.699951171875,1016.31494140625,3172.0,16850.150390625,769.5,829.7000122070312,1417.800048828125,1035.1441650390625,3208.0,16994.650390625,21753342,14987868,7323117,18363159,1901060,349800
2023-03-17,744.3966064453125,809.2245483398438,1275.36474609375,1010.1671142578125,2869.060546875,17100.05078125,786.3250122070312,836.25,1420.699951171875,1025.9603271484375,3179.300048828125,17100.05078125,789.5999755859375,838.4000244140625,1442.9000244140625,1039.2745361328125,3221.39990234375,17145.80078125,770.0,818.6500244140625,1411.4000244140625,1021.1607055664062,3144.0,16958.150390625,778.75,831.7999877929688,1430.0,1035.9517822265625,3150.5,17111.80078125,22950876,11104490,9090018,34014213,6739966,408100
2023-03-20,739.2371826171875,809.4180908203125,1260.05908203125,1000.238525390625,2836.573974609375,16988.400390625,780.875,836.4500122070312,1403.6500244140625,1015.8765258789062,3143.300048828125,16988.400390625,784.0499877929688,837.7999877929688,1419.699951171875,1024.5296630859375,3169.64990234375,17066.599609375,772.7000122070312,825.0,1384.8499755859375,1006.0696411132812,3095.050048828125,16828.349609375,783.9749755859375,837.0,1419.699951171875,1022.22216796875,3169.64990234375,17066.599609375,26503114,14838651,8221829,19524589,2289468,241800
2023-03-21,747.615234375,824.8526611328125,1248.4337158203125,1031.341796875,2803.00390625,17107.5,789.7249755859375,852.4000244140625,1390.699951171875,1047.4661865234375,3106.10009765625,17107.5,791.25,854.5,1405.0,1049.45068359375,3156.75,17127.69921875,778.0999755859375,839.0499877929688,1390.0,1023.1451416015625,3097.449951171875,17016.0,785.9749755859375,843.0,1399.0,1024.0450439453125,3143.300048828125,17060.400390625,33050494,18755854,8536755,21400360,1815297,246700
2023-03-22,745.8876342773438,832.4005126953125,1247.1319580078125,1034.477294921875,2825.29345703125,17151.900390625,787.9000244140625,860.2000122070312,1389.25,1050.6505126953125,3130.800048828125,17151.900390625,793.0250244140625,862.5499877929688,1407.25,1057.5037841796875,3143.5,17207.25,782.6500244140625,851.0,1382.1500244140625,1047.6046142578125,3106.10009765625,17107.849609375,792.0,857.6500244140625,1403.0,1054.527099609375,3130.050048828125,17177.44921875,14177324,17431520,8356487,10920094,1123939,0
2023-03-23,739.89990234375,827.8040161132812,1233.93603515625,1021.3906860351562,2819.74365234375,17076.900390625,781.5750122070312,855.4500122070312,1374.550048828125,1037.359375,3124.64990234375,17076.900390625,795.1749877929688,867.4500122070312,1383.949951171875,1047.5584716796875,3146.35009765625,17205.400390625,779.2750244140625,852.7999877929688,1370.0,1035.167236328125,3101.0,17045.30078125,783.875,857.0,1383.949951171875,1046.681640625,3114.89990234375,17097.400390625,28364178,17920621,7607718,16249370,1372218,219200
2023-03-24,738.7164916992188,824.8526611328125,1239.411865234375,1001.1699829101562,2815.998046875,16945.05078125,780.3250122070312,852.4000244140625,1380.6500244140625,1016.8225708007812,3120.5,16945.05078125,786.9500122070312,860.0,1398.949951171875,1038.3746337890625,3170.0,17109.44921875,777.4749755859375,849.1500244140625,1377.5,1014.3766479492188,3106.0,16917.349609375,780.0,852.5,1388.0,1036.1824951171875,3148.89990234375,17076.19921875,31477748,17295696,7559127,12375945,1329577,228000
2023-03-27,741.9351806640625,821.272216796875,1246.8626708984375,1016.73291015625,2817.623046875,16985.69921875,783.7249755859375,848.7000122070312,1388.949951171875,1032.62890625,3122.300048828125,16985.69921875,789.7249755859375,856.4000244140625,1395.75,1040.2205810546875,3152.75,17091.0,779.4500122070312,844.0499877929688,1374.0999755859375,1015.3919677734375,3106.0,16918.55078125,781.0999755859375,854.9500122070312,1386.25,1023.3759155273438,3135.0,16984.30078125,31872006,17047675,4170193,14054323,1524217,218400
2023-03-28,747.9702758789062,827.1266479492188,1236.6739501953125,1021.4815673828125,2811.846923828125,16951.69921875,790.0999755859375,854.75,1377.5999755859375,1037.45166015625,3115.89990234375,16951.69921875,791.4500122070312,858.9000244140625,1398.0,1041.3743896484375,3149.550048828125,17061.75,782.0499877929688,848.2000122070312,1375.8499755859375,1032.3751220703125,3110.14990234375,16913.75,782.8499755859375,855.5499877929688,1392.0999755859375,1036.067138671875,3127.0,17031.75,39276302,24469018,6633366,12576424,1303530,238800
2023-03-29,751.567626953125,823.4978637695312,1242.0152587890625,1015.4380493164062,2832.60302734375,17080.69921875,793.9000244140625,851.0,1383.550048828125,1031.313720703125,3138.89990234375,17080.69921875,801.0,862.0999755859375,1389.9000244140625,1035.974853515625,3150.0,17126.150390625,790.9500122070312,848.0,1364.550048828125,1020.4223022460938,3104.10009765625,16940.599609375,792.0,857.0499877929688,1379.0,1033.298095703125,3129.0,16977.30078125,39763612,34881515,8813966,18804065,1740616,345900
2023-03-31,761.8629150390625,848.8994750976562,1281.8729248046875,1059.218994140625,2893.06494140625,17359.75,804.7750244140625,877.25,1427.949951171875,1075.7791748046875,3205.89990234375,17359.75,806.4749755859375,881.0,1429.949951171875,1081.5018310546875,3213.0,17381.599609375,796.2000122070312,858.5,1393.9000244140625,1040.543701171875,3152.0,17204.650390625,797.7999877929688,861.9500122070312,1404.0,1040.68212890625,3189.949951171875,17210.349609375,34711228,25739021,8711975,28171201,2382581,263900
2023-04-03,762.3361206054688,855.23779296875,1266.5223388671875,1059.4007568359375,2887.74072265625,17398.05078125,805.2750244140625,883.7999877929688,1410.8499755859375,1075.9637451171875,3200.0,17398.05078125,807.8499755859375,887.0999755859375,1435.0,1084.0631103515625,3224.949951171875,17428.05078125,801.375,868.8499755859375,1405.1500244140625,1068.3720703125,3173.75,17312.75,803.7750244140625,880.2000122070312,1435.0,1082.2171630859375,3224.949951171875,17427.94921875,40025398,26416933,5242764,10293043,1521830,230200
2023-04-05,782.7843017578125,856.011962890625,1277.9234619140625,1056.856201171875,2923.657470703125,17557.05078125,826.875,884.5999755859375,1423.550048828125,1073.37939453125,3239.800048828125,17557.05078125,828.0,887.75,1427.5,1083.6015625,3264.35009765625,17570.55078125,808.0,874.0,1400.0,1065.3955078125,3185.5,17402.69921875,809.2999877929688,886.5999755859375,1400.0,1083.6015625,3185.5,17422.30078125,43365392,21068934,7506334,16262928,2655065,248300
2023-04-06,788.7484130859375,846.7222290039062,1276.4420166015625,1063.9447021484375,2906.420654296875,17599.150390625,833.1749877929688,875.0,1421.9000244140625,1080.5787353515625,3220.699951171875,17599.150390625,834.5999755859375,890.0999755859375,1428.4000244140625,1086.37060546875,3257.35009765625,17638.69921875,823.5499877929688,872.7000122070312,1410.3499755859375,1069.8258056640625,3215.0,17502.849609375,824.2750244140625,882.0,1416.0,1069.8258056640625,3225.0,17533.849609375,44637344,26042745,6948465,18435046,1703464,242700
2023-04-10,785.009033203125,840.3838500976562,1281.5589599609375,1056.401611328125,2944.95361328125,17624.05078125,829.2249755859375,868.4500122070312,1427.5999755859375,1072.9178466796875,3263.39990234375,17624.05078125,835.5,882.7999877929688,1434.0,1084.709228515625,3272.0,17694.099609375,827.0,864.4000244140625,1415.0,1071.3948974609375,3215.0,17597.94921875,831.625,880.0499877929688,1423.949951171875,1084.524658203125,3220.0,17634.900390625,31813286,30906205,4993788,12961408,2203187,254800
2023-04-11,787.3047485351562,853.3992919921875,1262.3033447265625,1061.6273193359375,2900.194091796875,17722.30078125,831.6500244140625,881.9000244140625,1406.1500244140625,1078.22509765625,3213.800048828125,17722.30078125,834.7000122070312,885.5999755859375,1433.3499755859375,1080.37109375,3272.949951171875,17748.75,825.5499877929688,865.0,1389.0,1072.5487060546875,3192.14990234375,17655.150390625,829.5,873.7000122070312,1428.9000244140625,1077.140625,3264.0,17704.80078125,42361542,39504022,6942255,10542367,2348779,304300
2023-04-12,797.52880859375,861.3826293945312,1282.1873779296875,1066.3076171875,2925.326416015625,17812.400390625,842.4500122070312,890.1500244140625,1428.300048828125,1082.9786376953125,3241.64990234375,17812.400390625,844.0999755859375,892.0,1431.5,1092.7392578125,3260.949951171875,17825.75,833.9000244140625,880.2999877929688,1400.0,1075.3177490234375,3199.0,17717.25,834.0,883.4500122070312,1413.050048828125,1078.22509765625,3227.949951171875,17759.55078125,26955504,22686032,5831169,18179087,2417727,232800
2023-04-13,801.1025390625,869.9465942382812,1247.087158203125,1070.3291015625,2877.67919921875,17828.0,846.2249755859375,899.0,1389.199951171875,1087.0628662109375,3188.85009765625,17828.0,848.5250244140625,901.6500244140625,1411.050048828125,1091.8162841796875,3230.0,17842.150390625,839.0750122070312,886.5,1383.0,1080.8326416015625,3180.0,17729.650390625,844.1500244140625,891.0999755859375,1409.75,1085.9090576171875,3210.0,17807.30078125,35330086,34439635,11267238,12378208,4174070,285800
2023-04-17,788.890380859375,872.1722412109375,1129.5780029296875,1075.759033203125,2833.14453125,17706.849609375,833.3250122070312,901.2999877929688,1258.300048828125,1092.5777587890625,3139.5,17706.849609375,860.0,917.2999877929688,1261.1500244140625,1119.114013671875,3163.39990234375,17863.0,826.6500244140625,893.1500244140625,1185.300048828125,1084.086181640625,3070.25,17574.05078125,860.0,917.2999877929688,1250.300048828125,1119.114013671875,3134.10009765625,17863.0,32405148,29957514,53171705,17929479,5505048,357400
2023-04-18,785.5534057617188,867.8660278320312,1130.5205078125,1063.4449462890625,2825.248046875,17660.150390625,829.7999877929688,896.8499755859375,1259.3499755859375,1080.0711669921875,3130.75,17660.150390625,838.625,907.9500122070312,1269.949951171875,1096.985107421875,3156.85009765625,17766.599609375,828.2000122070312,894.0999755859375,1253.0999755859375,1073.4486083984375,3110.60009765625,17610.19921875,835.0,907.9500122070312,1269.949951171875,1096.985107421875,3154.949951171875,17766.599609375,29637226,26699379,12430884,10405576,2617302,258900
2023-04-19,788.440673828125,863.0760498046875,1106.14794921875,1068.7386474609375,2788.1142578125,17618.75,832.8499755859375,891.9000244140625,1232.199951171875,1085.4476318359375,3089.60009765625,17618.75,835.1500244140625,896.9000244140625,1254.3499755859375,1088.17041015625,3140.0,17666.150390625,828.5750122070312,887.25,1229.4000244140625,1076.3099365234375,3071.5,17579.849609375,832.5,895.9000244140625,1254.3499755859375,1079.47119140625,3130.75,17653.349609375,24741168,24377956,11307230,12273475,3298034,281500
2023-04-20,791.3754272460938,865.4953002929688,1098.248046875,1066.0347900390625,2801.83056640625,17624.44921875,835.9500122070312,894.4000244140625,1223.4000244140625,1082.70166015625,3104.800048828125,17624.44921875,838.7249755859375,899.2999877929688,1237.8499755859375,1088.6781005859375,3113.0,17684.44921875,833.2000122070312,889.2000122070312,1221.4000244140625,1076.2637939453125,3078.0,17584.349609375,835.8499755859375,892.25,1230.699951171875,1086.416748046875,3090.0,17638.599609375,32922716,16999919,8621249,7007330,2419999,215100
2023-04-21,792.6534423828125,857.028076171875,1101.7940673828125,1067.3753662109375,2852.411376953125,17624.05078125,837.2999877929688,885.6500244140625,1227.3499755859375,1084.0631103515625,3160.85009765625,17624.05078125,838.4749755859375,900.7000122070312,1233.25,1089.60107421875,3164.449951171875,17663.19921875,831.625,882.4000244140625,1220.0,1078.2481689453125,3100.800048828125,17553.94921875,834.5,894.5499877929688,1228.0999755859375,1084.8245849609375,3110.0,17639.75,20128618,29578071,8691352,7647317,1929184,230200
2023-04-24,799.0671997070312,875.5107421875,1100.8515625,1071.465087890625,2864.99951171875,17743.400390625,844.0750122070312,904.75,1226.300048828125,1088.2166748046875,3174.800048828125,17743.400390625,845.7249755859375,906.5,1230.0,1098.784912109375,3180.949951171875,17754.5,837.0499877929688,895.0,1218.0,1083.6015625,3126.14990234375,17612.5,843.5,905.0,1228.0,1096.0621337890625,3151.10009765625,17707.55078125,35675852,30881665,8313774,12936186,1640676,255700
2023-04-25,787.70703125,883.9296875,1099.5948486328125,1079.666748046875,2866.082763671875,17769.25,832.0750122070312,913.4500122070312,1224.9000244140625,1096.546630859375,3176.0,17769.25,843.8499755859375,916.0,1235.5,1098.646484375,3191.199951171875,17807.44921875,830.9500122070312,903.0999755859375,1215.0,1084.75537109375,3147.5,17716.849609375,843.8499755859375,906.2999877929688,1225.949951171875,1091.9085693359375,3183.0,17761.55078125,50353068,41383839,6808576,9236126,2024090,297400
2023-04-26,791.328125,885.3812255859375,1101.9737548828125,1073.328125,2886.07080078125,17813.599609375,835.9000244140625,914.9500122070312,1227.550048828125,1090.1087646484375,3198.14990234375,17813.599609375,837.5,916.9500122070312,1233.0,1101.184814453125,3208.39990234375,17827.75,827.5,905.75,1220.550048828125,1086.3936767578125,3181.0,17711.19921875,830.0,911.4500122070312,1228.0,1097.9080810546875,3181.0,17767.30078125,27392750,30371555,5680192,8617834,2000029,233000
2023-04-27,795.6828002929688,888.6712646484375,1118.7606201171875,1080.121337890625,2876.866943359375,17915.05078125,840.5,918.3499755859375,1246.25,1097.0081787109375,3187.949951171875,17915.05078125,842.625,919.9000244140625,1247.800048828125,1100.215576171875,3199.199951171875,17931.599609375,832.9249877929688,908.5499877929688,1225.4000244140625,1090.985595703125,3170.64990234375,17797.900390625,835.25,909.5,1230.0,1096.0621337890625,3185.0,17813.099609375,47790392,25835108,8020704,9167125,2434446,241400
2023-04-28,798.806884765625,887.9939575195312,1124.595703125,1099.86474609375,2905.1123046875,18065.0,843.7999877929688,917.6500244140625,1252.75,1117.060302734375,3219.25,18065.0,845.5,920.4500122070312,1259.0,1118.6295166015625,3227.25,18089.150390625,835.0,910.25,1244.949951171875,1099.17724609375,3196.25,17885.30078125,842.3499755859375,915.0999755859375,1255.699951171875,1099.2926025390625,3200.39990234375,17950.400390625,27916272,20381002,10118277,15565210,2931312,290300
2023-05-02,798.6412353515625,892.300048828125,1146.7689208984375,1109.20263671875,2905.248046875,18147.650390625,843.625,922.0999755859375,1277.449951171875,1126.544189453125,3219.39990234375,18147.650390625,849.5,925.7999877929688,1279.75,1128.736328125,3235.0,18180.25,841.0,918.7000122070312,1254.550048828125,1120.5677490234375,3210.0,18101.75,844.3499755859375,924.0,1254.550048828125,1124.305908203125,3235.0,18124.80078125,32221184,17515017,8886401,12981805,2321159,265200
2023-05-03,801.4338989257812,893.0257568359375,1139.3182373046875,1099.6829833984375,2869.60205078125,18089.849609375,846.5750122070312,922.8499755859375,1269.1500244140625,1116.875732421875,3179.89990234375,18089.849609375,848.0,923.8499755859375,1272.5,1128.3670654296875,3216.0,18116.349609375,839.8250122070312,911.5499877929688,1262.0999755859375,1113.6221923828125,3173.14990234375,18042.400390625,842.4749755859375,919.5499877929688,1266.0,1128.3670654296875,3216.0,18113.80078125,29407270,18715142,5549783,7061872,2468285,226200
2023-05-04,817.8350830078125,891.9130249023438,1143.267822265625,1112.360595703125,2906.420654296875,18255.80078125,863.9000244140625,921.7000122070312,1273.550048828125,1129.7515869140625,3220.699951171875,18255.80078125,867.2249755859375,923.9000244140625,1275.800048828125,1131.9898681640625,3224.449951171875,18267.44921875,843.5499877929688,911.7999877929688,1262.5,1114.3375244140625,3178.0,18066.69921875,843.5499877929688,920.0,1268.949951171875,1117.3603515625,3180.14990234375,18081.0,56854638,20485002,4505401,8635233,1953253,226600
2023-05-05,769.4835815429688,896.9933471679688,1130.296142578125,1109.5206298828125,2915.445068359375,18069.0,812.8250122070312,926.9500122070312,1259.0999755859375,1126.8671875,3230.699951171875,18069.0,830.4749755859375,942.4500122070312,1279.0,1135.91259765625,3244.0,18216.94921875,811.0499877929688,923.4500122070312,1254.25,1124.213623046875,3210.050048828125,18055.44921875,819.5,925.0,1279.0,1126.5211181640625,3220.0,18117.30078125,62770416,19002035,5373791,8746585,1710027,239700
2023-05-08,778.3822631835938,907.5894775390625,1136.13134765625,1123.220703125,2933.4033203125,18264.400390625,822.2249755859375,937.9000244140625,1265.5999755859375,1140.781494140625,3250.60009765625,18264.400390625,825.1749877929688,941.7000122070312,1270.300048828125,1146.2041015625,3254.85009765625,18286.94921875,815.0,927.0,1255.199951171875,1127.974853515625,3231.300048828125,18100.30078125,817.5,927.0,1262.449951171875,1130.674560546875,3245.0,18120.599609375,37244524,18623913,5260842,9153782,928235,228400
2023-05-09,778.4059448242188,904.20263671875,1140.70947265625,1126.6968994140625,2962.866943359375,18265.94921875,822.25,934.4000244140625,1270.699951171875,1144.3118896484375,3283.25,18265.94921875,828.0,945.0,1272.0,1147.6578369140625,3298.0,18344.19921875,819.9749755859375,931.7999877929688,1260.699951171875,1136.7894287109375,3246.0,18229.650390625,824.9500122070312,941.0,1266.0,1142.2120361328125,3252.60009765625,18303.400390625,43688938,21507610,4969897,6464721,1107375,245400
2023-05-10,782.0032958984375,905.7991943359375,1134.021728515625,1134.4442138671875,2966.070556640625,18315.099609375,826.0499877929688,936.0499877929688,1263.25,1152.1805419921875,3286.800048828125,18315.099609375,827.3250122070312,941.0,1276.4000244140625,1153.680419921875,3306.5,18326.75,816.5499877929688,928.25,1259.1500244140625,1145.0733642578125,3266.050048828125,18211.94921875,822.25,934.5999755859375,1276.4000244140625,1149.1346435546875,3290.0,18313.599609375,46340550,25910923,6515734,10872255,1559987,220500
2023-05-11,782.5239868164062,908.847412109375,1127.60302734375,1127.03759765625,2961.874267578125,18297.0,826.5999755859375,939.2000122070312,1256.0999755859375,1144.6580810546875,3282.14990234375,18297.0,844.0,947.0,1275.9000244140625,1158.1337890625,3309.699951171875,18389.69921875,824.625,933.8499755859375,1253.050048828125,1142.9273681640625,3272.0,18270.400390625,832.5750122070312,940.0499877929688,1270.25,1153.2650146484375,3309.0,18357.80078125,35734618,20027372,6888461,10557860,1719623,248900
2023-05-12,789.434814453125,913.3955688476562,1117.818115234375,1128.8779296875,2954.790771484375,18314.80078125,833.9000244140625,943.9000244140625,1245.199951171875,1146.527099609375,3274.300048828125,18314.80078125,836.4000244140625,948.0,1256.0,1147.9346923828125,3290.0,18342.75,822.125,935.0999755859375,1239.050048828125,1133.67431640625,3260.0,18194.55078125,823.5,939.75,1253.3499755859375,1139.812255859375,3279.14990234375,18273.75,22478760,13873480,8292212,6955341,1027479,241700
2023-05-15,793.2214965820312,915.1857299804688,1129.6229248046875,1131.1043701171875,2937.418701171875,18398.849609375,837.9000244140625,945.75,1258.3499755859375,1148.7884521484375,3255.050048828125,18398.849609375,840.375,949.0,1268.9000244140625,1155.849365234375,3292.0,18458.900390625,832.5499877929688,938.2000122070312,1245.6500244140625,1141.3582763671875,3248.35009765625,18287.900390625,836.0,943.75,1249.9000244140625,1149.0885009765625,3284.0,18339.30078125,18512260,10453762,5534710,6833343,1150390,216100
2023-05-16,788.6731567382812,915.7662963867188,1134.9642333984375,1114.99609375,2940.216064453125,18286.5,823.6500244140625,946.3499755859375,1264.300048828125,1132.4283447265625,3258.14990234375,18286.5,835.9000244140625,952.2000122070312,1273.949951171875,1153.56494140625,3285.0,18432.349609375,822.0,943.0,1262.75,1130.7437744140625,3250.449951171875,18264.349609375,835.9000244140625,950.0,1265.0,1150.9805908203125,3256.199951171875,18432.349609375,32722086,19612293,5236469,8717229,986306,219500
2023-05-17,784.4360961914062,908.99267578125,1119.3443603515625,1108.4073486328125,2895.591796875,18181.75,819.2249755859375,939.3499755859375,1246.9000244140625,1125.736572265625,3208.699951171875,18181.75,825.0,948.4000244140625,1260.949951171875,1137.5970458984375,3280.0,18309.0,812.6749877929688,935.7999877929688,1242.449951171875,1120.983154296875,3198.25,18115.349609375,825.0,947.2999877929688,1260.5999755859375,1136.674072265625,3255.949951171875,18300.44921875,30466868,19273344,10465667,8798967,1588815,229900
2023-05-18,787.572021484375,915.9115600585938,1118.5362548828125,1106.0218505859375,2887.60546875,18129.94921875,822.5,946.5,1246.0,1123.313720703125,3199.85009765625,18129.94921875,826.9749755859375,952.25,1259.6500244140625,1133.9051513671875,3228.949951171875,18297.19921875,820.0,942.0999755859375,1242.449951171875,1120.1292724609375,3195.0,18104.849609375,824.0,947.9500122070312,1258.5999755859375,1130.4669189453125,3225.949951171875,18287.5,49646942,21550141,6948732,10525531,1369364,272100
2023-05-19,788.481689453125,923.45947265625,1139.093505859375,1109.6114501953125,2908.36083984375,18203.400390625,823.4500122070312,954.2999877929688,1268.9000244140625,1126.95947265625,3222.85009765625,18203.400390625,825.0,956.0,1273.300048828125,1128.8055419921875,3234.5,18218.099609375,815.7750244140625,941.5999755859375,1252.800048828125,1116.298828125,3203.050048828125,18060.400390625,824.0,951.4500122070312,1256.050048828125,1123.313720703125,3210.0,18186.150390625,30460332,15427412,11094136,8050447,1152449,260900
2023-05-22,785.680908203125,919.6370849609375,1160.548583984375,1115.541259765625,2976.8095703125,18314.400390625,820.5250244140625,950.3499755859375,1292.800048828125,1132.9820556640625,3298.699951171875,18314.400390625,826.4500122070312,954.25,1295.5999755859375,1138.05859375,3308.449951171875,18335.25,816.3499755859375,946.1500244140625,1270.25,1122.5291748046875,3217.050048828125,18178.849609375,822.5,951.0499877929688,1272.949951171875,1123.7520751953125,3230.0,18201.099609375,28334032,15509525,7625947,7434906,1333243,262600
2023-05-23,783.8375854492188,922.5885620117188,1167.05712890625,1115.3369140625,2975.320068359375,18348.0,818.5999755859375,953.4000244140625,1300.050048828125,1132.7744140625,3297.050048828125,18348.0,824.7999877929688,958.8499755859375,1314.1500244140625,1138.9815673828125,3327.949951171875,18419.75,816.7249755859375,945.0,1297.050048828125,1131.34375,3290.10009765625,18324.19921875,824.5,952.0,1299.199951171875,1135.589599609375,3306.0,18362.900390625,22470074,16579935,7436031,6092034,1687418,270400
2023-05-24,773.5921020507812,910.2505493164062,1165.80029296875,1108.839111328125,2981.005859375,18285.400390625,807.9000244140625,940.6500244140625,1298.6500244140625,1126.1749267578125,3303.35009765625,18285.400390625,817.375,953.8499755859375,1305.0,1137.1356201171875,3317.199951171875,18392.599609375,806.7999877929688,938.5,1291.300048828125,1123.0367431640625,3276.0,18262.94921875,813.7750244140625,946.7000122070312,1296.300048828125,1128.782470703125,3276.0,18294.80078125,33588112,18049620,4824077,8112254,1016555,232600
2023-05-25,770.6237182617188,909.4763793945312,1170.9171142578125,1108.7027587890625,2972.1171875,18321.150390625,804.7999877929688,939.8499755859375,1304.3499755859375,1126.0364990234375,3293.5,18321.150390625,810.0250244140625,941.5999755859375,1307.0,1130.213134765625,3306.0,18338.099609375,798.6749877929688,932.9500122070312,1289.25,1115.0067138671875,3267.10009765625,18202.400390625,807.8499755859375,937.0,1294.5,1123.2445068359375,3294.0,18268.900390625,29776930,19328582,4334121,11487863,1374917,235900
2023-05-26,773.5921020507812,919.9757690429688,1182.6768798828125,1138.9427490234375,3004.062255859375,18499.349609375,807.9000244140625,950.7000122070312,1317.449951171875,1156.7493896484375,3328.89990234375,18499.349609375,809.5,952.4500122070312,1323.449951171875,1157.903076171875,3338.64990234375,18508.55078125,801.125,935.5499877929688,1306.0,1131.020751953125,3291.0,18333.150390625,809.5,939.7999877929688,1306.0,1134.3665771484375,3293.5,18368.349609375,26635066,10957182,5521606,12626260,1791115,198700
2023-05-29,783.0238037109375,917.5082397460938,1179.93896484375,1145.349609375,2996.346923828125,18598.650390625,817.75,948.1500244140625,1314.4000244140625,1163.2564697265625,3320.35009765625,18598.650390625,820.5,957.5999755859375,1332.699951171875,1167.5946044921875,3372.0,18641.19921875,812.4249877929688,946.7999877929688,1309.8499755859375,1157.0723876953125,3312.0,18581.25,814.25,953.8499755859375,1332.699951171875,1163.4410400390625,3360.800048828125,18619.150390625,21816292,12108079,4419365,10010304,1210372,265300
2023-05-30,783.6221923828125,919.2500610351562,1188.42236328125,1145.0543212890625,2992.60205078125,18633.849609375,818.375,949.9500122070312,1323.8499755859375,1162.95654296875,3316.199951171875,18633.849609375,821.3250122070312,952.2999877929688,1326.4000244140625,1171.148193359375,3326.949951171875,18662.44921875,814.2750244140625,944.6500244140625,1309.1500244140625,1160.3720703125,3301.35009765625,18575.5,816.7999877929688,945.3499755859375,1315.0,1163.2564697265625,3315.0,18606.650390625,37125928,18483624,6274719,11342504,1344224,234400
2023-05-31,771.22216796875,918.4759521484375,1183.440185546875,1122.3118896484375,2968.5068359375,18534.400390625,805.4249877929688,949.1500244140625,1318.300048828125,1139.8583984375,3289.5,18534.400390625,817.4749755859375,952.0,1331.0999755859375,1158.29541015625,3327.699951171875,18603.900390625,802.3250122070312,940.5,1314.1500244140625,1135.7510986328125,3265.14990234375,18483.849609375,814.9500122070312,949.5,1319.8499755859375,1153.7496337890625,3309.0,18594.19921875,43334270,27254425,17800782,27107927,5815424,696500
2023-06-01,767.9425659179688,905.8475952148438,1184.5174560546875,1119.2901611328125,2999.640625,18487.75,802.0,936.0999755859375,1319.5,1136.7894287109375,3324.0,18487.75,809.9500122070312,954.25,1329.5,1146.781005859375,3340.0,18580.30078125,800.0,932.7999877929688,1318.0999755859375,1134.3665771484375,3297.5,18464.55078125,809.9500122070312,954.25,1322.550048828125,1144.5888671875,3314.0,18579.400390625,50366938,21650700,4277841,14592692,1177314,265600
2023-06-02,769.1395263671875,907.8313598632812,1181.7879638671875,1115.6322021484375,2983.0361328125,18534.099609375,803.25,938.1500244140625,1299.0,1133.0743408203125,3305.60009765625,18534.099609375,807.4000244140625,944.6500244140625,1312.9000244140625,1145.8348388671875,3335.89990234375,18573.69921875,800.5,935.0499877929688,1296.050048828125,1131.1361083984375,3297.449951171875,18478.400390625,806.2249755859375,943.0,1309.0,1140.3660888671875,3326.25,18550.849609375,17859710,12494376,10909311,15800644,2030661,270900
2023-06-05,768.1340942382812,916.1534423828125,1186.7921142578125,1125.6517333984375,2967.96533203125,18593.849609375,802.2000122070312,946.75,1304.5,1143.25048828125,3288.89990234375,18593.849609375,808.25,951.7999877929688,1309.449951171875,1146.250244140625,3327.0,18640.150390625,801.2249755859375,943.0,1297.300048828125,1134.57421875,3285.050048828125,18582.80078125,807.25,943.0,1304.0,1138.6124267578125,3315.0,18612.0,18697242,10751684,5002553,10908682,1861468,256100
2023-06-06,765.7402954101562,911.6537475585938,1163.5926513671875,1126.6058349609375,2916.888916015625,18599.0,799.7000122070312,942.0999755859375,1279.0,1144.2196044921875,3232.300048828125,18599.0,804.9249877929688,947.7999877929688,1288.5999755859375,1148.0731201171875,3288.85009765625,18622.75,796.125,938.0999755859375,1273.0,1136.212646484375,3220.60009765625,18531.599609375,803.8250122070312,946.5,1288.5999755859375,1146.11181640625,3280.0,18600.80078125,32182852,11894330,10008100,7493309,2022849,220800
2023-06-07,769.7140502929688,909.815185546875,1172.644775390625,1135.148681640625,2955.331298828125,18726.400390625,803.8499755859375,940.2000122070312,1288.949951171875,1152.8958740234375,3274.89990234375,18726.400390625,806.2750244140625,945.8499755859375,1294.0,1153.7496337890625,3278.85009765625,18738.94921875,798.0,933.7999877929688,1282.5,1141.1044921875,3241.0,18636.0,801.7249755859375,944.3499755859375,1290.5,1147.7501220703125,3253.0,18665.599609375,24949026,16486469,5397578,10312545,1567196,260100
2023-06-08,770.1928100585938,907.5894775390625,1167.0498046875,1135.830078125,2920.6337890625,18634.55078125,804.3499755859375,937.9000244140625,1282.800048828125,1153.5880126953125,3236.449951171875,18634.55078125,813.0,950.5,1292.0,1161.52587890625,3270.0,18777.900390625,801.625,935.2000122070312,1281.0999755859375,1149.5960693359375,3233.0,18615.599609375,801.625,936.5999755859375,1286.199951171875,1156.5185546875,3261.0,18725.349609375,37395522,17608140,5034942,12071109,1759366,286500
2023-06-09,771.1024780273438,907.734619140625,1151.7203369140625,1127.7874755859375,2896.1328125,18563.400390625,805.2999877929688,938.0499877929688,1265.949951171875,1145.4195556640625,3209.300048828125,18563.400390625,809.25,944.0,1282.5,1157.6954345703125,3250.0,18676.650390625,803.5,936.2000122070312,1264.0,1143.5965576171875,3205.35009765625,18555.400390625,807.9500122070312,941.4000244140625,1282.5,1156.9801025390625,3245.0,18655.900390625,18212578,12253128,5339073,5877018,1775689,221800
2023-06-12,766.4105834960938,905.7024536132812,1175.3741455078125,1128.7869873046875,2930.064208984375,18601.5,800.4000244140625,935.9500122070312,1291.949951171875,1146.434814453125,3246.89990234375,18601.5,807.9000244140625,943.5,1295.699951171875,1148.765380859375,3254.39990234375,18633.599609375,799.7249755859375,933.2999877929688,1273.0,1137.5970458984375,3211.0,18559.75,806.2750244140625,938.0,1273.5,1142.44287109375,3215.0,18595.05078125,13408292,10520125,4785588,6391969,2324605,179500
2023-06-13,767.7032470703125,913.0569458007812,1187.1102294921875,1145.46337890625,2927.176025390625,18716.150390625,801.75,943.5499877929688,1304.8499755859375,1163.371826171875,3243.699951171875,18716.150390625,804.5,946.25,1306.5,1164.57177734375,3265.0,18728.900390625,795.0499877929688,934.0999755859375,1297.050048828125,1147.4039306640625,3239.0,18631.80078125,795.0499877929688,935.9000244140625,1299.9000244140625,1151.442138671875,3260.0,18631.80078125,27926108,13528776,4846587,11248016,1371928,233200
2023-06-14,766.8653564453125,909.4280395507812,1183.0618896484375,1159.549560546875,2933.8095703125,18755.900390625,800.875,939.7999877929688,1300.4000244140625,1177.6783447265625,3251.050048828125,18755.900390625,806.0,946.9500122070312,1306.699951171875,1179.132080078125,3255.85009765625,18769.69921875,800.0999755859375,936.25,1293.199951171875,1161.5950927734375,3225.85009765625,18690.0,805.2249755859375,946.0499877929688,1306.3499755859375,1163.4410400390625,3243.699951171875,18744.599609375,20113968,13489262,3457981,13277380,1658544,261400
2023-06-15,757.4337158203125,896.6546630859375,1170.6888427734375,1159.8677978515625,2924.035888671875,18688.099609375,791.0250244140625,926.5999755859375,1286.800048828125,1178.00146484375,3216.300048828125,18688.099609375,802.9749755859375,942.9500122070312,1293.949951171875,1182.616455078125,3247.449951171875,18794.099609375,789.5,924.3499755859375,1282.6500244140625,1170.1328125,3210.0,18669.05078125,802.0,940.7000122070312,1293.949951171875,1177.6552734375,3245.300048828125,18774.44921875,35377476,19366819,6161155,11813494,2273810,263000
2023-06-16,767.3441772460938,904.0090942382812,1175.1014404296875,1171.1595458984375,2886.3984375,18826.0,801.375,934.2000122070312,1291.6500244140625,1189.4697265625,3174.89990234375,18826.0,804.5999755859375,937.75,1301.5,1191.7772216796875,3199.39990234375,18864.69921875,792.0,927.0,1281.050048828125,1181.5318603515625,3156.0,18710.5,793.5750122070312,929.2999877929688,1287.0,1181.5318603515625,3197.0,18723.30078125,15779272,11249387,8536287,24171579,4156189,272800
2023-06-19,768.014404296875,893.3162231445312,1177.2393798828125,1159.52685546875,2918.672607421875,18755.44921875,802.0750122070312,923.1500244140625,1294.0,1177.6552734375,3210.39990234375,18755.44921875,807.125,933.9500122070312,1299.5,1192.515625,3214.89990234375,18881.44921875,799.1749877929688,918.7000122070312,1287.050048828125,1173.4326171875,3175.0,18719.150390625,805.5,933.5,1294.0,1192.515625,3190.0,18873.30078125,24829146,19351375,4451787,6798554,1468186,219800
2023-06-20,769.6182861328125,895.6386108398438,1185.7911376953125,1161.9351806640625,2934.399658203125,18816.69921875,803.75,925.5499877929688,1303.4000244140625,1180.1011962890625,3227.699951171875,18816.69921875,805.5,928.5499877929688,1305.0,1183.2855224609375,3232.5,18839.69921875,795.3250122070312,914.7999877929688,1291.0999755859375,1169.902099609375,3201.050048828125,18660.650390625,802.0750122070312,920.9500122070312,1294.0,1175.6939697265625,3214.0,18752.349609375,20005626,15212286,4009180,6921096,1528452,211600
2023-06-21,783.0715942382812,894.8161010742188,1182.1065673828125,1165.206787109375,2962.128662109375,18856.849609375,817.7999877929688,924.7000122070312,1299.3499755859375,1183.424072265625,3258.199951171875,18856.849609375,818.625,928.4000244140625,1303.800048828125,1185.9853515625,3261.39990234375,18875.900390625,805.5,920.0,1295.0,1175.901611328125,3223.949951171875,18794.849609375,808.0,928.0,1299.949951171875,1180.0550537109375,3250.0,18849.400390625,24308946,9210553,4041529,6961603,1645987,217500
2023-06-22,786.9017333984375,895.8320922851562,1165.9127197265625,1152.1202392578125,2944.218505859375,18771.25,821.7999877929688,925.75,1281.550048828125,1170.1328125,3238.5,18771.25,828.7750244140625,935.5499877929688,1289.4000244140625,1187.5775146484375,3267.64990234375,18886.599609375,819.5250244140625,920.7000122070312,1273.5,1168.517578125,3230.10009765625,18759.5,820.0,924.4000244140625,1289.4000244140625,1179.5936279296875,3260.0,18853.599609375,56596140,27291569,6676607,7619166,1529603,252700
2023-06-23,786.8538208007812,893.65478515625,1150.85595703125,1142.6915283203125,2924.081787109375,18665.5,821.75,923.5,1265.0,1160.5567626953125,3216.35009765625,18665.5,829.9500122070312,931.9000244140625,1279.3499755859375,1169.1636962890625,3249.39990234375,18756.400390625,817.0250244140625,919.0,1263.3499755859375,1159.28759765625,3209.14990234375,18647.099609375,818.7750244140625,926.0499877929688,1276.449951171875,1167.0869140625,3237.300048828125,18741.849609375,21339218,8767733,7239467,6628570,1119505,210600
2023-06-26,783.0477294921875,897.4771728515625,1155.7232666015625,1133.96728515625,2899.80712890625,18691.19921875,817.7750244140625,927.4500122070312,1270.3499755859375,1151.6959228515625,3189.64990234375,18691.19921875,825.375,931.7999877929688,1274.0,1160.856689453125,3213.89990234375,18722.05078125,814.3499755859375,923.2000122070312,1262.25,1148.53466796875,3173.0,18646.69921875,822.5,927.0999755859375,1270.25,1156.9801025390625,3205.0,18682.349609375,16130314,11749040,3403244,12641159,1978803,171300
2023-06-27,794.083251953125,905.8475952148438,1163.729248046875,1134.3760986328125,2906.807861328125,18817.400390625,829.2999877929688,936.0999755859375,1279.1500244140625,1152.111328125,3197.35009765625,18817.400390625,836.4500122070312,939.9500122070312,1282.0,1158.1337890625,3209.64990234375,18829.25,819.2750244140625,922.2000122070312,1274.199951171875,1147.588623046875,3182.300048828125,18714.25,821.4749755859375,930.0,1280.0,1152.157470703125,3202.0,18748.55078125,33831864,13422726,3240024,9689466,863542,222500
2023-06-28,802.4856567382812,907.154052734375,1176.64794921875,1149.3939208984375,2923.2626953125,18972.099609375,838.0750122070312,937.4500122070312,1293.3499755859375,1167.3638916015625,3215.449951171875,18972.099609375,839.9500122070312,944.0,1296.699951171875,1171.2174072265625,3230.949951171875,19011.25,830.25,934.2999877929688,1281.4000244140625,1152.75732421875,3193.39990234375,18861.349609375,835.0,944.0,1290.0,1159.7491455078125,3208.0,18908.150390625,59562950,25708001,5662358,11354006,1575872,398800
2023-06-30,814.5745239257812,904.3961181640625,1214.99462890625,1158.8226318359375,3002.17578125,19189.05078125,850.7000122070312,934.5999755859375,1335.5,1176.93994140625,3302.25,19189.05078125,854.4000244140625,942.2000122070312,1338.9000244140625,1179.8935546875,3310.0,19201.69921875,841.625,930.6500244140625,1304.449951171875,1169.186767578125,3214.10009765625,19024.599609375,852.0,940.5,1308.199951171875,1175.1632080078125,3220.0,19076.849609375,40699016,13843218,12821692,11151555,2672406,247900
2023-07-03,823.3838500976562,912.089111328125,1213.3570556640625,1188.5628662109375,2974.947265625,19322.55078125,859.9000244140625,942.5499877929688,1333.699951171875,1207.1451416015625,3272.300048828125,19322.55078125,878.75,945.75,1346.0,1210.0526123046875,3318.800048828125,19345.099609375,855.0,936.5,1328.449951171875,1179.2935791015625,3268.75,19234.400390625,856.25,937.0,1330.0,1180.5396728515625,3314.300048828125,19246.5,44104116,12350359,7732412,12154387,1687264,226100
2023-07-04,827.4053955078125,914.169677734375,1223.77392578125,1176.3167724609375,3008.176025390625,19389.0,864.0999755859375,944.7000122070312,1345.1500244140625,1194.707763671875,3308.85009765625,19389.0,873.5,951.2999877929688,1346.0,1211.4371337890625,3315.0,19434.150390625,856.9000244140625,942.0,1331.4000244140625,1187.554443359375,3277.300048828125,19300.0,861.7249755859375,947.25,1344.300048828125,1211.4371337890625,3290.0,19406.599609375,38795188,14041699,5797775,8061643,1656681,226900
2023-07-05,801.1211547851562,927.0398559570312,1225.72998046875,1174.3856201171875,3018.266845703125,19398.5,836.6500244140625,958.0,1347.300048828125,1192.746337890625,3319.949951171875,19398.5,860.0,964.75,1357.949951171875,1204.0531005859375,3329.0,19421.599609375,834.2750244140625,941.0,1341.0,1188.7313232421875,3305.0,19339.599609375,858.125,942.0499877929688,1357.8499755859375,1204.0531005859375,3320.0,19405.94921875,37165754,13817767,5414936,10248062,1453008,224400
2023-07-06,801.93505859375,928.3946533203125,1222.6365966796875,1199.0367431640625,3020.949462890625,19497.30078125,837.5,959.4000244140625,1343.9000244140625,1217.78271484375,3322.89990234375,19497.30078125,843.9249877929688,963.9000244140625,1347.449951171875,1220.4132080078125,3328.449951171875,19512.19921875,830.2000122070312,954.0,1337.1500244140625,1188.8466796875,3302.0,19373.0,836.5,954.7000122070312,1342.550048828125,1188.8466796875,3306.550048828125,19385.69921875,52156544,16334427,5963897,19117987,1848238,268300
2023-07-07,794.945068359375,915.8147583007812,1210.1728515625,1196.6966552734375,3026.72216796875,19331.80078125,830.2000122070312,946.4000244140625,1330.199951171875,1215.406005859375,3329.25,19331.80078125,837.5,955.0499877929688,1345.800048828125,1229.8740234375,3356.89990234375,19523.599609375,828.1500244140625,943.7999877929688,1325.3499755859375,1212.821533203125,3302.0,19303.599609375,832.5,953.0,1334.0,1216.0521240234375,3302.0,19422.80078125,19926336,8593807,6295647,13375267,1789326,237100
2023-07-10,793.0538940429688,917.7501831054688,1209.2176513671875,1242.7950439453125,2974.629150390625,19355.900390625,828.2249755859375,948.4000244140625,1329.1500244140625,1262.22509765625,3271.949951171875,19355.900390625,838.375,952.9000244140625,1341.9000244140625,1271.8935546875,3324.75,19435.849609375,824.8499755859375,941.3499755859375,1319.300048828125,1234.5120849609375,3265.199951171875,19327.099609375,830.5,946.0,1336.550048828125,1240.9268798828125,3324.75,19400.349609375,38398442,12069184,3940315,33240016,1407431,268200
2023-07-11,789.1997680664062,914.41162109375,1226.9124755859375,1256.2677001953125,2975.03759765625,19439.400390625,824.2000122070312,944.9500122070312,1348.5999755859375,1275.9085693359375,3272.39990234375,19439.400390625,838.0,952.7000122070312,1350.9000244140625,1278.3544921875,3295.0,19515.099609375,822.75,941.9000244140625,1327.0,1263.4019775390625,3260.800048828125,19406.44921875,831.5,948.4000244140625,1333.449951171875,1270.462890625,3295.0,19427.099609375,50670426,16977595,6126128,20069348,1110172,251300
2023-07-12,781.8029174804688,913.8794555664062,1212.993408203125,1257.653564453125,2963.673828125,19384.30078125,816.4749755859375,944.4000244140625,1333.300048828125,1277.316162109375,3259.89990234375,19384.30078125,833.1500244140625,951.1500244140625,1351.9000244140625,1293.12255859375,3289.14990234375,19507.69921875,813.5750122070312,941.25,1327.0,1274.5009765625,3250.10009765625,19361.75,827.6749877929688,948.4000244140625,1351.0,1276.64697265625,3280.949951171875,19497.44921875,70958358,21511161,8102770,18733835,1515240,327900
2023-07-13,785.7047729492188,924.814208984375,1241.9237060546875,1246.4072265625,3036.99560546875,19413.75,820.5499877929688,955.7000122070312,1365.0999755859375,1265.89404296875,3340.550048828125,19413.75,828.7249755859375,959.25,1376.800048828125,1291.738037109375,3367.449951171875,19567.0,819.0250244140625,942.2000122070312,1330.8499755859375,1263.240478515625,3272.75,19385.80078125,828.3499755859375,947.7000122070312,1334.9000244140625,1284.7694091796875,3284.0,19495.19921875,41913546,23222286,9977644,14682934,4585146,310400
2023-07-14,787.3326416015625,929.0236206054688,1297.2830810546875,1245.3623046875,3195.27490234375,19564.5,822.25,960.0499877929688,1425.949951171875,1264.8326416015625,3514.64990234375,19564.5,826.7999877929688,965.0,1430.0,1274.1549072265625,3524.85009765625,19595.349609375,817.5,951.3499755859375,1380.6500244140625,1257.6331787109375,3352.0,19433.5,826.7999877929688,959.75,1380.6500244140625,1269.12451171875,3365.0,19493.44921875,24727214,12871569,12833381,15124144,6306101,291200
2023-07-17,803.8021850585938,937.3941040039062,1294.5537109375,1270.8084716796875,3174.410400390625,19711.44921875,839.4500122070312,968.7000122070312,1422.949951171875,1290.6766357421875,3491.699951171875,19711.44921875,841.0,973.7999877929688,1458.949951171875,1299.1451416015625,3549.89990234375,19731.849609375,816.5,952.8499755859375,1414.300048828125,1258.9715576171875,3477.050048828125,19562.94921875,825.0,962.9000244140625,1425.949951171875,1267.7401123046875,3510.0,19612.150390625,49252928,16290763,11569884,22220040,2743228,268700
2023-07-18,803.1319580078125,943.9259643554688,1342.089111328125,1281.600341796875,3179.0927734375,19749.25,838.75,975.4500122070312,1475.199951171875,1301.63720703125,3496.85009765625,19749.25,852.0,987.9500122070312,1477.949951171875,1309.482666015625,3524.0,19819.44921875,835.0,971.1500244140625,1429.0,1288.968994140625,3465.0,19690.19921875,849.0,978.0,1434.0,1300.0450439453125,3476.0,19787.5,81076818,29709508,16743977,25867313,2600090,286400
2023-07-19,806.7705688476562,941.9905395507812,1341.8616943359375,1291.3243408203125,3154.72802734375,19833.150390625,842.5499877929688,973.4500122070312,1474.949951171875,1311.5133056640625,3470.050048828125,19833.150390625,844.375,980.0,1498.800048828125,1318.0435791015625,3516.85009765625,19851.69921875,837.5,967.5499877929688,1460.699951171875,1290.8150634765625,3445.64990234375,19727.44921875,840.5499877929688,980.0,1486.0,1306.0445556640625,3500.0,19802.94921875,32935134,15994261,13687062,39122156,2405370,259700
2023-07-20,808.51806640625,963.4247436523438,1318.708251953125,1289.7606201171875,3156.778564453125,19979.150390625,844.375,995.5999755859375,1449.5,1309.925048828125,3463.300048828125,19979.150390625,846.0,998.1500244140625,1471.0,1315.4749755859375,3478.89990234375,19991.849609375,840.0,972.0999755859375,1440.699951171875,1290.0,3436.050048828125,19758.400390625,840.5750122070312,976.0499877929688,1471.0,1290.0,3453.10009765625,19831.69921875,56210948,26487838,8347221,38717624,1715404,274700
2023-07-21,802.2940673828125,964.7794799804688,1211.446533203125,1249.8345947265625,3070.1865234375,19745.0,837.875,997.0,1331.5999755859375,1269.375,3368.300048828125,19745.0,844.9000244140625,1001.4500122070312,1350.0,1307.449951171875,3434.89990234375,19887.400390625,836.625,988.7999877929688,1305.0,1261.800048828125,3359.050048828125,19700.0,840.0,995.2999877929688,1320.199951171875,1304.5,3404.050048828125,19800.44921875,42154248,16903003,45548305,30249238,3770223,312500
2023-07-24,803.5628662109375,959.9410400390625,1215.995361328125,1224.554931640625,3094.2958984375,19672.349609375,839.2000122070312,992.0,1336.5999755859375,1243.699951171875,3394.75,19672.349609375,842.3250122070312,1008.7000122070312,1349.9000244140625,1257.4749755859375,3413.449951171875,19782.75,835.0499877929688,990.0999755859375,1334.25,1234.6500244140625,3372.10009765625,19658.30078125,839.25,1004.9500122070312,1341.0,1240.5,3381.0,19748.44921875,32179444,21687719,8859789,23727866,1680132,265600
2023-07-25,812.2764282226562,962.5537719726562,1214.17578125,1223.767333984375,3098.306396484375,19680.599609375,848.2999877929688,994.7000122070312,1334.5999755859375,1242.9000244140625,3399.14990234375,19680.599609375,849.5,999.0,1342.8499755859375,1252.5999755859375,3406.800048828125,19729.349609375,839.2000122070312,988.25,1324.25,1240.0,3380.199951171875,19615.94921875,842.3250122070312,999.0,1337.0,1247.0,3397.5,19729.349609375,55992596,29325327,6801982,12026020,1272980,369700
2023-07-26,809.4515991210938,964.247314453125,1227.1400146484375,1243.65625,3088.416259765625,19778.30078125,845.3499755859375,996.4500122070312,1348.8499755859375,1263.0999755859375,3388.300048828125,19778.30078125,849.7999877929688,997.75,1350.0,1273.5,3420.85009765625,19825.599609375,844.0,990.0,1339.4000244140625,1242.5,3385.0,19716.69921875,849.7999877929688,993.0999755859375,1343.0,1242.5,3400.35009765625,19733.349609375,24794358,12780537,5528885,12911012,1066803,244700
2023-07-27,801.04931640625,958.2476196289062,1231.052001953125,1232.0872802734375,3096.25537109375,19659.900390625,836.5750122070312,990.25,1353.1500244140625,1251.3499755859375,3396.89990234375,19659.900390625,851.5,1006.5,1363.800048828125,1268.824951171875,3411.64990234375,19867.55078125,833.7249755859375,987.2000122070312,1347.050048828125,1245.175048828125,3385.050048828125,19603.55078125,849.9500122070312,1002.5499877929688,1358.5999755859375,1267.0250244140625,3394.949951171875,19850.900390625,59741302,25932395,9191861,17226898,1701769,334900
2023-07-28,786.8538208007812,964.00537109375,1219.54345703125,1244.4686279296875,3058.428466796875,19646.05078125,821.75,996.2000122070312,1340.5,1263.925048828125,3355.39990234375,19646.05078125,834.4500122070312,998.7000122070312,1363.8499755859375,1271.425048828125,3393.699951171875,19695.900390625,820.5499877929688,977.0499877929688,1336.0,1250.2750244140625,3331.0,19563.099609375,830.75,988.0,1353.8499755859375,1256.0250244140625,3385.0,19659.75,41015684,12584130,6122735,20827852,2599831,258700
2023-07-31,790.5403442382812,966.0374145507812,1233.371826171875,1255.00390625,3118.63232421875,19753.80078125,825.5999755859375,998.2999877929688,1355.699951171875,1274.625,3421.449951171875,19753.80078125,828.4000244140625,999.4000244140625,1357.5,1276.949951171875,3426.64990234375,19772.75,819.3499755859375,988.5999755859375,1333.25,1258.9749755859375,3360.89990234375,19597.599609375,825.0250244140625,996.0,1348.75,1263.925048828125,3364.39990234375,19666.349609375,34565006,14303116,7902180,8551174,2743678,295100
2023-08-01,795.8306884765625,962.40869140625,1242.0146484375,1237.25634765625,3146.524658203125,19733.55078125,831.125,994.5499877929688,1365.199951171875,1256.5999755859375,3452.050048828125,19733.55078125,833.7249755859375,1003.7000122070312,1369.0,1279.5,3460.0,19795.599609375,825.0,990.4500122070312,1357.0,1252.6500244140625,3415.0,19704.599609375,827.2249755859375,1001.6500244140625,1362.0,1277.5,3415.0,19784.0,35394188,15508569,6064652,9536632,1956167,298000
2023-08-02,785.4175415039062,955.0543212890625,1234.418212890625,1224.0379638671875,3136.13330078125,19526.55078125,820.25,986.9500122070312,1356.8499755859375,1243.175048828125,3440.64990234375,19526.55078125,825.75,994.0999755859375,1371.949951171875,1256.0,3446.39990234375,19678.25,816.5750122070312,977.5,1348.449951171875,1231.800048828125,3413.60009765625,19423.55078125,821.0,985.25,1369.300048828125,1254.5999755859375,3434.949951171875,19655.400390625,28116322,15787996,7419145,12748214,1914899,290700
2023-08-03,779.7442626953125,933.8136596679688,1241.1959228515625,1218.8934326171875,3099.03564453125,19381.650390625,814.3250122070312,965.0,1364.300048828125,1237.949951171875,3399.949951171875,19381.650390625,825.6749877929688,983.0,1366.550048828125,1250.449951171875,3433.25,19537.650390625,811.5,960.0499877929688,1349.0,1229.0250244140625,3368.0,19296.44921875,820.0,976.5499877929688,1350.0,1237.6500244140625,3420.0,19463.75,57673946,30994707,6503741,10168350,2026351,315700
2023-08-04,791.0191040039062,939.1359252929688,1253.9781494140625,1235.4593505859375,3138.777099609375,19517.0,826.0999755859375,970.5,1378.3499755859375,1254.7750244140625,3443.550048828125,19517.0,828.25,976.0,1385.9000244140625,1258.0,3471.0,19538.849609375,814.625,961.25,1362.0,1235.800048828125,3401.25,19436.44921875,817.5750122070312,968.6500244140625,1368.9000244140625,1249.4000244140625,3401.25,19462.80078125,37388304,20582882,5712345,22885610,2248493,280800
2023-08-07,790.5642700195312,944.1195068359375,1267.30615234375,1242.4993896484375,3175.6923828125,19597.30078125,825.625,975.6500244140625,1393.0,1261.925048828125,3484.050048828125,19597.30078125,831.5499877929688,981.5,1395.0,1264.199951171875,3488.0,19620.44921875,823.7750244140625,968.2000122070312,1377.0,1252.5,3441.25,19524.80078125,831.5499877929688,970.9500122070312,1387.9000244140625,1260.5,3453.949951171875,19576.849609375,28300918,16686062,3729093,5982870,1853889,216600
2023-08-08,789.91796875,948.2321166992188,1264.759033203125,1235.0162353515625,3163.432861328125,19570.849609375,824.9500122070312,979.9000244140625,1390.199951171875,1254.324951171875,3470.60009765625,19570.849609375,827.7999877929688,986.5999755859375,1393.550048828125,1267.2249755859375,3489.949951171875,19634.400390625,821.0250244140625,972.2999877929688,1384.4000244140625,1249.7750244140625,3456.60009765625,19533.099609375,825.8499755859375,975.75,1392.8499755859375,1264.0,3484.050048828125,19627.19921875,43773828,23784778,4161877,9844072,1634225,260300
2023-08-09,790.2052001953125,949.0126342773438,1268.5799560546875,1243.1640625,3156.049560546875,19632.55078125,825.25,972.7000122070312,1394.4000244140625,1262.5999755859375,3462.5,19632.55078125,827.25,975.2999877929688,1396.0,1264.5,3467.0,19645.5,815.5499877929688,963.5999755859375,1382.5,1240.550048828125,3425.050048828125,19467.5,826.5,974.9500122070312,1384.0,1252.425048828125,3464.89990234375,19578.80078125,33361236,19317331,4090828,11486586,1794589,266500
2023-08-10,783.1912841796875,940.6220703125,1263.7581787109375,1248.7025146484375,3137.455322265625,19543.099609375,817.9249877929688,964.0999755859375,1389.0999755859375,1268.2249755859375,3442.10009765625,19543.099609375,827.125,973.6500244140625,1395.800048828125,1275.0,3464.89990234375,19623.599609375,815.5,959.4500122070312,1385.5999755859375,1254.2249755859375,3430.050048828125,19495.400390625,823.5250244140625,971.5499877929688,1391.5999755859375,1262.4749755859375,3450.0,19605.55078125,50781118,24858441,3873025,15470598,1096701,312200
2023-08-11,775.0284423828125,929.64599609375,1248.0645751953125,1253.969970703125,3143.5625,19428.30078125,809.4000244140625,952.8499755859375,1371.8499755859375,1273.574951171875,3448.800048828125,19428.30078125,819.2000122070312,963.5,1396.8499755859375,1279.425048828125,3466.64990234375,19557.75,808.0999755859375,950.0,1367.050048828125,1256.175048828125,3414.0,19412.75,819.2000122070312,963.4000244140625,1392.0,1266.2249755859375,3438.10009765625,19554.25,28225822,17162177,5783517,22179330,1679974,235500
2023-08-14,771.24609375,936.1828002929688,1267.806640625,1268.788330078125,3144.519287109375,19434.55078125,805.4500122070312,959.5499877929688,1393.550048828125,1288.625,3449.85009765625,19434.55078125,807.5,962.9000244140625,1395.0,1291.1500244140625,3455.0,19465.849609375,800.125,946.0,1365.5999755859375,1262.5,3411.0,19257.900390625,805.5,949.0,1371.8499755859375,1269.5,3440.699951171875,19383.94921875,31304410,19026691,4304135,9575812,1190425,243900
2023-08-16,768.995849609375,933.2071533203125,1290.505126953125,1267.7545166015625,3152.3125,19465.0,803.0999755859375,956.5,1418.5,1287.574951171875,3458.39990234375,19465.0,804.8250122070312,959.7999877929688,1419.949951171875,1291.4000244140625,3466.0,19482.75,790.6500244140625,946.5999755859375,1405.4000244140625,1275.5,3435.199951171875,19317.19921875,791.5499877929688,954.4500122070312,1410.800048828125,1275.5,3450.0,19369.0,34137542,17930805,7735313,10203112,1328445,0
2023-08-17,764.73486328125,928.4752807617188,1284.1824951171875,1249.4654541015625,3131.6669921875,19365.25,798.6500244140625,951.6500244140625,1411.550048828125,1269.0,3435.75,19365.25,804.9500122070312,957.7999877929688,1420.0,1289.050048828125,3460.800048828125,19461.55078125,797.0,946.4500122070312,1406.0,1266.425048828125,3413.199951171875,19326.25,798.7999877929688,956.9500122070312,1420.0,1283.550048828125,3455.0,19450.55078125,52884040,27077611,5618346,13673744,1843241,268700
2023-08-18,761.598876953125,927.4996337890625,1263.4852294921875,1258.720703125,3069.093017578125,19310.150390625,795.375,950.6500244140625,1388.800048828125,1278.4000244140625,3367.10009765625,19310.150390625,798.1500244140625,955.0,1408.699951171875,1288.800048828125,3410.0,19373.80078125,792.75,946.0,1386.1500244140625,1254.2750244140625,3356.5,19253.599609375,793.7750244140625,947.9000244140625,1403.699951171875,1265.625,3410.0,19301.75,25633366,13257508,5134103,18639978,2526749,256100
2023-08-21,761.00048828125,931.9388427734375,1278.58740234375,1244.986328125,3100.5849609375,19393.599609375,794.75,955.2000122070312,1405.4000244140625,1260.0,3401.64990234375,19393.599609375,800.25,959.2999877929688,1407.0,1277.7249755859375,3409.75,19425.94921875,793.5,948.4000244140625,1387.1500244140625,1257.824951171875,3372.0,19296.30078125,800.25,950.7000122070312,1389.75,1269.9749755859375,3375.0,19320.650390625,21837270,13358017,3032722,9221746,1375579,262600
2023-08-22,757.7448120117188,928.8167724609375,1277.0863037109375,1244.68994140625,3082.810791015625,19396.44921875,791.3499755859375,952.0,1403.75,1259.699951171875,3382.14990234375,19396.44921875,799.0,956.9500122070312,1406.050048828125,1268.9749755859375,3411.0,19443.5,790.0,949.2999877929688,1396.6500244140625,1249.5,3365.050048828125,19381.30078125,798.1749877929688,956.4000244140625,1404.699951171875,1258.449951171875,3400.0,19417.099609375,32273570,16872719,2890714,7713044,1222012,208700
2023-08-23,759.6119995117188,943.3051147460938,1280.9073486328125,1246.0732421875,3097.48583984375,19444.0,793.2999877929688,966.8499755859375,1407.949951171875,1261.0999755859375,3398.25,19444.0,795.2750244140625,968.0499877929688,1416.5999755859375,1271.425048828125,3402.0,19472.05078125,786.625,949.8499755859375,1405.6500244140625,1258.4749755859375,3376.0,19366.599609375,790.0,954.0,1416.0,1262.0999755859375,3388.0,19439.19921875,36498588,14707331,2559125,9517952,1330046,225200
2023-08-24,756.1170043945312,945.35400390625,1295.1451416015625,1225.1258544921875,3087.91552734375,19386.69921875,789.6500244140625,968.9500122070312,1423.5999755859375,1239.9000244140625,3387.75,19386.69921875,798.0999755859375,982.4000244140625,1425.050048828125,1269.949951171875,3413.050048828125,19584.44921875,788.0750122070312,966.75,1414.449951171875,1235.5,3378.10009765625,19369.0,796.6500244140625,972.5,1421.5,1269.949951171875,3408.0,19535.150390625,43145792,28389740,5171963,14140020,1152881,268300
2023-08-25,747.594970703125,946.7686767578125,1291.9609375,1219.4691162109375,3082.036376953125,19265.80078125,780.75,970.4000244140625,1420.0999755859375,1234.175048828125,3381.300048828125,19265.80078125,788.75,972.5999755859375,1422.5,1252.5,3385.800048828125,19339.55078125,779.2000122070312,960.2000122070312,1411.4000244140625,1221.300048828125,3350.25,19229.69921875,787.2750244140625,962.9500122070312,1413.0,1228.0,3375.0,19297.400390625,30069756,10275758,4307172,22222400,1158046,466500
2023-08-28,755.3749389648438,946.9149780273438,1287.9124755859375,1207.315673828125,3076.795166015625,19306.05078125,788.875,970.5499877929688,1415.6500244140625,1221.875,3375.550048828125,19306.05078125,791.3250122070312,975.0,1424.800048828125,1242.0,3394.0,19366.849609375,780.75,965.0499877929688,1411.4000244140625,1215.550048828125,3360.10009765625,19249.69921875,780.75,969.9500122070312,1420.0999755859375,1236.0,3394.0,19298.349609375,28867238,10481574,3133464,12580826,1037485,248200
2023-08-29,761.3834838867188,944.1831665039062,1289.73193359375,1195.755126953125,3077.342041015625,19342.650390625,795.1500244140625,967.75,1417.6500244140625,1210.175048828125,3376.14990234375,19342.650390625,796.3250122070312,977.25,1424.4000244140625,1226.7249755859375,3389.550048828125,19377.900390625,790.7249755859375,965.6500244140625,1415.300048828125,1204.074951171875,3365.0,19309.099609375,794.8499755859375,973.2999877929688,1424.0,1226.0250244140625,3381.050048828125,19374.849609375,35538932,13209913,3074444,16876644,944517,307400
2023-08-30,755.8297119140625,935.5487670898438,1305.65283203125,1194.61865234375,3090.83203125,19347.44921875,789.3499755859375,958.9000244140625,1435.1500244140625,1209.0250244140625,3390.949951171875,19347.44921875,801.9749755859375,975.9000244140625,1436.6500244140625,1221.5,3408.10009765625,19452.80078125,786.8499755859375,955.4000244140625,1424.0,1207.5,3383.050048828125,19334.75,801.9749755859375,970.4500122070312,1427.0,1216.0,3398.0,19433.44921875,28084204,13936165,3070887,12168946,1188200,233000
2023-08-31,752.3587036132812,935.40234375,1305.9259033203125,1189.1595458984375,3059.704345703125,19253.80078125,785.7249755859375,958.75,1435.449951171875,1203.5,3356.800048828125,19253.80078125,791.5750122070312,966.2000122070312,1444.9000244140625,1212.5,3417.39990234375,19388.19921875,781.5499877929688,954.0499877929688,1428.6500244140625,1199.949951171875,3343.64990234375,19223.650390625,789.5,960.0,1435.1500244140625,1211.5,3401.0,19375.55078125,100075772,36675400,9792735,21638600,3417652,562600
2023-09-01,753.9146728515625,945.110107421875,1313.56787109375,1191.950927734375,3080.1220703125,19435.30078125,787.3499755859375,968.7000122070312,1443.8499755859375,1206.324951171875,3379.199951171875,19435.30078125,789.5,973.0499877929688,1446.0,1212.824951171875,3389.0,19458.55078125,779.6749877929688,952.7999877929688,1428.199951171875,1200.824951171875,3356.800048828125,19255.69921875,785.5,956.9000244140625,1430.949951171875,1203.2750244140625,3366.0,19258.150390625,43226776,16268147,3582133,18112842,1277950,333000
2023-09-04,758.630615234375,943.7929077148438,1332.9005126953125,1190.9874267578125,3115.94384765625,19528.80078125,792.2750244140625,967.3499755859375,1465.0999755859375,1205.3499755859375,3418.5,19528.80078125,795.7249755859375,969.0499877929688,1470.0,1211.824951171875,3432.85009765625,19545.150390625,787.4500122070312,960.5499877929688,1434.699951171875,1202.6500244140625,3370.050048828125,19432.849609375,795.0,968.7000122070312,1443.0,1206.324951171875,3378.0,19525.05078125,25073638,9512956,4609014,9347626,1828332,296800
2023-09-05,754.010498046875,944.8173828125,1345.455322265625,1197.3607177734375,3125.83349609375,19574.900390625,787.4500122070312,968.4000244140625,1478.9000244140625,1211.800048828125,3429.35009765625,19574.900390625,794.2000122070312,970.0,1480.050048828125,1216.9749755859375,3447.0,19587.05078125,785.2999877929688,962.25,1456.5,1206.2249755859375,3405.14990234375,19525.75,794.2000122070312,964.0999755859375,1465.0,1210.0,3420.0,19564.650390625,38712082,16623486,5496840,8675876,1501842,256800
2023-09-06,763.873046875,934.182861328125,1344.135986328125,1199.88037109375,3126.334716796875,19611.05078125,797.75,957.5,1477.449951171875,1214.3499755859375,3429.89990234375,19611.05078125,800.0,969.5,1482.9000244140625,1218.074951171875,3443.89990234375,19636.44921875,787.4500122070312,950.7999877929688,1463.300048828125,1208.625,3398.10009765625,19491.5,788.4000244140625,962.5499877929688,1481.9000244140625,1210.550048828125,3434.0,19581.19921875,56320910,30802100,5075786,8200370,1314818,287600
2023-09-07,771.22216796875,942.1343383789062,1333.901123046875,1201.5107421875,3149.44091796875,19727.05078125,805.4249877929688,965.6500244140625,1466.199951171875,1216.0,3455.25,19727.05078125,807.0,969.5,1473.4000244140625,1219.125,3460.0,19737.0,793.5750122070312,954.7000122070312,1462.050048828125,1205.5,3422.300048828125,19550.05078125,797.75,957.4000244140625,1470.5999755859375,1210.8499755859375,3430.800048828125,19598.650390625,34208342,13462347,4411743,13652572,1885092,304900
2023-09-08,777.230712890625,946.9149780273438,1336.994384765625,1209.5140380859375,3137.2724609375,19819.94921875,811.7000122070312,970.5499877929688,1469.5999755859375,1224.0999755859375,3441.89990234375,19819.94921875,816.4500122070312,975.0,1474.75,1228.0,3465.0,19867.150390625,803.7999877929688,961.25,1460.199951171875,1211.4749755859375,3435.050048828125,19727.05078125,804.1500244140625,967.5,1463.5,1220.0,3455.25,19774.80078125,34502210,13086915,3125838,23109288,1518917,288100
2023-09-11,781.2523803710938,954.4274291992188,1343.2261962890625,1222.5570068359375,3172.593017578125,19996.349609375,815.9000244140625,978.25,1476.449951171875,1237.300048828125,3480.64990234375,19996.349609375,818.25,982.0,1478.050048828125,1238.425048828125,3485.699951171875,20008.150390625,812.0,969.3499755859375,1464.5,1226.0,3445.0,19865.349609375,814.4500122070312,974.9500122070312,1469.5999755859375,1226.0,3462.0,19890.0,31573022,7894110,4182226,13271074,1783604,248800
2023-09-12,783.6940307617188,966.379150390625,1365.652099609375,1204.89501953125,3263.87939453125,19993.19921875,818.4500122070312,990.5,1501.0999755859375,1219.425048828125,3580.800048828125,19993.19921875,821.4500122070312,995.1500244140625,1504.0,1241.5,3589.89990234375,20110.349609375,812.5250244140625,982.6500244140625,1477.0999755859375,1217.9749755859375,3483.0,19914.650390625,820.0,990.0999755859375,1482.5,1241.5,3492.0,20110.150390625,39033340,20959591,6793161,16255666,4476016,328100
2023-09-13,787.04541015625,965.6961669921875,1363.1502685546875,1210.9222412109375,3252.07568359375,20070.0,821.9500122070312,989.7999877929688,1498.3499755859375,1225.5250244140625,3567.85009765625,20070.0,825.7999877929688,994.8499755859375,1505.0,1231.324951171875,3588.85009765625,20096.900390625,814.2999877929688,980.5499877929688,1488.6500244140625,1213.125,3545.0,19944.099609375,815.6500244140625,989.7999877929688,1505.0,1220.0,3571.10009765625,19989.5,46420094,21997553,4804686,12803338,1754929,251400
2023-09-14,786.5665893554688,963.6473999023438,1370.97412109375,1212.0338134765625,3244.966064453125,20103.099609375,821.4500122070312,987.7000122070312,1506.949951171875,1226.6500244140625,3560.050048828125,20103.099609375,825.0,992.9000244140625,1512.550048828125,1232.9000244140625,3597.699951171875,20167.650390625,817.5499877929688,982.25,1499.1500244140625,1222.5,3545.60009765625,20043.44921875,822.125,992.2999877929688,1505.0,1230.0,3570.050048828125,20127.94921875,23538848,11464188,6444213,9209636,2604721,275100
2023-09-15,795.5913696289062,968.28173828125,1375.2047119140625,1214.28173828125,3279.830810546875,20192.349609375,830.875,992.4500122070312,1511.5999755859375,1228.925048828125,3598.300048828125,20192.349609375,835.0,997.5,1518.4000244140625,1234.0,3607.35009765625,20222.44921875,825.0,988.5999755859375,1509.0,1224.75,3562.449951171875,20129.69921875,825.0,990.3499755859375,1518.0,1234.0,3567.85009765625,20156.44921875,173411202,13307980,8657816,25468592,2952897,438200
2023-09-18,779.9357299804688,966.0864868164062,1357.1912841796875,1203.709228515625,3286.9853515625,20133.30078125,814.5250244140625,990.2000122070312,1491.800048828125,1218.2249755859375,3606.14990234375,20133.30078125,827.5,996.25,1504.9000244140625,1225.5,3619.300048828125,20195.349609375,813.0499877929688,987.2999877929688,1488.0,1216.0250244140625,3575.25,20115.69921875,826.875,990.0999755859375,1504.9000244140625,1220.0250244140625,3580.050048828125,20155.94921875,37056288,16713222,3991916,7516300,1395753,264900
2023-09-20,748.6482543945312,963.1107788085938,1355.7811279296875,1176.8826904296875,3286.89453125,19901.400390625,781.8499755859375,987.1500244140625,1490.25,1191.074951171875,3606.050048828125,19901.400390625,799.5,996.0,1495.0999755859375,1213.800048828125,3625.0,20050.650390625,780.2000122070312,980.6500244140625,1476.199951171875,1177.5,3580.0,19878.849609375,799.5,981.5499877929688,1476.199951171875,1211.5250244140625,3580.0,19980.75,115474648,25741856,4169337,57081884,1649396,378100
2023-09-21,743.6930541992188,935.93896484375,1366.2435302734375,1168.31103515625,3267.980712890625,19742.349609375,776.6749877929688,959.2999877929688,1501.75,1182.4000244140625,3585.300048828125,19742.349609375,784.4749755859375,982.5,1504.550048828125,1195.050048828125,3605.0,19848.75,768.5250244140625,957.4500122070312,1476.0,1180.0,3528.0,19709.94921875,776.5,979.9500122070312,1486.550048828125,1187.4749755859375,3588.550048828125,19840.55078125,72841442,19742813,6779195,12226182,2004073,275100
2023-09-22,732.3462524414062,927.1581420898438,1361.14892578125,1163.4447021484375,3284.706787109375,19674.25,764.8250122070312,950.2999877929688,1496.1500244140625,1177.4749755859375,3603.64990234375,19674.25,782.2000122070312,960.9000244140625,1506.949951171875,1191.2249755859375,3633.75,19798.650390625,761.875,947.4000244140625,1485.199951171875,1175.0,3565.050048828125,19657.5,779.5,956.5,1491.9000244140625,1188.0,3584.0,19744.849609375,61704250,12701888,5455613,19176786,1989083,246400
2023-09-25,732.9925537109375,933.060791015625,1341.1339111328125,1156.2811279296875,3260.55224609375,19674.55078125,765.5,956.3499755859375,1474.1500244140625,1170.2249755859375,3577.14990234375,19674.55078125,770.3499755859375,961.2000122070312,1489.8499755859375,1180.3499755859375,3620.0,19734.150390625,762.5,941.5,1471.550048828125,1167.550048828125,3558.64990234375,19601.55078125,762.5,950.2999877929688,1489.8499755859375,1175.199951171875,3602.5,19678.19921875,40208754,8997098,4217863,14254884,1238778,188400
2023-09-26,736.1763916015625,925.5971069335938,1328.85205078125,1157.2938232421875,3268.345703125,19664.69921875,768.8250122070312,948.7000122070312,1460.6500244140625,1171.25,3585.699951171875,19664.69921875,770.0,958.9500122070312,1479.9000244140625,1175.0999755859375,3594.949951171875,19699.349609375,762.5,947.0999755859375,1459.0,1167.800048828125,3536.0,19637.44921875,762.5,958.9500122070312,1479.1500244140625,1169.2750244140625,3567.60009765625,19682.80078125,27575308,10521409,3996528,10087782,1726062,204900
2023-09-27,731.005615234375,920.1334228515625,1334.6290283203125,1170.3365478515625,3271.627197265625,19716.44921875,763.4249877929688,943.0999755859375,1467.0,1184.449951171875,3589.300048828125,19716.44921875,766.25,946.5,1469.5999755859375,1185.9000244140625,3614.0,19730.69921875,757.5,934.4000244140625,1450.050048828125,1169.25,3555.699951171875,19554.0,761.5,946.2999877929688,1456.0,1171.75,3590.0,19637.05078125,39338538,15152973,3863586,11722778,1541134,203600
2023-09-28,729.4974975585938,919.6456909179688,1309.5648193359375,1153.14404296875,3223.727783203125,19523.55078125,761.8499755859375,942.5999755859375,1439.449951171875,1167.050048828125,3536.75,19523.55078125,768.7999877929688,947.25,1472.5999755859375,1191.5,3602.800048828125,19766.650390625,759.1749877929688,934.75,1435.0,1162.5,3527.35009765625,19492.099609375,767.0,945.5,1467.9000244140625,1191.5,3600.0,19761.80078125,55354188,25991282,5814602,14518346,1755753,352800
2023-09-29,730.742431640625,928.7191772460938,1305.9259033203125,1158.529052734375,3216.299560546875,19638.30078125,763.1500244140625,951.9000244140625,1435.449951171875,1172.5,3528.60009765625,19638.30078125,767.7249755859375,956.0,1446.800048828125,1184.550048828125,3568.449951171875,19726.25,761.1500244140625,943.7000122070312,1416.0,1167.050048828125,3505.550048828125,19551.05078125,761.8499755859375,946.7000122070312,1432.0999755859375,1170.9000244140625,3537.199951171875,19581.19921875,32053782,10447334,6068968,12342014,2243791,243500
2023-10-03,722.0048828125,917.401611328125,1304.606689453125,1145.263916015625,3202.85498046875,19528.75,754.0250244140625,940.2999877929688,1434.0,1159.074951171875,3513.85009765625,19528.75,763.5,951.5999755859375,1437.0,1167.800048828125,3534.199951171875,19623.19921875,753.0,939.0,1420.300048828125,1158.0,3480.10009765625,19479.650390625,763.5,951.5999755859375,1436.050048828125,1164.9749755859375,3534.199951171875,19622.400390625,38971694,11131636,4181867,8859056,1948148,221700
2023-10-04,732.29833984375,907.4012451171875,1314.022705078125,1143.2877197265625,3224.6396484375,19436.099609375,764.7750244140625,930.0499877929688,1444.3499755859375,1157.074951171875,3537.75,19436.099609375,767.5,935.5,1449.949951171875,1159.5,3548.0,19457.80078125,744.625,925.0,1418.199951171875,1147.550048828125,3477.300048828125,19333.599609375,747.5,935.0,1425.0,1154.5,3486.300048828125,19446.30078125,54649430,17334739,4510406,10286386,1788138,277100
2023-10-05,735.2667236328125,917.9381713867188,1331.3992919921875,1143.2630615234375,3271.6728515625,19545.75,767.875,940.8499755859375,1463.449951171875,1157.050048828125,3589.35009765625,19545.75,775.7750244140625,943.9500122070312,1475.6500244140625,1164.699951171875,3624.0,19576.94921875,766.2999877929688,934.5499877929688,1450.199951171875,1154.5,3551.199951171875,19487.30078125,767.5250244140625,935.2000122070312,1452.0,1159.625,3554.0,19521.849609375,48512674,10478856,7384621,10953682,2990768,234900
2023-10-06,734.452880859375,922.182373046875,1345.2733154296875,1145.18994140625,3300.885986328125,19653.5,767.0250244140625,945.2000122070312,1478.699951171875,1159.0,3621.39990234375,19653.5,772.5,946.5499877929688,1484.5,1162.4000244140625,3634.949951171875,19675.75,764.9249877929688,938.0,1463.300048828125,1156.0250244140625,3575.050048828125,19589.400390625,772.0,946.0,1469.5,1158.5250244140625,3591.0,19621.19921875,17759356,6355755,3598672,5431026,2075691,159100
2023-10-09,725.9307250976562,915.7431030273438,1342.3165283203125,1135.4324951171875,3316.335693359375,19512.349609375,758.125,938.5999755859375,1475.449951171875,1149.125,3638.35009765625,19512.349609375,765.0,942.0499877929688,1491.0,1155.9749755859375,3679.0,19588.94921875,756.0,936.2999877929688,1462.199951171875,1147.5,3631.0,19480.5,764.0,940.25,1464.9000244140625,1154.050048828125,3645.050048828125,19539.44921875,16454972,6725306,3567552,7576878,4233074,165100
2023-10-10,730.0481567382812,928.0362548828125,1360.2391357421875,1140.447021484375,3307.722412109375,19689.849609375,762.4249877929688,951.2000122070312,1495.1500244140625,1154.199951171875,3628.89990234375,19689.849609375,764.5,957.5,1497.0,1158.949951171875,3648.0,19717.80078125,757.5999755859375,940.3499755859375,1469.0999755859375,1151.875,3601.35009765625,19565.44921875,760.2750244140625,940.4000244140625,1483.9000244140625,1153.2750244140625,3640.050048828125,19565.599609375,33266292,11452715,5688951,10236032,1848148,216600
2023-10-11,737.1099853515625,929.8899536132812,1359.556640625,1158.5537109375,3290.404052734375,19811.349609375,769.7999877929688,953.0999755859375,1494.4000244140625,1172.5250244140625,3609.89990234375,19811.349609375,771.0750122070312,962.0499877929688,1518.25,1174.8499755859375,3650.0,19839.19921875,764.25,950.75,1481.449951171875,1156.5,3605.0,19756.94921875,765.0499877929688,954.9000244140625,1497.0,1157.2249755859375,3650.0,19767.0,31333360,12233117,7220129,9814118,2426417,213700
2023-10-12,742.0173950195312,931.011962890625,1333.2642822265625,1160.70263671875,3229.014892578125,19794.0,774.9249877929688,954.25,1465.5,1174.699951171875,3542.550048828125,19794.0,776.0,960.0999755859375,1504.4000244140625,1179.675048828125,3588.64990234375,19843.30078125,765.7999877929688,948.4000244140625,1452.0,1169.074951171875,3538.10009765625,19772.650390625,768.0499877929688,952.8499755859375,1491.9000244140625,1171.925048828125,3575.0,19822.69921875,22025336,7836818,11081662,12554450,4241281,217900
2023-10-13,735.2667236328125,928.1337280273438,1302.013916015625,1160.6534423828125,3254.809814453125,19751.05078125,767.875,951.2999877929688,1431.1500244140625,1174.6500244140625,3570.85009765625,19751.05078125,774.4000244140625,957.4000244140625,1438.0,1178.75,3577.0,19805.400390625,764.9749755859375,944.5499877929688,1400.0,1164.574951171875,3525.0,19635.30078125,770.0,949.9500122070312,1405.0,1170.0,3530.0,19654.55078125,39745300,6650442,17973439,10150316,2890357,255000
2023-10-16,732.3223266601562,928.2313842773438,1304.7431640625,1158.0596923828125,3212.15185546875,19731.75,764.7999877929688,951.4000244140625,1434.1500244140625,1172.0250244140625,3524.050048828125,19731.75,767.2249755859375,954.8499755859375,1443.5999755859375,1177.2750244140625,3574.64990234375,19781.30078125,760.25,946.1500244140625,1430.0,1168.0,3519.10009765625,19691.849609375,765.75,948.5,1432.0999755859375,1172.5,3566.0,19737.25,17856084,5763024,4850745,5929036,1671104,181000
2023-10-17,737.8759765625,930.6704711914062,1312.2943115234375,1163.593017578125,3196.656494140625,19811.5,770.5999755859375,953.9000244140625,1442.449951171875,1177.625,3507.050048828125,19811.5,777.875,960.9500122070312,1453.3499755859375,1179.8499755859375,3534.14990234375,19849.75,767.5,951.5,1438.050048828125,1170.6500244140625,3503.35009765625,19775.650390625,777.875,955.4000244140625,1440.25,1178.0,3530.0,19843.19921875,32902558,7747527,3923764,7928180,1672065,185800
2023-10-18,727.6064453125,920.7677001953125,1310.5657958984375,1148.154052734375,3178.60888671875,19671.099609375,759.875,943.75,1440.550048828125,1162.0,3487.25,19671.099609375,770.5999755859375,950.6500244140625,1454.0,1183.5,3522.699951171875,19840.94921875,759.0499877929688,939.0999755859375,1438.3499755859375,1160.5,3484.0,19659.94921875,770.5999755859375,949.2000122070312,1442.0,1177.625,3511.0,19820.44921875,31216200,12000153,4264837,8918320,1408245,198900
2023-10-19,725.3082885742188,912.9624633789062,1304.2882080078125,1139.33544921875,3157.955810546875,19624.69921875,757.4749755859375,935.75,1433.6500244140625,1153.074951171875,3455.64990234375,19624.69921875,763.125,945.0,1439.6500244140625,1160.9000244140625,3476.85009765625,19681.80078125,751.5999755859375,934.0,1426.0999755859375,1150.5,3451.89990234375,19512.349609375,752.7000122070312,936.0,1426.0999755859375,1156.0,3469.5,19545.19921875,30252364,8612676,6795691,12032556,1514545,230300
2023-10-20,729.0667114257812,910.0355224609375,1298.4656982421875,1135.8525390625,3193.505126953125,19542.650390625,761.4000244140625,932.75,1427.25,1149.550048828125,3494.550048828125,19542.650390625,763.5,940.0,1438.5,1157.3499755859375,3499.5,19593.80078125,752.5,930.0,1425.25,1148.1500244140625,3444.050048828125,19518.69921875,752.5,932.0,1430.0,1150.0,3450.39990234375,19542.150390625,21094010,6586576,3928622,8913312,1481211,198300
2023-10-23,721.04736328125,907.3037109375,1281.5440673828125,1118.1163330078125,3116.375244140625,19281.75,753.0250244140625,929.9500122070312,1408.6500244140625,1131.5999755859375,3410.14990234375,19281.75,764.375,944.7999877929688,1432.3499755859375,1153.125,3478.949951171875,19556.849609375,750.0499877929688,925.4000244140625,1405.25,1127.625,3401.300048828125,19257.849609375,761.75,942.0,1425.5999755859375,1145.0,3473.0,19521.599609375,22376136,11856890,2636516,7853962,1106272,176000
2023-10-25,716.47509765625,893.7909545898438,1262.560302734375,1115.522705078125,3098.05322265625,19122.150390625,748.25,916.0999755859375,1370.050048828125,1128.9749755859375,3390.10009765625,19122.150390625,761.4000244140625,933.7999877929688,1402.550048828125,1140.5999755859375,3425.0,19347.30078125,745.7249755859375,911.4000244140625,1361.300048828125,1121.5,3377.199951171875,19074.150390625,760.5,926.0499877929688,1399.0,1125.0250244140625,3390.5,19286.44921875,28311996,12593434,6940777,11620688,1518537,225300
2023-10-26,700.6279296875,886.5224609375,1252.7918701171875,1099.985107421875,3049.29931640625,18857.25,731.7000122070312,908.6500244140625,1359.449951171875,1113.25,3336.75,18857.25,746.0,916.5999755859375,1374.0,1129.0,3373.699951171875,19041.69921875,730.125,899.0,1353.0999755859375,1110.1500244140625,3330.0,18837.849609375,745.625,914.2999877929688,1355.050048828125,1125.5,3368.050048828125,19027.25,55561798,21693345,6357656,15222534,1984471,300400
2023-10-27,703.380859375,890.5225830078125,1272.0521240234375,1119.40087890625,3062.275634765625,19047.25,734.5750122070312,912.75,1380.3499755859375,1132.9000244140625,3350.949951171875,19047.25,739.0,918.1500244140625,1385.0,1136.75,3362.0,19076.150390625,733.4500122070312,911.2999877929688,1363.6500244140625,1117.9749755859375,3337.0,18926.650390625,734.75,916.0,1363.6500244140625,1120.0,3350.0,18928.75,31940532,8645505,4634358,11771084,1108851,205200
2023-10-30,711.0171508789062,902.376708984375,1269.0111083984375,1142.4725341796875,3087.497802734375,19140.900390625,742.5499877929688,924.9000244140625,1377.050048828125,1156.25,3378.550048828125,19140.900390625,744.9749755859375,926.2999877929688,1380.3499755859375,1162.5,3382.85009765625,19158.5,730.9500122070312,908.2000122070312,1363.0999755859375,1134.9749755859375,3333.75,18940.0,731.625,909.0999755859375,1380.3499755859375,1137.0,3350.0,19053.400390625,23310982,7687791,2667696,16813304,910972,180100
2023-10-31,706.8997192382812,893.0592041015625,1261.039794921875,1130.319091796875,3078.542236328125,19079.599609375,738.25,915.3499755859375,1368.4000244140625,1143.949951171875,3368.75,19079.599609375,752.0,931.0,1381.1500244140625,1164.0,3399.0,19233.69921875,737.0,914.0999755859375,1363.0,1141.449951171875,3350.050048828125,19056.44921875,752.0,929.2999877929688,1379.949951171875,1164.0,3399.0,19232.94921875,32634824,17211107,3451595,12808438,999811,206000
2023-11-01,705.9421997070312,891.7908325195312,1247.90771484375,1135.0125732421875,3043.724609375,18989.150390625,737.25,914.0499877929688,1354.1500244140625,1148.699951171875,3330.64990234375,18989.150390625,738.7249755859375,917.5999755859375,1377.449951171875,1158.75,3371.60009765625,19096.05078125,731.125,909.2999877929688,1351.6500244140625,1137.5999755859375,3311.0,18973.69921875,731.125,913.7999877929688,1373.050048828125,1144.574951171875,3355.0,19064.05078125,33877466,12927203,3090672,10309190,1563475,194100
2023-11-02,707.0194702148438,897.5472412109375,1262.652587890625,1146.2767333984375,3070.63720703125,19133.25,738.375,919.9500122070312,1370.1500244140625,1160.0999755859375,3360.10009765625,19133.25,745.25,924.7999877929688,1376.300048828125,1162.1500244140625,3375.949951171875,19175.25,733.5750122070312,912.7999877929688,1361.6500244140625,1153.9749755859375,3343.199951171875,19064.150390625,742.5,920.0499877929688,1370.0,1156.9749755859375,3343.199951171875,19120.0,45225154,9747311,3758060,10562104,1245384,245600
2023-11-03,710.370849609375,911.0599365234375,1280.0697021484375,1146.0296630859375,3062.22998046875,19230.599609375,741.875,933.7999877929688,1389.050048828125,1159.8499755859375,3350.89990234375,19230.599609375,745.7000122070312,934.5,1392.0,1167.4749755859375,3387.89990234375,19276.25,740.8250122070312,926.7999877929688,1377.75,1157.875,3344.300048828125,19210.900390625,744.0,928.5499877929688,1380.050048828125,1163.5999755859375,3382.0,19241.0,18095340,7146961,3349045,8850156,1402598,189500
2023-11-06,715.517578125,922.4262084960938,1293.20166015625,1155.564697265625,3089.051513671875,19411.75,747.25,945.4500122070312,1403.300048828125,1169.5,3380.25,19411.75,749.0,947.75,1407.25,1170.0,3392.300048828125,19423.0,741.5,937.4000244140625,1390.800048828125,1162.800048828125,3359.0,19309.69921875,749.0,941.0,1393.9000244140625,1166.1500244140625,3375.0,19345.849609375,25593730,10338367,2736381,10647304,1099852,180700
2023-11-07,712.0465087890625,925.0116577148438,1294.1231689453125,1148.0552978515625,3080.095703125,19406.69921875,743.625,948.0999755859375,1404.300048828125,1161.9000244140625,3370.449951171875,19406.69921875,747.0,950.4500122070312,1405.9000244140625,1169.550048828125,3404.14990234375,19423.5,738.5999755859375,930.4500122070312,1394.8499755859375,1159.7750244140625,3366.0,19329.099609375,747.0,943.5999755859375,1400.0,1167.0250244140625,3378.0,19404.05078125,41952848,15704942,2272209,6960204,1191144,198700
2023-11-08,714.105224609375,912.9624633789062,1281.86669921875,1154.033203125,3090.2392578125,19443.5,745.7750244140625,935.75,1391.0,1167.949951171875,3381.550048828125,19443.5,746.7249755859375,948.4500122070312,1405.0,1170.5,3401.949951171875,19464.400390625,740.5,934.0999755859375,1386.449951171875,1160.875,3369.550048828125,19401.5,741.9749755859375,948.4500122070312,1405.0,1166.0,3371.449951171875,19449.599609375,31399546,17606074,3550635,7884494,992899,195000
2023-11-09,711.280517578125,914.5234375,1266.9376220703125,1141.50927734375,3059.076904296875,19395.30078125,742.8250122070312,937.3499755859375,1374.800048828125,1155.2750244140625,3347.449951171875,19395.30078125,746.2999877929688,942.3499755859375,1397.5,1167.949951171875,3391.5,19463.900390625,741.75,933.0,1370.050048828125,1152.0999755859375,3342.050048828125,19378.349609375,743.0,934.0,1395.9000244140625,1167.925048828125,3390.10009765625,19457.400390625,22116740,9406117,5498051,14513610,2112352,208400
2023-11-10,714.0812377929688,915.7431030273438,1261.4544677734375,1143.658203125,3046.283203125,19425.349609375,745.75,938.5999755859375,1368.8499755859375,1157.449951171875,3333.449951171875,19425.349609375,748.0,941.4500122070312,1373.1500244140625,1158.175048828125,3347.449951171875,19451.30078125,740.0250244140625,932.4000244140625,1361.0,1149.0250244140625,3322.35009765625,19329.44921875,740.0499877929688,934.9000244140625,1369.949951171875,1152.7750244140625,3338.0,19351.849609375,14015186,9560455,2943649,7734954,1338557,152200
2023-11-13,712.7886352539062,911.6941528320312,1265.7857666015625,1143.5101318359375,3044.546630859375,19443.55078125,744.4000244140625,934.4500122070312,1373.550048828125,1157.300048828125,3331.550048828125,19443.55078125,747.9749755859375,940.9000244140625,1382.449951171875,1162.300048828125,3356.0,19494.400390625,742.9500122070312,932.0,1370.8499755859375,1155.8499755859375,3327.0,19414.75,746.0499877929688,940.9000244140625,1379.8499755859375,1161.449951171875,3356.0,19486.75,20605914,11470096,3462092,3854810,1030990,189300
2023-11-15,720.2573852539062,918.1821899414062,1299.8365478515625,1164.185791015625,3111.030029296875,19675.44921875,752.2000122070312,941.0999755859375,1410.5,1178.2249755859375,3404.300048828125,19675.44921875,755.4749755859375,944.4000244140625,1414.0,1180.9749755859375,3413.0,19693.19921875,750.2750244140625,938.75,1393.0,1163.5,3356.050048828125,19579.650390625,752.0499877929688,944.4000244140625,1399.0,1170.0,3383.10009765625,19651.400390625,41245460,19492138,8551860,12220648,2059802,291500
2023-11-16,722.1484985351562,913.2063598632812,1331.5377197265625,1166.285400390625,3196.520263671875,19765.19921875,754.1749877929688,936.0,1444.9000244140625,1180.3499755859375,3497.85009765625,19765.19921875,759.5,946.2000122070312,1453.4000244140625,1187.074951171875,3529.35009765625,19875.25,751.875,934.0,1410.5999755859375,1173.4749755859375,3414.199951171875,19627.0,754.8499755859375,939.0,1416.0999755859375,1175.550048828125,3430.050048828125,19674.69921875,29713838,19706373,6673907,13134910,3951984,282700
2023-11-17,720.5924682617188,899.4009399414062,1324.7645263671875,1163.7412109375,3200.724365234375,19731.80078125,752.5499877929688,921.8499755859375,1437.550048828125,1177.7750244140625,3502.449951171875,19731.80078125,753.75,938.4000244140625,1451.0,1186.625,3524.5,19806.0,744.5,920.1500244140625,1435.050048828125,1176.0250244140625,3492.550048828125,19667.44921875,745.0,926.5499877929688,1441.050048828125,1176.449951171875,3497.85009765625,19674.75,23701874,10956653,4901251,7758634,2021292,236800
2023-11-20,720.640380859375,899.0107421875,1323.8887939453125,1160.6781005859375,3216.39697265625,19694.0,752.5999755859375,921.4500122070312,1436.5999755859375,1174.675048828125,3519.60009765625,19694.0,756.5,926.75,1452.0,1179.199951171875,3533.89990234375,19756.44921875,750.7750244140625,917.5,1433.6500244140625,1168.199951171875,3491.25,19670.5,756.5,922.0,1442.0,1174.2750244140625,3491.25,19731.150390625,19331452,10562301,3584210,4490186,1475621,173800
2023-11-21,726.74462890625,903.5474243164062,1326.100830078125,1175.2769775390625,3207.806396484375,19783.400390625,758.9749755859375,926.0999755859375,1439.0,1189.449951171875,3510.199951171875,19783.400390625,761.0,928.0499877929688,1450.0,1194.0,3539.050048828125,19829.099609375,756.0499877929688,922.0,1436.75,1180.0999755859375,3501.0,19754.05078125,759.5,924.4000244140625,1442.0,1183.0,3519.60009765625,19770.900390625,24959972,8989572,3793135,8214450,1807236,195000
2023-11-22,724.1593017578125,900.279052734375,1343.4256591796875,1179.87158203125,3226.037841796875,19811.849609375,756.2750244140625,922.75,1457.800048828125,1194.0999755859375,3530.14990234375,19811.849609375,760.0,925.2000122070312,1458.949951171875,1197.2249755859375,3532.64990234375,19825.55078125,751.7750244140625,914.75,1436.199951171875,1186.0999755859375,3481.10009765625,19703.849609375,760.0,923.25,1436.199951171875,1187.5,3500.0,19784.0,29123650,12197979,3108786,8534814,1798051,184500
2023-11-23,728.3485107421875,900.52294921875,1335.5465087890625,1183.4781494140625,3206.024658203125,19802.0,760.6500244140625,923.0,1449.25,1197.75,3508.25,19802.0,761.9249877929688,925.3499755859375,1467.9000244140625,1200.0,3544.0,19875.150390625,754.25,918.5,1447.699951171875,1194.0999755859375,3500.0,19786.75,754.25,923.0,1467.9000244140625,1194.0999755859375,3530.0,19828.44921875,13046220,5534614,3186928,8531542,2729804,170000
2023-11-24,733.5192260742188,906.76708984375,1324.626220703125,1182.6876220703125,3159.28125,19794.69921875,766.0499877929688,929.4000244140625,1437.4000244140625,1196.949951171875,3457.10009765625,19794.69921875,766.5750122070312,930.4000244140625,1452.6500244140625,1201.300048828125,3504.550048828125,19832.849609375,759.9249877929688,920.2000122070312,1433.8499755859375,1195.5250244140625,3453.0,19768.849609375,760.5999755859375,921.5,1445.550048828125,1195.800048828125,3494.25,19809.599609375,16469192,7452002,2973195,6749486,1989733,145900
2023-11-28,731.867431640625,902.9620971679688,1329.5103759765625,1182.9346923828125,3171.206787109375,19889.69921875,764.3250122070312,925.5,1442.699951171875,1197.199951171875,3470.14990234375,19889.69921875,768.625,931.0499877929688,1445.0,1199.8499755859375,3481.25,19916.849609375,762.9000244140625,921.7000122070312,1427.050048828125,1187.625,3433.0,19800.0,767.5999755859375,928.9000244140625,1444.0,1196.949951171875,3457.10009765625,19844.650390625,28489338,14231987,3755373,13792174,1689195,229600
2023-11-29,746.4698486328125,916.7186889648438,1345.08447265625,1186.047119140625,3211.051025390625,20096.599609375,779.5750122070312,939.5999755859375,1459.5999755859375,1200.3499755859375,3513.75,20096.599609375,781.5,941.0999755859375,1460.699951171875,1205.9749755859375,3518.0,20104.650390625,766.5,926.0,1449.800048828125,1199.0250244140625,3475.800048828125,19956.30078125,766.9500122070312,930.9000244140625,1451.0999755859375,1204.0,3481.0,19976.55078125,34042488,11680078,3875778,12531306,1441634,236200
2023-11-30,746.3023071289062,912.1819458007812,1340.983642578125,1174.5606689453125,3187.153564453125,20133.150390625,779.4000244140625,934.9500122070312,1455.1500244140625,1188.7249755859375,3487.60009765625,20133.150390625,786.2249755859375,940.8499755859375,1460.6500244140625,1200.3499755859375,3516.64990234375,20158.69921875,771.0750122070312,928.2000122070312,1449.550048828125,1184.949951171875,3481.0,20015.849609375,784.5750122070312,938.9500122070312,1453.25,1197.3499755859375,3499.449951171875,20108.5,69491440,23950292,10120867,28439984,3266235,486600
2023-12-01,744.674560546875,923.6458129882812,1338.3572998046875,1182.88525390625,3209.131591796875,20267.900390625,777.7000122070312,946.7000122070312,1452.300048828125,1197.1500244140625,3511.64990234375,20267.900390625,782.875,952.0,1459.9000244140625,1198.199951171875,3516.949951171875,20291.55078125,776.0499877929688,933.0,1446.1500244140625,1188.800048828125,3490.050048828125,20183.69921875,778.9500122070312,935.9500122070312,1459.9000244140625,1189.0,3500.0,20194.099609375,22153536,16986046,3489187,14342842,1172141,265800
2023-12-04,770.5280151367188,967.0621337890625,1349.4617919921875,1195.680908203125,3209.862548828125,20686.80078125,804.7000122070312,991.2000122070312,1464.3499755859375,1210.0999755859375,3512.449951171875,20686.80078125,806.0,994.8499755859375,1471.9000244140625,1225.0,3547.800048828125,20702.650390625,786.8250122070312,961.4000244140625,1449.300048828125,1199.300048828125,3498.0,20507.75,794.0,963.7000122070312,1460.449951171875,1225.0,3544.64990234375,20601.94921875,50662456,33131257,5511948,15590990,1625213,381100
2023-12-05,777.3743286132812,988.7703857421875,1339.877685546875,1204.3514404296875,3227.36328125,20855.099609375,811.8499755859375,1013.4500122070312,1453.949951171875,1218.875,3531.60009765625,20855.099609375,819.5,1015.75,1466.9000244140625,1220.425048828125,3538.0,20864.05078125,808.25,995.0499877929688,1442.0,1210.824951171875,3502.800048828125,20711.150390625,818.25,1002.5,1465.800048828125,1219.5,3538.0,20808.900390625,52230820,31378461,5123039,12693624,1377656,421000
2023-12-06,779.3372802734375,978.8186645507812,1358.63134765625,1215.8873291015625,3293.617431640625,20937.69921875,813.9000244140625,1003.25,1474.300048828125,1230.550048828125,3604.10009765625,20937.69921875,819.2249755859375,1016.25,1477.0,1236.4749755859375,3612.85009765625,20961.94921875,808.3250122070312,1000.25,1451.050048828125,1217.5,3525.14990234375,20852.150390625,819.2249755859375,1014.0,1456.75,1223.550048828125,3532.60009765625,20950.75,38613060,18786590,5269178,16422442,1896572,359200
2023-12-07,780.60595703125,974.6721801757812,1350.8902587890625,1213.886474609375,3303.4873046875,20901.150390625,815.2249755859375,999.0,1465.9000244140625,1228.5250244140625,3614.89990234375,20901.150390625,817.0,1002.2000122070312,1472.8499755859375,1230.4749755859375,3630.550048828125,20941.25,808.0999755859375,988.1500244140625,1461.800048828125,1221.0,3591.699951171875,20850.80078125,812.5,996.3499755859375,1472.8499755859375,1230.0,3605.0,20932.400390625,20450386,11841945,4424453,8142096,1967653,275000
2023-12-08,791.4978637695312,986.2335815429688,1374.1591796875,1213.2442626953125,3314.27099609375,20969.400390625,826.5999755859375,1010.8499755859375,1491.1500244140625,1227.875,3626.699951171875,20969.400390625,827.5,1012.8499755859375,1494.699951171875,1238.3499755859375,3645.0,21006.099609375,815.2249755859375,993.25,1466.25,1222.5,3602.050048828125,20862.69921875,815.2249755859375,994.5,1470.4000244140625,1231.925048828125,3633.0,20934.099609375,33728038,16116363,6323433,10204894,1641155,292400
2023-12-11,790.4446411132812,992.3314208984375,1371.717041015625,1215.022705078125,3329.07470703125,20997.099609375,825.5,1017.0999755859375,1488.5,1229.675048828125,3642.89990234375,20997.099609375,831.8499755859375,1020.0,1498.0,1233.800048828125,3653.0,21026.099609375,823.5,1004.6500244140625,1482.0,1226.199951171875,3615.0,20923.69921875,825.0250244140625,1007.0999755859375,1490.0,1228.0,3622.89990234375,20965.30078125,23187620,11714606,3862018,7066138,1102503,212900
2023-12-12,782.5928955078125,990.9654541015625,1360.243896484375,1197.5831298828125,3355.759521484375,20906.400390625,817.2999877929688,1015.7000122070312,1476.050048828125,1212.0250244140625,3672.10009765625,20906.400390625,828.125,1021.0,1490.0,1232.4749755859375,3698.39990234375,21037.900390625,815.9249877929688,1008.5999755859375,1467.6500244140625,1210.074951171875,3631.0,20867.150390625,827.0999755859375,1017.0999755859375,1477.5,1230.0,3638.949951171875,21018.55078125,36581476,12380856,6103494,9197124,2236866,244900
2023-12-13,780.8214721679688,989.2093505859375,1335.3160400390625,1202.4739990234375,3283.976318359375,20926.349609375,815.4500122070312,1013.9000244140625,1449.0,1216.9749755859375,3593.550048828125,20926.349609375,818.0,1020.7000122070312,1476.050048828125,1219.175048828125,3650.0,20950.0,807.5499877929688,1009.2000122070312,1433.1500244140625,1203.1500244140625,3563.0,20769.5,816.2249755859375,1014.7999877929688,1476.0,1211.0,3643.550048828125,20929.75,29346914,15887040,8549258,10031182,3850968,260300
2023-12-14,790.0376586914062,1008.4783325195312,1383.6510009765625,1217.39404296875,3351.327392578125,21182.69921875,825.0750122070312,1033.6500244140625,1501.449951171875,1232.074951171875,3667.25,21182.69921875,829.4749755859375,1040.0,1511.0,1237.4749755859375,3678.0,21210.900390625,822.5,1021.25,1461.3499755859375,1221.324951171875,3627.60009765625,21074.44921875,823.0,1022.25,1463.4000244140625,1227.0,3630.0,21110.400390625,35172366,16317672,12489858,16972354,3290396,334400
2023-12-15,793.101806640625,1012.1370849609375,1454.5638427734375,1232.9317626953125,3528.38623046875,21456.650390625,828.2750244140625,1037.4000244140625,1578.4000244140625,1247.800048828125,3861.0,21456.650390625,834.0,1043.699951171875,1588.550048828125,1250.0,3895.949951171875,21492.30078125,823.2999877929688,1025.699951171875,1521.0,1235.0250244140625,3666.699951171875,21235.30078125,825.0,1043.6500244140625,1523.050048828125,1239.0,3666.699951171875,21287.44921875,138837130,14306067,18395389,15932152,8531230,508800
2023-12-18,792.6947631835938,996.5755004882812,1441.6160888671875,1245.4803466796875,3526.7412109375,21418.650390625,827.8499755859375,1021.4500122070312,1564.3499755859375,1260.5,3859.199951171875,21418.650390625,832.3499755859375,1029.949951171875,1593.0,1267.449951171875,3929.0,21482.80078125,825.4749755859375,1018.0,1560.300048828125,1245.4749755859375,3830.14990234375,21365.349609375,830.3499755859375,1029.949951171875,1567.949951171875,1247.800048828125,3858.10009765625,21434.80078125,18014754,8592711,6467243,14165188,2521612,249700
2023-12-19,791.3543090820312,990.7216186523438,1436.0408935546875,1263.8094482421875,3487.44580078125,21453.099609375,826.4500122070312,1015.4500122070312,1558.300048828125,1279.050048828125,3816.199951171875,21453.099609375,829.3250122070312,1025.5,1573.949951171875,1286.949951171875,3855.10009765625,21505.05078125,822.0250244140625,1012.5999755859375,1543.25,1262.5999755859375,3790.0,21337.75,825.0,1025.5,1570.0999755859375,1277.5,3845.0,21477.650390625,24008446,10094256,4221721,16820604,2004435,249800
2023-12-20,793.3171997070312,982.1359252929688,1415.8590087890625,1248.518798828125,3454.41015625,21150.150390625,828.5,1006.6500244140625,1536.4000244140625,1263.574951171875,3780.050048828125,21150.150390625,834.4749755859375,1022.0,1583.5,1299.425048828125,3898.800048828125,21593.0,822.2249755859375,1002.0,1530.0,1260.0,3766.550048828125,21087.349609375,829.0,1022.0,1565.050048828125,1285.5250244140625,3827.25,21543.5,34232520,16490281,6592367,17736722,2586083,363900
2023-12-21,807.5365600585938,979.940673828125,1415.490234375,1266.0079345703125,3461.2177734375,21255.05078125,843.3499755859375,1004.4000244140625,1536.0,1281.2750244140625,3787.5,21255.05078125,844.875,1010.9000244140625,1546.6500244140625,1286.75,3806.699951171875,21288.349609375,825.125,989.2000122070312,1521.25,1259.125,3743.35009765625,20976.80078125,828.5,996.5499877929688,1521.25,1263.5,3756.25,21033.94921875,36589240,18064916,5319038,13765454,1517562,277500
2023-12-22,799.9481201171875,970.0866088867188,1440.27978515625,1267.242919921875,3494.573486328125,21349.400390625,835.4249877929688,994.2999877929688,1562.9000244140625,1282.5250244140625,3824.0,21349.400390625,842.9500122070312,1009.5499877929688,1566.0,1290.449951171875,3845.949951171875,21390.5,833.5499877929688,991.5999755859375,1523.0,1273.824951171875,3762.0,21232.44921875,841.7999877929688,1002.9500122070312,1534.949951171875,1279.800048828125,3800.0,21295.849609375,48578850,20881976,6741060,16541784,2413058,284700
2023-12-26,805.5018310546875,970.8671875,1422.816650390625,1273.66552734375,3468.574462890625,21441.349609375,841.2249755859375,995.0999755859375,1543.949951171875,1289.0250244140625,3795.550048828125,21441.349609375,842.9749755859375,997.5,1548.0,1295.9749755859375,3834.0,21477.150390625,834.2750244140625,989.9000244140625,1523.0,1281.3499755859375,3790.14990234375,21329.44921875,836.625,994.9000244140625,1535.0,1284.0,3819.85009765625,21365.19921875,18045856,14339699,6878067,7465664,1285231,219500
2023-12-27,815.4841918945312,977.8430786132812,1444.150390625,1278.01318359375,3482.876220703125,21654.75,851.6500244140625,1002.25,1567.0999755859375,1293.425048828125,3811.199951171875,21654.75,853.25,1004.9000244140625,1570.0,1299.949951171875,3818.199951171875,21675.75,839.2999877929688,992.0,1544.0,1286.550048828125,3768.0,21495.80078125,840.75,997.9500122070312,1544.0,1291.0,3799.0,21497.650390625,27009078,12996468,4225849,9204156,1293976,256500
2023-12-28,816.4177856445312,981.4041748046875,1440.0494384765625,1287.251708984375,3472.5498046875,21778.69921875,852.625,1005.9000244140625,1562.6500244140625,1302.7750244140625,3799.89990234375,21778.69921875,860.7000122070312,1011.7000122070312,1568.949951171875,1306.0,3838.0,21801.44921875,851.0,999.0999755859375,1555.0,1293.425048828125,3792.10009765625,21678.0,854.6500244140625,1008.0,1568.949951171875,1294.9000244140625,3824.0,21715.0,44076470,24915990,5702253,12302636,1682889,393100
2023-12-29,818.3328247070312,972.33056640625,1421.8489990234375,1277.074462890625,3466.609619140625,21731.400390625,854.625,996.5999755859375,1542.9000244140625,1292.4749755859375,3793.39990234375,21731.400390625,857.4500122070312,1008.5499877929688,1559.449951171875,1307.0,3822.60009765625,21770.30078125,848.0,993.7000122070312,1540.0,1289.6500244140625,3765.39990234375,21676.900390625,848.5,1004.0499877929688,1541.050048828125,1305.550048828125,3792.0,21737.650390625,25011426,12280140,4388990,10864584,1574996,270900
2024-01-01,812.9945678710938,975.0624389648438,1429.6361083984375,1279.69287109375,3482.78515625,21741.900390625,849.0499877929688,999.4000244140625,1551.3499755859375,1295.125,3811.10009765625,21741.900390625,854.5750122070312,1004.8499755859375,1557.0,1303.425048828125,3832.0,21834.349609375,846.0,991.0,1535.25,1286.574951171875,3773.0,21680.849609375,853.0,991.5499877929688,1539.0,1290.2750244140625,3790.0,21727.75,14239686,7683792,2808451,4030540,825907,154000
2024-01-02,813.4733276367188,958.330078125,1414.015869140625,1290.2900390625,3457.288330078125,21665.80078125,849.5499877929688,982.25,1534.4000244140625,1305.8499755859375,3783.199951171875,21665.80078125,851.4000244140625,997.6500244140625,1549.1500244140625,1307.5,3811.10009765625,21755.599609375,844.3499755859375,980.25,1523.0,1286.5,3767.25,21555.650390625,849.4000244140625,997.0,1546.0,1292.5,3811.10009765625,21751.349609375,29242092,16263825,5396313,7448800,1344068,263700
2024-01-03,800.9296264648438,960.0862426757812,1373.099365234375,1276.2593994140625,3373.716552734375,21517.349609375,836.4500122070312,984.0499877929688,1490.0,1291.6500244140625,3691.75,21517.349609375,852.3499755859375,988.0,1519.949951171875,1317.0,3771.85009765625,21677.0,834.4749755859375,975.0999755859375,1488.0,1288.5999755859375,3687.050048828125,21500.349609375,851.0,984.7000122070312,1519.949951171875,1305.0,3767.0,21661.099609375,28389762,16826752,7550363,9037536,1803075,311900
2024-01-04,809.5234375,963.1107788085938,1394.018310546875,1282.8546142578125,3350.915771484375,21658.599609375,845.4249877929688,987.1500244140625,1512.699951171875,1298.324951171875,3666.800048828125,21658.599609375,847.4749755859375,989.1500244140625,1519.75,1304.925048828125,3719.0,21685.650390625,835.3499755859375,981.9000244140625,1492.9000244140625,1289.550048828125,3651.0,21564.55078125,839.0,986.4000244140625,1504.949951171875,1294.0,3701.75,21605.80078125,26734056,22789140,7056038,9612778,3598144,339200
2024-01-05,805.3821411132812,969.501220703125,1412.31103515625,1288.3138427734375,3415.89111328125,21710.80078125,841.0999755859375,993.7000122070312,1532.550048828125,1303.8499755859375,3737.89990234375,21710.80078125,852.4500122070312,998.2999877929688,1539.699951171875,1309.925048828125,3747.75,21749.599609375,834.0499877929688,983.7999877929688,1506.25,1299.0,3674.85009765625,21629.19921875,843.5750122070312,988.0,1506.75,1301.449951171875,3675.0,21705.75,31889470,14875499,8895403,8086406,1963127,309300
2024-01-08,796.4052124023438,958.086181640625,1403.3260498046875,1278.26025390625,3361.425048828125,21513.0,831.7249755859375,982.0,1522.800048828125,1293.675048828125,3678.300048828125,21513.0,841.1749877929688,998.2000122070312,1536.0,1315.9749755859375,3739.75,21763.94921875,830.0,980.2999877929688,1513.25,1284.4749755859375,3672.39990234375,21492.900390625,839.25,994.0,1528.949951171875,1305.0,3737.89990234375,21747.599609375,17998470,8393164,4440136,7734652,1067805,231500
2024-01-09,790.2052001953125,955.8909301757812,1409.316162109375,1274.8758544921875,3372.02587890625,21544.849609375,825.25,979.75,1529.300048828125,1290.25,3689.89990234375,21544.849609375,838.9000244140625,995.0,1553.0,1303.4000244140625,3752.35009765625,21724.44921875,823.375,975.4000244140625,1525.8499755859375,1288.5999755859375,3682.75,21517.849609375,833.5750122070312,986.25,1541.9000244140625,1300.0,3709.949951171875,21653.599609375,25326888,14660414,4412074,5403074,1370944,228600
2024-01-10,792.8145141601562,968.8670654296875,1400.6534423828125,1309.26123046875,3393.181640625,21618.69921875,827.9749755859375,993.0499877929688,1519.9000244140625,1325.050048828125,3713.050048828125,21618.69921875,829.9749755859375,994.9500122070312,1535.449951171875,1329.5,3729.25,21641.849609375,820.7000122070312,974.2999877929688,1505.0,1287.5250244140625,3688.0,21448.650390625,821.5,974.2999877929688,1524.949951171875,1288.5,3690.0,21529.30078125,16115824,9409181,4096845,11102740,1292227,217000
2024-01-11,789.487060546875,967.0133666992188,1376.9698486328125,1343.6961669921875,3413.74365234375,21647.19921875,824.5,991.1500244140625,1494.199951171875,1359.9000244140625,3735.550048828125,21647.19921875,831.4500122070312,998.5,1525.0,1362.5,3773.0,21726.5,821.5,986.8499755859375,1486.5999755859375,1328.5,3707.0,21593.75,830.0,995.2999877929688,1524.9000244140625,1329.5,3724.0,21688.0,18314010,6451345,11296088,23725852,1777909,212500
2024-01-12,785.752685546875,979.0626220703125,1486.2188720703125,1354.3919677734375,3548.30810546875,21894.55078125,820.5999755859375,1003.5,1612.75,1370.7249755859375,3882.800048828125,21894.55078125,828.0,1008.7000122070312,1618.0,1373.324951171875,3905.25,21928.25,816.7999877929688,991.75,1555.4000244140625,1345.75,3821.60009765625,21715.150390625,826.0,994.7999877929688,1562.0,1359.9000244140625,3848.0,21773.55078125,19773552,12255743,26754401,15012164,6813450,294700
2024-01-15,800.8817749023438,985.2579345703125,1522.4814453125,1377.51318359375,3567.499267578125,22097.44921875,836.4000244140625,1009.8499755859375,1652.0999755859375,1394.125,3903.800048828125,22097.44921875,840.4500122070312,1011.6500244140625,1664.949951171875,1396.449951171875,3965.0,22115.55078125,821.7999877929688,999.25,1636.0,1366.0,3885.0,21963.55078125,823.8499755859375,1003.5,1644.949951171875,1375.0,3960.0,22053.150390625,28320356,12388044,13228305,8610594,2801505,345500
2024-01-16,803.9219360351562,984.4774780273438,1503.5438232421875,1358.24560546875,3528.660400390625,22032.30078125,839.5750122070312,1009.0499877929688,1631.550048828125,1374.625,3861.300048828125,22032.30078125,841.8250122070312,1015.7999877929688,1648.5,1396.300048828125,3899.0,22124.150390625,829.0499877929688,1004.5999755859375,1625.0,1370.5,3855.550048828125,21969.80078125,836.5,1006.0999755859375,1644.800048828125,1389.9749755859375,3899.0,22080.5,25322500,11505126,6500917,9069024,1432672,292400
2024-01-17,736.1045532226562,957.84228515625,1511.5150146484375,1345.35107421875,3549.953369140625,21571.94921875,768.75,981.75,1640.199951171875,1361.574951171875,3884.60009765625,21571.94921875,798.4000244140625,1007.7999877929688,1647.5,1386.2750244140625,3909.949951171875,21851.5,764.2000122070312,976.75,1620.25,1355.0250244140625,3812.550048828125,21550.44921875,785.0,987.9000244140625,1620.25,1359.5,3819.0,21647.25,170145236,41914771,9209876,12197382,3458696,456000
2024-01-18,711.5198974609375,962.3302001953125,1513.726806640625,1351.6500244140625,3566.40234375,21462.25,743.0750122070312,986.3499755859375,1642.5999755859375,1367.949951171875,3902.60009765625,21462.25,757.5,994.2999877929688,1649.0,1371.0,3908.800048828125,21539.400390625,740.0250244140625,970.1500244140625,1628.25,1351.25,3862.0,21285.55078125,747.0,973.9500122070312,1642.6500244140625,1351.4000244140625,3898.0,21414.19921875,161070930,17902484,6375464,10279438,2239110,387300
2024-01-19,704.0989379882812,974.8673095703125,1529.0244140625,1351.156005859375,3628.471435546875,21622.400390625,735.3250122070312,999.2000122070312,1659.199951171875,1367.449951171875,3943.050048828125,21622.400390625,755.125,1010.9000244140625,1665.5,1376.0,3963.550048828125,21670.599609375,734.2000122070312,987.5499877929688,1644.1500244140625,1359.0,3915.050048828125,21575.0,752.9749755859375,991.2999877929688,1651.5999755859375,1376.0,3945.0,21615.19921875,109600538,23271148,4522736,10422704,2941975,343100
2024-01-23,683.3683471679688,1003.9904174804688,1513.312255859375,1312.7442626953125,3550.4365234375,21238.80078125,713.6749877929688,1029.050048828125,1642.1500244140625,1328.574951171875,3858.25,21238.80078125,737.3499755859375,1059.4000244140625,1674.699951171875,1371.75,3933.89990234375,21750.25,712.5,1021.2000122070312,1637.699951171875,1322.550048828125,3842.75,21192.599609375,732.5,1059.0999755859375,1650.0999755859375,1371.75,3900.0,21716.69921875,115469402,50797448,9401255,20055420,2618854,449700
2024-01-24,697.0371704101562,974.8673095703125,1543.9534912109375,1327.862060546875,3535.299072265625,21453.94921875,727.9500122070312,999.2000122070312,1675.4000244140625,1343.875,3841.800048828125,21453.94921875,729.2249755859375,1035.949951171875,1680.0,1349.5,3883.64990234375,21482.349609375,690.125,996.6500244140625,1645.0,1323.925048828125,3805.60009765625,21137.19921875,690.125,1029.449951171875,1659.9000244140625,1335.2249755859375,3880.0,21185.25,86004404,34578943,8999681,21919128,2657709,407500
2024-01-25,686.9830322265625,985.3555297851562,1538.147705078125,1336.9522705078125,3506.311767578125,21352.599609375,717.4500122070312,1009.9500122070312,1669.0999755859375,1353.074951171875,3810.300048828125,21352.599609375,728.6749877929688,1015.0999755859375,1680.550048828125,1364.1500244140625,3861.0,21459.0,709.7000122070312,988.1500244140625,1658.0,1335.199951171875,3778.699951171875,21247.05078125,726.25,998.4000244140625,1672.949951171875,1342.949951171875,3839.89990234375,21454.599609375,98941852,28315035,8865304,11808872,2205154,418100
2024-01-29,696.438720703125,991.6484375,1526.62841796875,1430.7957763671875,3497.75390625,21737.599609375,727.3250122070312,1016.4000244140625,1656.5999755859375,1448.050048828125,3801.0,21737.599609375,731.4000244140625,1032.0,1679.3499755859375,1452.5,3820.0,21763.25,722.9000244140625,1010.0,1647.5999755859375,1360.175048828125,3780.85009765625,21429.599609375,724.0250244140625,1020.0,1665.1500244140625,1364.5,3800.800048828125,21433.099609375,65645498,14078922,4253785,23893438,1646747,376700
2024-01-30,691.4834594726562,992.1363525390625,1521.8824462890625,1390.852294921875,3497.34033203125,21522.099609375,722.1500244140625,1016.9000244140625,1651.449951171875,1407.625,3800.550048828125,21522.099609375,731.5999755859375,1023.8499755859375,1690.0,1459.9749755859375,3847.800048828125,21813.05078125,720.4500122070312,1008.0,1648.25,1404.425048828125,3787.0,21501.80078125,727.2750244140625,1014.9500122070312,1662.449951171875,1459.949951171875,3807.449951171875,21775.75,41728768,16085742,4995943,14093978,1411621,375100
2024-01-31,700.2210083007812,1003.1123657226562,1530.591064453125,1409.6258544921875,3511.511474609375,21725.69921875,731.2750244140625,1028.1500244140625,1660.9000244140625,1426.625,3815.949951171875,21725.69921875,737.4749755859375,1039.0,1667.25,1434.25,3834.0,21741.349609375,718.4000244140625,1003.25,1638.0999755859375,1402.5,3796.449951171875,21448.849609375,719.75,1016.7999877929688,1648.25,1404.0,3811.199951171875,21487.25,65761040,25627447,6763779,15130226,2459358,410600
2024-02-01,702.0402221679688,1000.1854248046875,1527.0430908203125,1409.650634765625,3546.663818359375,21697.44921875,733.1749877929688,1025.1500244140625,1657.050048828125,1426.6500244140625,3854.14990234375,21697.44921875,736.7999877929688,1033.949951171875,1677.0,1443.3499755859375,3904.89990234375,21832.94921875,728.0250244140625,1017.4000244140625,1650.3499755859375,1418.050048828125,3805.050048828125,21658.75,732.5250244140625,1033.949951171875,1659.550048828125,1435.0,3820.0,21780.650390625,32690740,13058880,5760011,13349362,2363107,332500
2024-02-02,692.3692016601562,999.0633544921875,1560.4952392578125,1440.3306884765625,3649.866943359375,21853.80078125,723.0750122070312,1024.0,1693.3499755859375,1457.699951171875,3966.300048828125,21853.80078125,740.4249877929688,1050.0,1718.5,1474.9000244140625,3984.39990234375,22126.80078125,721.0250244140625,1021.6500244140625,1665.0,1433.175048828125,3872.0,21805.55078125,737.5,1037.0999755859375,1666.050048828125,1433.175048828125,3875.050048828125,21812.75,44867754,14774650,7858483,19652588,2826510,442800
2024-02-05,691.7467041015625,998.5755615234375,1554.82763671875,1421.878173828125,3656.307861328125,21771.69921875,722.4249877929688,1023.5,1687.199951171875,1439.0250244140625,3973.300048828125,21771.69921875,725.9500122070312,1026.449951171875,1700.75,1470.5,4022.0,21964.30078125,717.0250244140625,1012.0999755859375,1681.8499755859375,1431.5250244140625,3962.10009765625,21726.94921875,723.0,1022.5,1694.75,1460.75,3983.0,21921.05078125,38605046,12948430,3634135,8814432,1691523,440800
2024-02-06,691.3876953125,1001.4049682617188,1593.762939453125,1410.7869873046875,3806.028076171875,21929.400390625,722.0499877929688,1026.4000244140625,1729.449951171875,1427.800048828125,4136.0,21929.400390625,724.8499755859375,1034.9000244140625,1733.0,1441.8499755859375,4149.89990234375,21951.400390625,716.2999877929688,1016.7000122070312,1673.949951171875,1419.824951171875,3990.0,21737.55078125,722.7750244140625,1023.5499877929688,1686.75,1441.8499755859375,3997.0,21825.19921875,41075740,12886927,7694265,9047984,4474396,371000
2024-02-07,684.6130981445312,997.2584228515625,1560.86376953125,1424.9659423828125,3757.62353515625,21930.5,714.9749755859375,1022.1500244140625,1693.75,1442.1500244140625,4083.39990234375,21930.5,726.9000244140625,1031.550048828125,1729.0,1449.5,4155.0,22053.30078125,713.3250122070312,1013.0,1686.8499755859375,1429.25,4073.949951171875,21860.150390625,726.5,1028.0,1729.0,1435.925048828125,4153.0,22045.05078125,54837086,16410895,4613877,9296568,2124267,346300
2024-02-08,671.734375,965.2083740234375,1559.34326171875,1432.845947265625,3804.279296875,21717.94921875,701.5250244140625,989.2999877929688,1692.0999755859375,1450.125,4134.10009765625,21717.94921875,719.4749755859375,1028.25,1706.3499755859375,1459.4749755859375,4158.0,22011.05078125,700.25,985.25,1682.800048828125,1427.5250244140625,4086.050048828125,21665.30078125,714.9249877929688,1024.0999755859375,1698.0,1450.0,4090.0,22009.650390625,69106124,20565502,5919715,14694634,2345173,491100
2024-02-09,671.9976196289062,986.0872802734375,1538.3780517578125,1443.3443603515625,3803.91162109375,21782.5,701.7999877929688,1010.7000122070312,1669.3499755859375,1460.75,4133.7001953125,21782.5,707.0999755859375,1013.75,1692.9000244140625,1471.9749755859375,4184.75,21804.44921875,693.5,985.5,1659.800048828125,1450.949951171875,4100.0,21629.900390625,696.0750122070312,988.8499755859375,1684.699951171875,1454.0,4136.5498046875,21727.0,56642124,12799837,4600004,12556798,2100596,349200
2024-02-12,665.4864501953125,971.8427734375,1548.2847900390625,1435.04443359375,3791.94873046875,21616.05078125,695.0,996.0999755859375,1680.0999755859375,1452.3499755859375,4120.7001953125,21616.05078125,706.8250122070312,1012.2000122070312,1692.949951171875,1461.0,4159.60009765625,21831.69921875,691.6749877929688,985.25,1670.3499755859375,1442.3499755859375,4105.5498046875,21574.75,699.8250122070312,1010.4000244140625,1670.3499755859375,1460.75,4130.0,21800.80078125,34447812,8050066,3555808,6674430,1013716,287400
2024-02-13,667.6168823242188,994.9656372070312,1552.3856201171875,1447.642333984375,3818.450927734375,21743.25,697.2249755859375,1019.7999877929688,1684.550048828125,1465.0999755859375,4149.5,21743.25,702.1749877929688,1027.050048828125,1689.0999755859375,1479.0,4170.0,21766.80078125,692.1749877929688,1000.2999877929688,1663.5,1454.0,4081.5,21543.349609375,695.9749755859375,1006.0,1683.0,1455.5,4125.4501953125,21664.30078125,57580994,18706292,2696481,7715594,1257415,365800
2024-02-14,662.6378173828125,997.7950439453125,1535.4754638671875,1463.7235107421875,3772.991943359375,21840.05078125,692.0250244140625,1022.7000122070312,1666.199951171875,1481.375,4100.10009765625,21840.05078125,695.75,1035.699951171875,1669.449951171875,1483.6500244140625,4114.89990234375,21870.849609375,681.7750244140625,1007.5499877929688,1635.5,1457.5,4049.5,21530.19921875,688.0,1009.5499877929688,1660.199951171875,1457.5,4107.0,21578.150390625,91320810,17878720,3768579,7117888,1391283,359100
2024-02-15,677.0007934570312,991.892333984375,1544.828857421875,1453.076904296875,3775.8447265625,21910.75,707.0250244140625,1016.6500244140625,1676.3499755859375,1470.5999755859375,4103.2001953125,21910.75,707.75,1026.6500244140625,1687.75,1484.7249755859375,4146.2998046875,21953.849609375,692.1749877929688,1006.5999755859375,1661.5999755859375,1466.5250244140625,4083.0,21794.80078125,692.5,1022.8499755859375,1677.0,1483.3499755859375,4128.0,21906.55078125,41584944,10069878,4834391,10006782,1091582,345400
2024-02-16,679.801513671875,998.3316650390625,1568.14404296875,1443.17138671875,3798.94189453125,22040.69921875,709.9500122070312,1023.25,1701.6500244140625,1460.574951171875,4128.2998046875,22040.69921875,713.8499755859375,1026.199951171875,1709.0,1477.0,4147.9501953125,22068.650390625,704.2249755859375,1016.9000244140625,1687.949951171875,1458.550048828125,4100.10009765625,21968.94921875,711.9500122070312,1023.2000122070312,1689.0,1476.4749755859375,4113.25,22020.30078125,32175742,7159395,4880654,9767498,1307556,343900
2024-02-19,678.4609985351562,1018.3323974609375,1566.39306640625,1456.4364013671875,3776.396728515625,22122.25,708.5499877929688,1043.75,1699.75,1474.0,4103.7998046875,22122.25,714.5,1046.0,1711.5,1479.5,4128.2998046875,22186.650390625,707.5999755859375,1023.3499755859375,1687.699951171875,1453.5250244140625,4055.0,22021.05078125,714.5,1023.3499755859375,1705.0,1462.050048828125,4123.0498046875,22103.44921875,34451756,9388255,3690993,6729828,772291,0
2024-02-20,696.2711181640625,1023.2106323242188,1553.03076171875,1453.4969482421875,3709.082275390625,22196.94921875,727.1500244140625,1048.75,1685.25,1471.0250244140625,4030.64990234375,22196.94921875,728.625,1052.6500244140625,1694.25,1475.5,4098.0,22215.599609375,705.9000244140625,1033.25,1668.75,1461.800048828125,4010.0,22045.849609375,707.5,1041.050048828125,1685.0,1475.0250244140625,4082.10009765625,22099.19921875,56133508,11293528,3706389,7117496,1193648,295700
2024-02-21,689.017822265625,1026.3326416015625,1525.6610107421875,1450.2115478515625,3673.05615234375,22055.05078125,719.5750122070312,1051.949951171875,1655.550048828125,1467.699951171875,3991.5,22055.05078125,732.0,1064.0,1674.0,1488.5250244140625,4063.35009765625,22249.400390625,717.5,1048.0,1645.300048828125,1457.550048828125,3980.60009765625,21997.94921875,732.0,1056.800048828125,1674.0,1474.0,4013.0,22248.849609375,45893136,15946325,4300508,12720292,1885939,364500
2024-02-22,679.6339721679688,1036.8209228515625,1549.4366455078125,1464.0941162109375,3761.029541015625,22217.44921875,709.7750244140625,1062.699951171875,1681.3499755859375,1481.75,4087.10009765625,22217.44921875,714.4000244140625,1066.0,1684.5999755859375,1484.949951171875,4094.949951171875,22252.5,706.0999755859375,1040.300048828125,1644.4000244140625,1458.0,3971.0,21875.25,708.875,1056.0,1665.0,1468.1500244140625,3971.0,22081.55078125,50560882,13432573,5841277,18493728,2982052,343500
2024-02-23,680.1365966796875,1035.4552001953125,1545.2896728515625,1475.82763671875,3728.821044921875,22212.69921875,710.2999877929688,1061.300048828125,1676.8499755859375,1493.625,4052.10009765625,22212.69921875,716.9500122070312,1070.0,1698.449951171875,1497.550048828125,4130.0,22297.5,709.0,1057.6500244140625,1671.9000244140625,1483.3499755859375,4046.39990234375,22186.099609375,711.2750244140625,1070.0,1697.0,1489.5,4130.0,22290.0,29833452,13142759,5373072,14438584,2538072,226000
2024-02-26,680.9505004882812,1028.52783203125,1529.9000244140625,1469.6026611328125,3681.843994140625,22122.05078125,711.1500244140625,1054.199951171875,1660.1500244140625,1487.324951171875,4001.050048828125,22122.05078125,717.4249877929688,1062.300048828125,1674.949951171875,1494.5250244140625,4050.0,22202.150390625,706.7750244140625,1050.5,1645.0,1482.5,3982.75,22075.150390625,706.7750244140625,1053.0999755859375,1674.949951171875,1493.550048828125,4036.0,22169.19921875,23506870,7875941,2782438,7513106,1379284,207800
2024-02-27,679.9212036132812,1034.3818359375,1533.0792236328125,1467.94775390625,3776.948486328125,22198.349609375,710.0750122070312,1060.199951171875,1663.5999755859375,1485.6500244140625,4104.39990234375,22198.349609375,713.3499755859375,1066.199951171875,1671.0999755859375,1499.949951171875,4124.0,22218.25,706.5250244140625,1046.5,1652.800048828125,1478.050048828125,3999.0,22085.650390625,706.7750244140625,1050.75,1661.0,1483.0250244140625,3999.0,22090.19921875,32087150,10580973,5159088,10826044,2960475,252200
2024-02-28,674.7745361328125,1020.72265625,1540.1290283203125,1438.2803955078125,3790.338134765625,21951.150390625,704.7000122070312,1046.199951171875,1671.25,1455.625,4118.9501953125,21951.150390625,712.0999755859375,1064.8499755859375,1687.800048828125,1491.2750244140625,4154.89990234375,22229.150390625,702.0,1042.1500244140625,1662.050048828125,1450.175048828125,4089.0,21915.849609375,710.0750122070312,1063.0,1670.0,1483.0,4095.60009765625,22214.099609375,25321986,7730332,3188916,8647950,1939225,203000
2024-02-29,671.9019165039062,1026.57666015625,1542.5711669921875,1443.3939208984375,3768.39111328125,21982.80078125,701.7000122070312,1052.199951171875,1673.9000244140625,1460.800048828125,4095.10009765625,21982.80078125,705.2000122070312,1060.699951171875,1682.25,1478.9749755859375,4138.10009765625,22060.55078125,698.6500244140625,1038.5,1653.300048828125,1454.5250244140625,4064.550048828125,21860.650390625,701.0499877929688,1043.050048828125,1665.0,1465.0,4099.0,21935.19921875,53295700,20944844,7814722,23628976,3772719,360200
2024-03-01,684.99609375,1060.431640625,1524.87744140625,1474.345458984375,3767.700439453125,22338.75,715.375,1086.9000244140625,1654.699951171875,1492.125,4094.35009765625,22338.75,716.375,1089.949951171875,1671.949951171875,1500.0,4140.0,22353.30078125,700.0,1054.0,1651.0,1462.5,4086.800048828125,22047.75,700.0,1055.0,1669.0,1463.5,4107.2001953125,22048.30078125,34738898,14909562,6387291,12132926,2043265,351500
2024-03-04,685.9296875,1065.748779296875,1508.75048828125,1489.4384765625,3755.139404296875,22405.599609375,716.3499755859375,1092.3499755859375,1637.199951171875,1507.4000244140625,4080.699951171875,22405.599609375,718.5,1095.0,1664.449951171875,1512.449951171875,4117.89990234375,22440.900390625,712.1500244140625,1080.0999755859375,1633.6500244140625,1487.2249755859375,4075.89990234375,22358.30078125,715.4749755859375,1081.0,1657.8499755859375,1490.4749755859375,4105.0,22403.5,35616474,11424581,4445156,10024420,1749271,298800
2024-03-05,689.8317260742188,1061.5537109375,1480.4591064453125,1482.32421875,3692.012451171875,22356.30078125,720.4249877929688,1088.050048828125,1606.5,1500.199951171875,4012.10009765625,22356.30078125,721.5,1099.5,1637.3499755859375,1507.4000244140625,4064.0,22416.900390625,710.8250122070312,1076.5,1602.0,1486.050048828125,3980.0,22269.150390625,711.0,1086.199951171875,1634.0,1505.7750244140625,4062.0,22371.25,37991672,9222544,4596579,7107668,2070859,296200
2024-03-06,690.6695556640625,1070.3831787109375,1490.64208984375,1485.0908203125,3740.0478515625,22474.05078125,721.2999877929688,1097.0999755859375,1617.550048828125,1503.0,4064.300048828125,22474.05078125,726.4249877929688,1113.550048828125,1620.1500244140625,1509.0,4072.0,22497.19921875,716.7750244140625,1080.300048828125,1576.0,1478.5,3958.449951171875,22224.349609375,716.7750244140625,1080.300048828125,1602.800048828125,1493.449951171875,3994.050048828125,22327.5,42409530,21796484,6420684,7805676,1744204,312300
2024-03-07,692.34521484375,1061.4560546875,1489.6285400390625,1461.3028564453125,3780.81396484375,22493.55078125,723.0499877929688,1087.949951171875,1616.449951171875,1478.925048828125,4108.60009765625,22493.55078125,725.5250244140625,1095.0,1628.449951171875,1503.0999755859375,4124.0,22525.650390625,720.7000122070312,1082.699951171875,1604.199951171875,1475.550048828125,4037.699951171875,22430.0,722.75,1094.949951171875,1616.5999755859375,1502.9749755859375,4065.0,22505.30078125,49348046,9963926,6348359,8315726,2688905,379900
2024-03-11,683.5838012695312,1052.43115234375,1475.0220947265625,1449.1246337890625,3793.466796875,22332.650390625,713.9000244140625,1078.699951171875,1600.5999755859375,1466.5999755859375,4122.35009765625,22332.650390625,722.9749755859375,1087.949951171875,1613.800048828125,1489.0,4153.0,22526.599609375,711.5,1076.75,1588.0,1463.5,4089.0,22307.25,715.0,1087.949951171875,1608.1500244140625,1489.0,4089.0,22517.5,50531094,13310362,6752895,11277130,2304068,277900
2024-03-12,698.78466796875,1050.6263427734375,1486.4031982421875,1457.8446044921875,3857.7900390625,22335.69921875,729.7750244140625,1076.8499755859375,1612.949951171875,1475.425048828125,4192.25,22335.69921875,732.0,1094.800048828125,1625.0,1488.0,4229.9501953125,22452.55078125,714.625,1055.6500244140625,1597.6500244140625,1465.0250244140625,4121.0498046875,22256.0,717.0,1077.050048828125,1600.0,1466.5999755859375,4122.35009765625,22334.44921875,65418454,21785435,4614222,9432678,4039801,299200
2024-03-13,699.1915893554688,1057.5533447265625,1484.974609375,1415.10986328125,3817.99072265625,21997.69921875,730.2000122070312,1083.949951171875,1611.4000244140625,1432.175048828125,4149.0,21997.69921875,735.7999877929688,1089.6500244140625,1624.5,1483.0999755859375,4241.0,22446.75,725.0499877929688,1073.1500244140625,1598.550048828125,1427.7750244140625,4131.89990234375,21905.650390625,732.75,1077.1500244140625,1612.9000244140625,1479.7750244140625,4205.0,22432.19921875,63067454,24855870,5688997,13522134,2837260,493300
2024-03-14,696.8216552734375,1057.2119140625,1523.5875244140625,1414.4180908203125,3871.915771484375,22146.650390625,727.7249755859375,1083.5999755859375,1653.300048828125,1431.4749755859375,4207.60009765625,22146.650390625,733.0,1097.0999755859375,1657.75,1448.5250244140625,4225.0,22204.599609375,722.1500244140625,1075.050048828125,1608.0,1425.5,4086.0,21917.5,731.0499877929688,1080.0,1614.4000244140625,1439.699951171875,4153.4501953125,21982.55078125,52432158,14231421,8803799,18571102,2919608,426700
2024-03-15,695.4811401367188,1054.0411376953125,1505.8016357421875,1401.3260498046875,3882.635986328125,22023.349609375,726.3250122070312,1080.3499755859375,1634.0,1418.2249755859375,4219.25,22023.349609375,729.6500244140625,1086.25,1645.800048828125,1433.2249755859375,4239.0,22120.900390625,721.125,1070.0,1618.3499755859375,1412.9000244140625,4177.0,21931.69921875,725.0,1072.0,1641.0999755859375,1425.949951171875,4192.60009765625,22064.849609375,143613804,66192734,11809997,19223818,3373143,661500
2024-03-18,692.3212890625,1054.8704833984375,1476.911376953125,1422.3228759765625,3821.21142578125,22055.69921875,723.0250244140625,1081.199951171875,1602.6500244140625,1439.4749755859375,4152.5,22055.69921875,728.0,1084.800048828125,1632.6500244140625,1441.7249755859375,4254.75,22123.69921875,717.9000244140625,1060.050048828125,1598.8499755859375,1416.5250244140625,4117.85009765625,21916.55078125,723.5,1075.050048828125,1630.0,1420.0,4215.25,21990.099609375,21437856,8769440,4958904,9169392,1526904,356300
2024-03-19,693.9011840820312,1057.5533447265625,1438.943603515625,1408.267333984375,3659.98876953125,21817.44921875,724.6749877929688,1083.949951171875,1561.449951171875,1425.25,3977.300048828125,21817.44921875,726.2000122070312,1088.75,1599.0,1437.5999755859375,4058.0,21978.30078125,717.75,1075.25,1558.0,1417.25,3966.60009765625,21793.099609375,717.75,1078.449951171875,1592.3499755859375,1428.75,4051.25,21946.44921875,36183594,16708715,6870411,8275764,8931209,344200
2024-03-20,685.1397705078125,1058.090087890625,1432.95361328125,1426.546875,3654.099365234375,21839.099609375,715.5250244140625,1084.5,1554.949951171875,1443.75,3970.89990234375,21839.099609375,725.8250122070312,1090.0,1574.949951171875,1445.0,4018.0,21930.900390625,712.3250122070312,1067.5,1552.3499755859375,1424.0250244140625,3960.199951171875,21710.19921875,724.5250244140625,1080.0,1563.0,1427.949951171875,3986.0,21843.900390625,43606094,18725251,4759059,8488806,1817913,312400
2024-03-21,692.1776733398438,1055.455810546875,1432.7232666015625,1433.685791015625,3655.986083984375,22011.94921875,722.875,1081.800048828125,1554.699951171875,1450.9749755859375,3972.949951171875,22011.94921875,725.625,1100.0,1576.949951171875,1457.9000244140625,4008.39990234375,22080.94921875,719.1500244140625,1079.1500244140625,1543.4000244140625,1444.675048828125,3948.0,21941.30078125,721.2999877929688,1092.0,1564.0,1452.5250244140625,3990.050048828125,21989.900390625,28922860,19992607,11062497,13006936,3829582,353200
2024-03-22,690.7891845703125,1063.7489013671875,1390.470458984375,1437.6876220703125,3598.885986328125,22096.75,721.4249877929688,1090.300048828125,1508.8499755859375,1455.0250244140625,3910.89990234375,22096.75,725.375,1093.699951171875,1528.9000244140625,1460.0,3938.0,22180.69921875,718.875,1078.699951171875,1498.199951171875,1447.3499755859375,3855.0,21883.30078125,720.5,1081.1500244140625,1521.0,1449.9749755859375,3897.0,21932.19921875,45980326,17214415,14673890,19527608,5852485,388700
2024-03-26,682.4347534179688,1057.3094482421875,1375.5413818359375,1424.3978271484375,3568.151123046875,22004.69921875,712.7000122070312,1083.699951171875,1492.6500244140625,1441.574951171875,3877.5,22004.69921875,718.9749755859375,1089.1500244140625,1507.449951171875,1452.4000244140625,3946.699951171875,22073.19921875,711.0750122070312,1076.949951171875,1487.9000244140625,1439.0,3871.449951171875,21947.55078125,713.5999755859375,1081.0,1492.0,1445.0,3875.0,21947.900390625,56844290,13367635,8351081,11415906,3440925,328400
2024-03-27,689.7598876953125,1057.3583984375,1367.431884765625,1475.061767578125,3534.470458984375,22123.650390625,720.3499755859375,1083.75,1483.8499755859375,1492.8499755859375,3840.89990234375,22123.650390625,723.9749755859375,1092.5,1499.0,1500.0,3895.0,22193.599609375,710.625,1079.550048828125,1481.550048828125,1447.0,3829.39990234375,22052.849609375,711.7750244140625,1083.699951171875,1496.0,1448.0,3888.5,22053.94921875,62168668,26907245,6857402,16326644,1968575,409100
2024-03-28,693.2069702148438,1066.67578125,1380.517822265625,1468.1451416015625,3567.046630859375,22326.900390625,723.9500122070312,1093.300048828125,1498.050048828125,1485.8499755859375,3876.300048828125,22326.900390625,730.25,1105.050048828125,1511.800048828125,1505.949951171875,3915.0,22516.0,720.3499755859375,1085.0,1487.1500244140625,1478.6500244140625,3840.5,22163.599609375,720.3499755859375,1085.0,1487.1500244140625,1492.875,3850.10009765625,22163.599609375,55592142,22070566,12499530,21854364,4311783,410500
2024-04-01,704.0271606445312,1072.8712158203125,1378.12158203125,1467.0830078125,3604.269775390625,22462.0,735.25,1099.6500244140625,1495.449951171875,1484.7750244140625,3916.75,22462.0,736.9000244140625,1102.949951171875,1529.949951171875,1493.9749755859375,3933.300048828125,22529.94921875,727.7999877929688,1094.449951171875,1492.800048828125,1482.5,3888.050048828125,22427.75,729.0,1096.050048828125,1525.0,1492.4749755859375,3897.699951171875,22455.0,25199570,10848191,6580002,5013880,1569676,0
2024-04-02,708.6472778320312,1054.8704833984375,1366.5103759765625,1469.2320556640625,3573.948486328125,22453.30078125,740.0750122070312,1081.199951171875,1482.8499755859375,1486.949951171875,3883.800048828125,22453.30078125,747.4249877929688,1094.449951171875,1493.1500244140625,1494.0,3909.85009765625,22497.599609375,731.625,1079.25,1480.8499755859375,1475.0,3873.0,22388.150390625,732.5750122070312,1094.449951171875,1484.8499755859375,1484.0,3890.0,22458.80078125,41225446,14380396,7279400,8910166,2142666,289500
2024-04-03,709.6766357421875,1050.9676513671875,1364.4830322265625,1454.0650634765625,3632.3828125,22434.650390625,741.1500244140625,1077.199951171875,1480.6500244140625,1471.5999755859375,3947.300048828125,22434.650390625,747.8250122070312,1083.6500244140625,1495.0999755859375,1484.449951171875,3981.0,22521.099609375,735.7000122070312,1072.25,1475.0,1468.9000244140625,3851.0,22346.5,736.0499877929688,1075.0,1479.0,1482.074951171875,3851.0,22385.69921875,45584386,15477184,8736248,7008292,3973090,309600
2024-04-04,731.36474609375,1052.57763671875,1370.0582275390625,1445.493408203125,3683.914794921875,22514.650390625,763.7999877929688,1078.8499755859375,1486.699951171875,1462.925048828125,4003.300048828125,22514.650390625,765.0,1085.800048828125,1495.6500244140625,1479.75,4028.64990234375,22619.0,752.0,1063.449951171875,1468.0,1450.0,3935.25,22303.80078125,752.0,1084.75,1490.550048828125,1479.75,3975.89990234375,22592.099609375,88935066,21419689,11186915,14490272,3394637,401000
2024-04-05,741.873779296875,1057.0169677734375,1363.0545654296875,1442.7020263671875,3661.782958984375,22513.69921875,774.7750244140625,1083.4000244140625,1479.0999755859375,1460.0999755859375,3979.25,22513.69921875,777.25,1086.0,1486.699951171875,1470.800048828125,4002.0,22537.599609375,765.0750122070312,1067.449951171875,1476.050048828125,1456.0,3960.5,22427.599609375,769.5,1070.0,1480.050048828125,1460.875,3978.0,22486.400390625,59055902,15340637,5072482,7442298,1636819,242200
2024-04-08,740.4613647460938,1060.675537109375,1360.8427734375,1468.2686767578125,3655.61767578125,22666.30078125,773.2999877929688,1087.1500244140625,1476.699951171875,1485.9749755859375,3972.550048828125,22666.30078125,778.625,1091.75,1490.949951171875,1490.9749755859375,4032.64990234375,22697.30078125,770.7750244140625,1076.300048828125,1474.0999755859375,1461.0,3960.0,22550.349609375,777.4749755859375,1078.3499755859375,1483.0,1462.9749755859375,3983.0,22578.349609375,20482940,8023461,6610887,8357118,2302538,227600
2024-04-09,741.3949584960938,1080.0909423828125,1377.5687255859375,1446.2098388671875,3631.6923828125,22642.75,774.2750244140625,1107.050048828125,1494.8499755859375,1463.6500244140625,3946.550048828125,22642.75,777.4249877929688,1115.25,1513.800048828125,1489.800048828125,4015.85009765625,22768.400390625,770.1500244140625,1088.300048828125,1487.300048828125,1462.5,3925.050048828125,22612.25,777.4249877929688,1091.949951171875,1490.0,1489.0,3984.0,22765.099609375,21884494,12298463,9423230,7071414,1876992,232400
2024-04-10,735.5540161132812,1082.3837890625,1388.5814208984375,1461.945068359375,3666.752197265625,22753.80078125,768.1749877929688,1109.4000244140625,1506.800048828125,1479.574951171875,3984.64990234375,22753.80078125,774.9500122070312,1116.550048828125,1509.8499755859375,1487.0,3990.199951171875,22775.69921875,766.4749755859375,1105.1500244140625,1484.550048828125,1466.3499755859375,3918.0,22673.69921875,774.9500122070312,1110.949951171875,1500.3499755859375,1466.3499755859375,3956.39990234375,22720.25,27807400,10598000,6744595,9138330,2101965,276800
2024-04-12,727.223388671875,1077.5054931640625,1368.2613525390625,1449.6680908203125,3682.166015625,22519.400390625,759.4749755859375,1104.4000244140625,1484.75,1467.1500244140625,4001.39990234375,22519.400390625,764.9249877929688,1111.8499755859375,1506.800048828125,1486.4749755859375,4013.35009765625,22726.44921875,756.7249755859375,1095.800048828125,1479.5,1463.074951171875,3945.5,22503.75,760.5,1103.5,1504.0,1475.875,3971.0,22677.400390625,41084208,12216657,12275616,15551012,4354821,357200
2024-04-15,715.61328125,1052.08984375,1352.9637451171875,1447.3707275390625,3626.768798828125,22272.5,747.3499755859375,1078.3499755859375,1468.1500244140625,1464.824951171875,3941.199951171875,22272.5,755.0,1106.1500244140625,1491.949951171875,1482.125,4064.199951171875,22427.44921875,746.0250244140625,1076.5999755859375,1461.050048828125,1446.324951171875,3919.050048828125,22259.55078125,748.7750244140625,1100.199951171875,1480.0,1461.0,4001.39990234375,22339.05078125,23415248,10526597,8531224,12902062,4200329,355500
2024-04-16,722.579345703125,1041.0650634765625,1303.4766845703125,1448.2847900390625,3563.82568359375,22147.900390625,754.625,1067.050048828125,1414.449951171875,1465.75,3872.800048828125,22147.900390625,756.4500122070312,1074.5999755859375,1455.1500244140625,1471.175048828125,3928.699951171875,22213.75,741.125,1062.699951171875,1413.050048828125,1450.925048828125,3862.85009765625,22079.44921875,743.5,1070.550048828125,1451.0,1453.3499755859375,3902.0,22125.30078125,20744886,11278092,16173541,9366184,3051420,317300
2024-04-18,715.61328125,1029.74755859375,1307.900146484375,1446.876708984375,3553.8876953125,21995.849609375,747.3499755859375,1055.449951171875,1419.25,1464.324951171875,3862.0,21995.849609375,759.4249877929688,1078.050048828125,1444.699951171875,1486.0,3936.0,22326.5,745.5250244140625,1050.449951171875,1407.5,1459.3499755859375,3850.0,21961.69921875,754.9000244140625,1074.0,1421.0999755859375,1463.5,3876.800048828125,22212.349609375,34234884,16564216,22107945,19005692,3476284,456900
2024-04-19,733.1361694335938,1041.26025390625,1300.52783203125,1452.607666015625,3520.943603515625,22147.0,765.6500244140625,1067.25,1411.25,1470.125,3826.199951171875,22147.0,767.4749755859375,1072.0,1426.8499755859375,1474.0,3852.550048828125,22179.55078125,740.125,1048.0999755859375,1378.75,1443.0250244140625,3800.89990234375,21777.650390625,743.2750244140625,1052.949951171875,1385.0,1456.7750244140625,3838.0,21861.5,34576434,11284433,20603621,15741778,2957749,362500
2024-04-22,723.9917602539062,1060.1878662109375,1320.3409423828125,1462.2166748046875,3556.280517578125,22336.400390625,756.0999755859375,1086.6500244140625,1432.75,1479.8499755859375,3864.60009765625,22336.400390625,778.7000122070312,1088.699951171875,1436.8499755859375,1482.824951171875,3878.0,22375.650390625,754.1500244140625,1070.3499755859375,1413.050048828125,1467.800048828125,3812.0,22198.150390625,778.7000122070312,1078.800048828125,1419.9000244140625,1472.449951171875,3837.0,22336.900390625,42298438,10346714,5859087,10350362,1728883,279300
2024-04-23,721.7894287109375,1063.7000732421875,1329.23388671875,1441.936279296875,3565.574462890625,22368.0,753.7999877929688,1090.25,1442.4000244140625,1459.324951171875,3874.699951171875,22368.0,763.25,1100.0,1446.8499755859375,1493.5,3895.0,22447.55078125,751.625,1082.699951171875,1433.0,1455.550048828125,3860.60009765625,22349.44921875,763.1500244140625,1100.0,1443.0,1479.0,3877.050048828125,22447.05078125,26827060,9848215,4856174,14605554,1807586,231500
2024-04-24,723.7523803710938,1070.041748046875,1318.498046875,1432.8953857421875,3525.40673828125,22402.400390625,755.8499755859375,1096.75,1430.75,1450.175048828125,3831.050048828125,22402.400390625,760.875,1098.4000244140625,1444.300048828125,1468.550048828125,3898.0,22476.44921875,754.5250244140625,1089.0,1427.050048828125,1449.5,3824.449951171875,22384.0,757.5,1092.25,1444.300048828125,1463.5,3890.0,22421.55078125,22441580,5461309,4268213,10462776,1317312,235900
2024-04-25,723.2975463867188,1086.6278076171875,1325.59375,1442.5784912109375,3544.869140625,22570.349609375,755.375,1113.75,1438.449951171875,1459.9749755859375,3852.199951171875,22570.349609375,759.8499755859375,1125.6500244140625,1444.9000244140625,1467.9749755859375,3873.64990234375,22625.94921875,753.125,1089.949951171875,1420.0,1441.5,3811.0,22305.25,753.125,1090.0,1420.0,1442.5,3811.199951171875,22316.900390625,35445204,19905338,9089398,15943926,2856271,475000
2024-04-26,722.8427734375,1080.9202880859375,1318.0372314453125,1435.2420654296875,3516.48095703125,22419.94921875,754.9000244140625,1107.9000244140625,1430.25,1452.550048828125,3821.35009765625,22419.94921875,764.0,1120.0,1445.4000244140625,1465.0,3876.800048828125,22620.400390625,752.7750244140625,1102.75,1427.0,1450.0,3802.550048828125,22385.55078125,759.9000244140625,1112.1500244140625,1439.699951171875,1463.949951171875,3855.14990234375,22620.400390625,24854694,14190059,8062444,9413848,2039178,329900
2024-04-29,732.2744140625,1131.8978271484375,1322.1842041015625,1447.5684814453125,3561.433349609375,22643.400390625,764.75,1160.1500244140625,1434.75,1465.0250244140625,3870.199951171875,22643.400390625,767.2249755859375,1163.449951171875,1439.800048828125,1467.9000244140625,3877.800048828125,22655.80078125,753.2750244140625,1107.9000244140625,1428.25,1450.0,3819.199951171875,22441.900390625,757.5,1108.0,1429.949951171875,1450.0,3838.0,22475.55078125,36093350,28578063,5055957,7247974,1110693,292000
2024-04-30,727.7739868164062,1122.38525390625,1309.0982666015625,1449.5198974609375,3515.836181640625,22604.849609375,760.0499877929688,1150.4000244140625,1420.550048828125,1467.0,3820.64990234375,22604.849609375,769.75,1169.550048828125,1436.550048828125,1483.074951171875,3881.75,22783.349609375,757.4500122070312,1146.75,1417.550048828125,1462.875,3810.0,22568.400390625,764.5999755859375,1159.949951171875,1434.699951171875,1468.0,3872.0,22679.650390625,52307382,29568491,6936588,11474262,2203078,361900
2024-05-02,733.591064453125,1111.701904296875,1303.4766845703125,1449.0753173828125,3555.08349609375,22648.19921875,766.125,1139.449951171875,1414.449951171875,1466.550048828125,3863.300048828125,22648.19921875,768.5,1155.5,1424.0,1477.324951171875,3871.10009765625,22710.5,760.1749877929688,1133.25,1411.8499755859375,1464.125,3778.050048828125,22567.849609375,761.0,1143.0,1413.0,1472.0,3778.050048828125,22567.849609375,33475006,25118334,10076354,14512646,2491044,445900
2024-05-03,727.5346069335938,1114.23876953125,1305.1817626953125,1416.9130859375,3536.771240234375,22475.849609375,759.7999877929688,1142.050048828125,1416.300048828125,1434.0,3843.39990234375,22475.849609375,770.2999877929688,1157.4000244140625,1424.800048828125,1474.949951171875,3893.60009765625,22794.69921875,753.5999755859375,1135.449951171875,1403.199951171875,1416.1500244140625,3797.60009765625,22348.05078125,766.625,1141.300048828125,1422.0999755859375,1471.0,3890.14990234375,22766.349609375,31865242,19933604,8842345,17226958,2962234,438100
2024-05-06,728.994873046875,1118.3851318359375,1314.0284423828125,1402.610595703125,3608.2265625,22442.69921875,761.3250122070312,1146.300048828125,1425.9000244140625,1419.5250244140625,3921.050048828125,22442.69921875,767.25,1158.449951171875,1445.699951171875,1440.0,3939.949951171875,22588.80078125,758.5750122070312,1138.0999755859375,1417.0999755859375,1418.0,3853.0,22409.44921875,761.0,1141.550048828125,1420.0,1435.5,3853.0,22561.599609375,28793396,14970524,6445422,7394208,2053831,320300
2024-05-07,721.09521484375,1104.3358154296875,1327.8974609375,1384.775634765625,3661.50732421875,22302.5,753.0750122070312,1131.9000244140625,1440.949951171875,1401.4749755859375,3978.949951171875,22302.5,762.0250244140625,1152.75,1443.3499755859375,1420.75,3988.0,22499.05078125,752.0750122070312,1126.300048828125,1415.5999755859375,1392.0,3913.5,22232.05078125,760.9749755859375,1147.949951171875,1424.949951171875,1415.9749755859375,3930.800048828125,22489.75,28480602,15097728,6080661,14517472,2062112,297800
2024-05-08,709.84423828125,1095.652587890625,1315.318603515625,1401.6470947265625,3659.6669921875,22302.5,741.3250122070312,1123.0,1427.300048828125,1418.550048828125,3976.949951171875,22302.5,748.4749755859375,1132.0,1439.75,1432.949951171875,3984.300048828125,22368.650390625,740.1749877929688,1116.050048828125,1425.5999755859375,1397.5,3938.60009765625,22185.19921875,747.9749755859375,1126.550048828125,1435.25,1397.5,3961.0,22231.19921875,41687862,19913090,6234983,9439002,1247685,277400
2024-05-09,693.0155029296875,1088.5302734375,1326.6075439453125,1377.51318359375,3644.252685546875,21957.5,723.75,1115.699951171875,1439.550048828125,1394.125,3960.199951171875,21957.5,743.375,1128.8499755859375,1449.949951171875,1423.75,3971.0,22307.75,722.6500244140625,1110.0,1424.8499755859375,1390.0,3910.050048828125,21932.400390625,737.4749755859375,1120.550048828125,1427.550048828125,1413.0,3962.0,22224.80078125,46281278,12229853,6088406,11009612,1726486,331300
2024-05-10,697.8200073242188,1089.847412109375,1313.10693359375,1390.65478515625,3583.24267578125,22055.19921875,718.9500122070312,1117.050048828125,1424.9000244140625,1407.425048828125,3893.89990234375,22055.19921875,725.9749755859375,1128.9000244140625,1435.949951171875,1410.0,3973.60009765625,22131.30078125,713.4000244140625,1112.050048828125,1413.0,1388.074951171875,3885.050048828125,21950.30078125,719.5,1118.0,1435.050048828125,1396.75,3962.60009765625,21990.94921875,27276608,8573656,8777481,10505096,1672489,265800
2024-05-13,706.2400512695312,1100.53076171875,1311.7705078125,1385.986083984375,3632.84228515625,22104.05078125,727.625,1128.0,1423.449951171875,1402.699951171875,3947.800048828125,22104.05078125,729.9000244140625,1130.6500244140625,1425.0,1406.9749755859375,3955.0,22131.650390625,715.1500244140625,1106.699951171875,1411.199951171875,1384.0,3870.0,21821.05078125,716.0,1112.4000244140625,1425.0,1399.9000244140625,3884.5,22027.94921875,27047202,9707983,3735954,8456620,931326,278200
2024-05-14,709.0062866210938,1093.26220703125,1312.9224853515625,1403.1539306640625,3589.9599609375,22217.849609375,730.4749755859375,1120.550048828125,1424.699951171875,1420.074951171875,3901.199951171875,22217.849609375,732.75,1127.9000244140625,1433.75,1427.074951171875,3945.800048828125,22270.05078125,725.1500244140625,1118.550048828125,1418.050048828125,1400.0250244140625,3892.89990234375,22081.25,726.125,1125.9000244140625,1426.4000244140625,1400.9749755859375,3936.0,22112.900390625,25665142,8944262,3463230,7188300,1058317,230200
2024-05-15,698.1111450195312,1096.9696044921875,1308.5452880859375,1399.3994140625,3570.81982421875,22200.55078125,719.25,1124.3499755859375,1419.949951171875,1416.2750244140625,3880.39990234375,22200.55078125,729.8499755859375,1127.800048828125,1431.800048828125,1429.9749755859375,3926.949951171875,22297.55078125,717.9000244140625,1113.5,1418.550048828125,1413.0250244140625,3875.5,22151.75,729.8499755859375,1122.0999755859375,1426.0,1420.5,3904.5,22255.599609375,38931996,10743423,4327544,5046534,1115021,231900
2024-05-16,708.6665649414062,1103.506591796875,1339.3248291015625,1408.3660888671875,3615.821044921875,22403.849609375,730.125,1131.050048828125,1453.3499755859375,1425.3499755859375,3900.949951171875,22403.849609375,731.2750244140625,1136.550048828125,1455.75,1427.5,3909.5,22432.25,717.75,1112.800048828125,1427.0,1398.0250244140625,3843.5,22054.55078125,723.0250244140625,1133.0,1433.949951171875,1418.550048828125,3891.10009765625,22319.19921875,34945236,14265565,9249145,14711774,2599399,368900
2024-05-17,710.5349731445312,1102.9698486328125,1330.98486328125,1418.5927734375,3553.857177734375,22466.099609375,732.0499877929688,1130.5,1444.300048828125,1435.699951171875,3834.10009765625,22466.099609375,734.0,1144.0,1457.0,1437.199951171875,3920.0,22502.150390625,723.0999755859375,1120.5999755859375,1439.25,1413.25,3830.0,22345.650390625,723.0999755859375,1131.050048828125,1457.0,1423.050048828125,3919.0,22415.25,20920190,8641784,7542860,10916476,2765804,242700
2024-05-21,707.962890625,1093.65234375,1321.6312255859375,1419.0126953125,3540.97314453125,22529.05078125,729.4000244140625,1120.949951171875,1434.1500244140625,1436.125,3820.199951171875,22529.05078125,734.8499755859375,1133.800048828125,1444.699951171875,1441.824951171875,3844.75,22591.099609375,725.0499877929688,1116.25,1428.4000244140625,1425.5999755859375,3810.050048828125,22404.55078125,725.0499877929688,1122.199951171875,1430.0,1425.5999755859375,3830.60009765625,22404.55078125,43769978,10452900,6752663,11176128,1908117,347600
2024-05-22,708.156982421875,1084.042236328125,1340.6611328125,1443.2454833984375,3551.9111328125,22597.80078125,729.5999755859375,1111.0999755859375,1454.800048828125,1460.6500244140625,3832.0,22597.80078125,732.7999877929688,1125.9000244140625,1459.949951171875,1468.7750244140625,3841.25,22629.5,724.0750122070312,1098.0999755859375,1428.0,1436.2750244140625,3817.550048828125,22483.150390625,728.9249877929688,1125.0,1428.75,1436.2750244140625,3835.0,22576.599609375,39996278,17527411,7173285,10281604,1311168,290300
2024-05-23,724.3661499023438,1106.8724365234375,1356.88037109375,1468.343017578125,3608.86865234375,22967.650390625,746.2999877929688,1134.5,1472.4000244140625,1486.050048828125,3893.449951171875,22967.650390625,747.8250122070312,1137.0,1478.1500244140625,1492.2249755859375,3905.0,22993.599609375,728.5250244140625,1111.4000244140625,1450.0,1455.0,3825.5,22577.44921875,729.3250122070312,1115.550048828125,1454.699951171875,1458.550048828125,3840.949951171875,22614.099609375,40861920,13787687,8641428,14608260,2095742,369800
2024-05-24,736.3046875,1104.384521484375,1350.1529541015625,1462.6119384765625,3568.131591796875,22957.099609375,758.5999755859375,1131.949951171875,1465.0999755859375,1480.25,3849.5,22957.099609375,759.9500122070312,1135.0,1475.5,1488.5,3883.800048828125,23026.400390625,743.0,1124.1500244140625,1460.0,1476.0999755859375,3844.300048828125,22908.0,743.75,1130.0,1468.25,1483.625,3878.25,22930.75,31060206,6312670,5277938,7094776,1309452,261900
2024-05-27,741.400390625,1102.2869873046875,1355.91259765625,1448.77880859375,3565.86083984375,22932.44921875,763.8499755859375,1129.800048828125,1471.3499755859375,1466.25,3847.050048828125,22932.44921875,772.5,1147.800048828125,1479.5999755859375,1484.9000244140625,3908.35009765625,23110.80078125,759.5250244140625,1121.550048828125,1460.25,1461.550048828125,3841.35009765625,22871.19921875,761.6749877929688,1131.9000244140625,1471.8499755859375,1480.2249755859375,3855.0,23038.94921875,29385440,11599857,5821844,6629010,1841538,260000
2024-05-28,742.75927734375,1099.5062255859375,1351.949951171875,1438.8486328125,3559.233154296875,22888.150390625,765.25,1126.949951171875,1467.050048828125,1456.199951171875,3839.89990234375,22888.150390625,768.0250244140625,1135.199951171875,1476.0,1478.5,3870.0,22998.55078125,762.4000244140625,1125.0,1460.300048828125,1452.75,3830.0,22858.5,765.0499877929688,1132.5,1475.5,1468.0,3858.0,22977.150390625,27908904,9311718,6186922,7820162,1801993,217900
2024-05-29,731.9855346679688,1075.1639404296875,1337.1131591796875,1423.607421875,3525.6328125,22704.69921875,754.1500244140625,1102.0,1450.949951171875,1440.7750244140625,3803.64990234375,22704.69921875,761.9249877929688,1123.550048828125,1465.5,1458.0,3848.89990234375,22825.5,750.625,1098.5,1450.0,1438.449951171875,3800.0,22685.44921875,759.0,1115.050048828125,1465.4000244140625,1446.5,3848.89990234375,22762.75,35147706,19268547,7401634,7383556,1568095,269900
2024-05-30,735.1642456054688,1086.5789794921875,1315.4566650390625,1407.8720703125,3463.020263671875,22488.650390625,757.4249877929688,1113.699951171875,1427.449951171875,1424.8499755859375,3736.10009765625,22488.650390625,761.7999877929688,1121.0,1449.8499755859375,1440.4000244140625,3794.39990234375,22705.75,748.8250122070312,1096.9000244140625,1421.550048828125,1420.0999755859375,3715.449951171875,22417.0,749.5999755859375,1097.0,1442.800048828125,1435.5,3777.0,22617.44921875,33755350,15255387,9663150,13206858,2919230,373400
2024-05-31,743.2688598632812,1093.7501220703125,1322.4598388671875,1413.35595703125,3402.63232421875,22530.69921875,765.7750244140625,1121.050048828125,1406.9000244140625,1430.4000244140625,3670.949951171875,22530.69921875,768.0,1130.5999755859375,1436.75,1442.25,3749.800048828125,22653.75,757.0,1111.25,1400.0,1422.25,3653.75,22465.099609375,759.5,1118.0,1409.800048828125,1431.300048828125,3740.0,22568.099609375,74079588,26197718,37113815,31069832,10956800,572100
2024-06-03,762.9964599609375,1131.75146484375,1321.519775390625,1492.32861328125,3432.200927734375,23263.900390625,786.0999755859375,1160.0,1405.9000244140625,1510.324951171875,3702.85009765625,23263.900390625,799.5,1173.0,1440.0,1514.5,3751.550048828125,23338.69921875,775.0,1136.300048828125,1404.0,1459.0,3696.0,23062.30078125,799.5,1170.0,1440.0,1483.0,3732.800048828125,23337.900390625,72637256,25699977,10589244,21527942,2156773,569400
2024-06-04,719.7800903320312,1045.3577880859375,1310.0050048828125,1380.625732421875,3443.462646484375,21884.5,741.5750122070312,1071.449951171875,1393.6500244140625,1397.2750244140625,3715.0,21884.5,779.5,1159.4000244140625,1415.0,1498.050048828125,3745.0,23179.5,727.0,1053.550048828125,1358.3499755859375,1359.300048828125,3591.5,21281.44921875,778.5,1157.9000244140625,1409.0,1498.050048828125,3700.0,23179.5,89531240,43476837,13736134,36709098,3395997,1006100
2024-06-05,753.0963134765625,1081.6519775390625,1344.267333984375,1403.821044921875,3472.613525390625,22620.349609375,775.9000244140625,1108.6500244140625,1430.0999755859375,1420.75,3746.449951171875,22620.349609375,779.7999877929688,1123.25,1438.0,1431.1500244140625,3783.800048828125,22670.400390625,741.1749877929688,1051.050048828125,1400.1500244140625,1384.0999755859375,3700.0,21791.94921875,747.0250244140625,1085.0,1400.1500244140625,1422.0,3716.0,22128.349609375,81631650,42172104,9233424,17464890,2799670,638500
2024-06-06,756.93017578125,1083.359375,1383.8875732421875,1414.5416259765625,3550.427734375,22821.400390625,779.8499755859375,1110.4000244140625,1472.25,1431.5999755859375,3830.39990234375,22821.400390625,782.7249755859375,1118.0,1474.300048828125,1443.699951171875,3839.89990234375,22910.150390625,773.2999877929688,1096.5999755859375,1437.5,1421.3499755859375,3741.5,22642.599609375,782.4500122070312,1118.0,1444.949951171875,1435.0,3781.0,22798.599609375,46422870,18574162,12660930,17855722,4328036,480400
2024-06-07,763.5545654296875,1094.3841552734375,1441.555419921875,1452.4345703125,3609.33251953125,23290.150390625,786.6749877929688,1121.699951171875,1533.5999755859375,1469.949951171875,3893.949951171875,23290.150390625,792.1749877929688,1128.300048828125,1539.699951171875,1472.0,3915.0,23320.19921875,776.0250244140625,1103.5999755859375,1477.25,1426.5,3837.300048828125,22789.05078125,780.5250244140625,1110.4000244140625,1481.0,1428.5,3837.300048828125,22821.849609375,36712216,17197635,24075302,18558696,4552445,473600
2024-06-10,757.7067260742188,1096.4329833984375,1409.73681640625,1453.867431640625,3576.658935546875,23259.19921875,780.6500244140625,1123.800048828125,1499.75,1471.4000244140625,3858.699951171875,23259.19921875,790.3250122070312,1133.199951171875,1529.800048828125,1493.3499755859375,3905.89990234375,23411.900390625,778.7999877929688,1115.0999755859375,1497.300048828125,1468.074951171875,3841.89990234375,23227.150390625,787.0,1116.0,1525.300048828125,1469.949951171875,3895.0,23319.150390625,22454058,10851455,6810606,9251760,1734661,304400
2024-06-11,759.4052734375,1090.969482421875,1405.9771728515625,1439.3179931640625,3570.54150390625,23264.849609375,782.4000244140625,1118.199951171875,1495.75,1456.675048828125,3852.10009765625,23264.849609375,785.5,1129.050048828125,1506.449951171875,1473.675048828125,3879.949951171875,23389.44921875,776.0999755859375,1111.0,1493.949951171875,1454.675048828125,3841.0,23206.650390625,778.0,1119.75,1500.050048828125,1469.0,3845.0,23283.75,29545326,12250002,4853054,11774902,1419898,305200
2024-06-12,763.94287109375,1092.28662109375,1396.060302734375,1445.8885498046875,3551.58642578125,23322.94921875,787.0750122070312,1119.550048828125,1485.199951171875,1463.324951171875,3831.64990234375,23322.94921875,794.1500244140625,1133.4000244140625,1508.75,1476.0,3893.5,23441.94921875,783.2000122070312,1112.0,1482.75,1455.175048828125,3827.449951171875,23295.94921875,787.5,1121.0,1507.0,1457.5,3874.39990234375,23344.44921875,39280436,16096514,9564320,10081742,2177001,295600
2024-06-13,767.1458129882812,1080.383544921875,1404.2850341796875,1447.790771484375,3594.687255859375,23398.900390625,790.375,1107.3499755859375,1493.949951171875,1465.25,3878.14990234375,23398.900390625,792.8499755859375,1123.199951171875,1505.0,1472.25,3890.0,23481.05078125,787.0,1105.0,1489.3499755859375,1460.0999755859375,3852.0,23353.900390625,790.875,1122.199951171875,1495.0,1472.0,3856.800048828125,23480.94921875,24120192,12494254,7307565,9181160,1932323,268300
2024-06-14,774.9835815429688,1078.7249755859375,1399.5382080078125,1459.9442138671875,3551.957275390625,23465.599609375,798.4500122070312,1105.6500244140625,1488.9000244140625,1477.550048828125,3832.050048828125,23465.599609375,799.5,1114.0,1503.699951171875,1479.675048828125,3889.0,23490.400390625,788.8499755859375,1099.449951171875,1486.050048828125,1457.2249755859375,3828.0,23334.25,792.0,1114.0,1503.699951171875,1470.0,3889.0,23464.94921875,25540554,11377979,4237727,8157998,1860730,223100
2024-06-18,780.2733764648438,1095.506103515625,1408.2799072265625,1463.3778076171875,3536.245849609375,23557.900390625,803.9000244140625,1122.8499755859375,1498.199951171875,1481.0250244140625,3815.10009765625,23557.900390625,805.25,1135.050048828125,1507.0,1487.4000244140625,3842.0,23579.05078125,794.7249755859375,1101.199951171875,1495.4000244140625,1471.3499755859375,3795.050048828125,23499.69921875,798.4500122070312,1113.949951171875,1497.0,1487.3499755859375,3826.050048828125,23570.80078125,32415714,18306176,5420939,7196766,1774045,272200
2024-06-19,804.5628051757812,1116.580078125,1420.640869140625,1441.26953125,3523.8251953125,23516.0,828.9249877929688,1144.449951171875,1511.3499755859375,1458.6500244140625,3801.699951171875,23516.0,834.9500122070312,1165.550048828125,1515.6500244140625,1487.5,3833.85009765625,23664.0,802.0,1126.1500244140625,1496.699951171875,1456.0,3792.949951171875,23412.900390625,806.7000122070312,1127.949951171875,1505.0,1487.5,3827.64990234375,23629.849609375,90131196,34309514,5493456,8725874,1509050,328800
2024-06-20,810.143798828125,1128.62939453125,1424.44775390625,1456.139892578125,3510.431396484375,23567.0,834.6749877929688,1156.800048828125,1515.4000244140625,1473.699951171875,3787.25,23567.0,840.7249755859375,1160.0,1517.5,1482.8499755859375,3809.949951171875,23624.0,826.0,1135.5,1499.0999755859375,1450.0999755859375,3780.050048828125,23442.599609375,834.9000244140625,1154.050048828125,1516.300048828125,1459.0,3796.0,23586.150390625,41408742,15475933,7927010,16113776,2846526,280300
2024-06-21,808.396728515625,1130.434326171875,1440.709228515625,1436.8724365234375,3532.214111328125,23501.099609375,832.875,1158.6500244140625,1532.699951171875,1454.199951171875,3810.75,23501.099609375,836.4249877929688,1169.9000244140625,1557.75,1474.699951171875,3877.800048828125,23667.099609375,821.5750122070312,1150.6500244140625,1523.699951171875,1440.574951171875,3798.050048828125,23398.19921875,836.4249877929688,1163.550048828125,1545.0,1473.625,3827.0,23661.150390625,51630776,69259425,17301941,31170360,4642195,609900
2024-06-24,811.6240234375,1141.60546875,1435.4925537109375,1424.298828125,3537.82177734375,23537.849609375,836.2000122070312,1170.0999755859375,1527.1500244140625,1441.4749755859375,3816.800048828125,23537.849609375,837.5499877929688,1175.6500244140625,1529.0999755859375,1449.5,3857.0,23558.099609375,822.875,1152.6500244140625,1515.4000244140625,1437.5,3791.300048828125,23350.0,823.5,1154.6500244140625,1524.550048828125,1445.5250244140625,3808.75,23382.30078125,28544994,12210295,5564989,8878386,1702154,239400
2024-06-25,830.5266723632812,1168.7772216796875,1449.4041748046875,1436.822998046875,3557.88916015625,23721.30078125,855.6749877929688,1197.949951171875,1541.949951171875,1454.1500244140625,3838.449951171875,23721.30078125,858.4749755859375,1206.0,1543.9000244140625,1455.925048828125,3847.64990234375,23754.150390625,835.5499877929688,1167.6500244140625,1520.3499755859375,1441.0,3792.89990234375,23562.05078125,835.5499877929688,1170.25,1526.0,1443.0,3817.0,23577.099609375,74521548,27309845,4551525,7045386,1338808,298100
2024-06-26,825.7463989257812,1188.339111328125,1448.229248046875,1495.9844970703125,3574.017578125,23868.80078125,850.75,1218.0,1540.699951171875,1514.0250244140625,3855.85009765625,23868.80078125,855.4500122070312,1222.8499755859375,1548.8499755859375,1518.9749755859375,3866.949951171875,23889.900390625,845.5499877929688,1193.8499755859375,1535.0,1445.125,3841.0,23670.44921875,853.9749755859375,1202.0,1541.0,1446.050048828125,3844.5,23723.099609375,47596666,25403461,4851004,22014882,1639845,287800
2024-06-27,823.1500244140625,1190.1927490234375,1478.9195556640625,1512.312744140625,3646.593994140625,24044.5,848.0750122070312,1219.9000244140625,1573.3499755859375,1530.550048828125,3934.14990234375,24044.5,856.5,1235.0,1578.4000244140625,1537.5,3942.0,24087.44921875,843.2999877929688,1209.0999755859375,1532.050048828125,1506.0,3818.10009765625,23805.400390625,848.0499877929688,1228.3499755859375,1538.449951171875,1513.75,3831.0,23881.55078125,55074650,20516632,14757754,28383030,4526556,515200
2024-06-28,817.156494140625,1170.38720703125,1472.7156982421875,1546.7474365234375,3618.786865234375,24010.599609375,841.9000244140625,1199.5999755859375,1566.75,1565.4000244140625,3904.14990234375,24010.599609375,853.2999877929688,1227.0,1588.5,1581.0,3960.0,24174.0,839.5,1196.3499755859375,1564.25,1531.0250244140625,3897.85009765625,23985.80078125,848.7999877929688,1227.0,1572.550048828125,1531.0250244140625,3917.800048828125,24085.900390625,26476046,12507092,8197544,28957336,2731571,354800
2024-07-01,827.5420532226562,1182.3387451171875,1495.3223876953125,1541.5599365234375,3687.42431640625,24141.94921875,852.5999755859375,1211.8499755859375,1590.800048828125,1560.1500244140625,3978.199951171875,24141.94921875,853.6500244140625,1215.3499755859375,1599.9000244140625,1579.4000244140625,4001.699951171875,24164.0,840.0,1192.050048828125,1559.5,1555.675048828125,3884.0,23992.69921875,840.0,1199.5999755859375,1559.5,1562.5250244140625,3884.0,23992.94921875,21187024,8636894,6801771,7724306,2658723,0
2024-07-02,839.8687744140625,1161.606201171875,1523.7568359375,1546.5250244140625,3723.75927734375,24123.849609375,865.2999877929688,1190.5999755859375,1621.050048828125,1565.175048828125,4017.39990234375,24123.849609375,867.4500122070312,1217.0,1633.800048828125,1573.5,4023.39990234375,24236.349609375,851.375,1185.550048828125,1586.5,1557.0,3982.550048828125,24056.400390625,857.5,1217.0,1596.199951171875,1569.5,3993.60009765625,24228.75,45921690,16153925,10493173,7749246,2307449,0
2024-07-03,858.3346557617188,1172.33837890625,1529.7255859375,1533.927001953125,3675.421142578125,24286.5,884.3250122070312,1201.5999755859375,1627.4000244140625,1552.425048828125,3965.25,24286.5,897.0,1215.8499755859375,1636.0,1575.0,4026.10009765625,24309.150390625,882.3250122070312,1179.449951171875,1606.0,1542.7750244140625,3955.0,24207.099609375,895.5,1196.8499755859375,1625.0,1566.324951171875,4020.0,24291.75,123217802,22330897,7269965,9049620,1821198,0
2024-07-04,838.1945190429688,1202.9737548828125,1551.580322265625,1535.5079345703125,3727.049560546875,24302.150390625,863.5750122070312,1233.0,1650.6500244140625,1554.0250244140625,4020.949951171875,24302.150390625,879.875,1234.949951171875,1660.0,1567.5,4047.35009765625,24401.0,862.4249877929688,1214.300048828125,1628.0,1550.800048828125,3982.10009765625,24281.0,879.875,1229.0,1628.199951171875,1557.0,3999.85009765625,24369.94921875,45848658,15275791,8008311,6837176,2518001,251200
2024-07-05,799.8310546875,1203.364013671875,1548.572265625,1569.6956787109375,3718.568603515625,24323.849609375,824.0499877929688,1233.4000244140625,1647.449951171875,1588.625,4011.800048828125,24323.849609375,842.5,1242.5999755859375,1665.8499755859375,1598.5,4026.75,24363.0,821.0999755859375,1220.8499755859375,1633.3499755859375,1548.0,3988.0,24168.849609375,842.5,1225.0,1651.449951171875,1553.824951171875,4010.0,24213.349609375,82242548,9535575,7065022,12269710,1668616,298400
2024-07-08,793.6434936523438,1204.973876953125,1561.919921875,1581.824462890625,3701.328369140625,24320.55078125,817.6749877929688,1235.050048828125,1661.6500244140625,1600.9000244140625,3993.199951171875,24320.55078125,827.4749755859375,1239.5,1666.0,1608.800048828125,4031.25,24344.599609375,813.5750122070312,1216.9000244140625,1640.0,1582.5250244140625,3978.050048828125,24240.55078125,822.6500244140625,1228.9000244140625,1643.0999755859375,1589.0,4022.0,24329.44921875,39087800,6617190,5880533,9500806,1758882,266300
2024-07-09,794.2015380859375,1217.8524169921875,1557.690185546875,1571.3260498046875,3694.191162109375,24433.19921875,818.25,1248.25,1657.1500244140625,1590.2750244140625,3985.5,24433.19921875,823.3499755859375,1250.199951171875,1666.75,1600.5,4006.949951171875,24443.599609375,810.1749877929688,1229.300048828125,1651.0,1580.5,3975.10009765625,24331.900390625,812.5,1234.949951171875,1659.9000244140625,1597.5999755859375,3985.0,24351.0,48550878,13366874,5191182,6960002,1305801,250500
2024-07-10,789.1544799804688,1212.92529296875,1549.3240966796875,1565.3480224609375,3623.42138671875,24324.44921875,813.0499877929688,1243.199951171875,1648.25,1584.2249755859375,3909.14990234375,24324.44921875,820.0,1252.75,1674.0,1597.5,4003.300048828125,24461.05078125,810.375,1236.3499755859375,1637.550048828125,1563.1500244140625,3902.0,24141.80078125,814.9749755859375,1252.75,1657.0,1595.0,3983.699951171875,24459.849609375,45507182,18226503,9852770,7134578,2669716,292300
2024-07-11,787.1161499023438,1208.291015625,1553.507080078125,1561.815673828125,3636.908203125,24315.94921875,810.9500122070312,1238.449951171875,1652.699951171875,1580.6500244140625,3923.699951171875,24315.94921875,812.9249877929688,1257.800048828125,1665.0,1604.25,3980.0,24402.650390625,800.5,1225.050048828125,1642.050048828125,1570.5,3895.60009765625,24193.75,811.9749755859375,1246.3499755859375,1656.0,1587.5,3931.0,24396.55078125,44177074,11307116,8857679,11940946,4872189,306400
2024-07-12,787.50439453125,1202.876220703125,1609.0130615234375,1577.6990966796875,3878.135986328125,24502.150390625,811.3499755859375,1232.9000244140625,1711.75,1596.7249755859375,4183.9501953125,24502.150390625,819.2000122070312,1252.9000244140625,1719.75,1605.1500244140625,4199.9501953125,24592.19921875,805.5750122070312,1230.0999755859375,1666.6500244140625,1574.5,3971.300048828125,24331.150390625,811.0,1235.9000244140625,1680.0,1584.5,3980.0,24387.94921875,56049960,12208290,17078316,12924784,13509164,325800
2024-07-15,787.2131958007812,1199.998046875,1604.59521484375,1578.1932373046875,3864.46435546875,24586.69921875,811.0499877929688,1229.949951171875,1707.050048828125,1597.2249755859375,4169.2001953125,24586.69921875,814.9000244140625,1238.449951171875,1728.0,1605.8499755859375,4240.0,24635.05078125,807.5999755859375,1224.050048828125,1702.6500244140625,1585.5,4157.0498046875,24522.75,811.75,1233.0999755859375,1726.199951171875,1604.449951171875,4235.7001953125,24587.599609375,33375694,15612671,6942230,5329688,4848030,305400
2024-07-16,786.07275390625,1209.7056884765625,1622.454833984375,1557.468017578125,3873.038330078125,24613.0,809.875,1239.9000244140625,1726.050048828125,1576.25,4178.4501953125,24613.0,813.5,1245.0,1737.9000244140625,1600.0,4194.5498046875,24661.25,808.4000244140625,1229.0,1700.0,1569.125,4144.89990234375,24587.650390625,810.375,1230.0,1718.5999755859375,1593.5,4172.0,24615.900390625,28950324,12320605,6886281,9386838,2029521,283200
2024-07-18,783.6705322265625,1219.8526611328125,1652.5343017578125,1567.76904296875,4000.115966796875,24800.849609375,807.4000244140625,1250.300048828125,1758.050048828125,1586.675048828125,4315.5498046875,24800.849609375,811.9749755859375,1256.449951171875,1765.4000244140625,1593.9000244140625,4325.0,24837.75,799.5750122070312,1231.699951171875,1719.0,1557.824951171875,4160.0,24504.44921875,804.0,1234.9000244140625,1719.0,1576.0,4160.0,24543.80078125,33717064,10999632,11248896,12298374,5613364,350900
2024-07-19,780.0307006835938,1218.24267578125,1685.3394775390625,1536.61962890625,3997.18994140625,24530.900390625,803.6500244140625,1248.6500244140625,1792.949951171875,1555.1500244140625,4302.39990234375,24530.900390625,811.5,1250.5,1844.0,1589.9749755859375,4358.75,24854.80078125,801.75,1240.25,1786.449951171875,1552.800048828125,4285.25,24508.150390625,808.0,1244.0,1844.0,1586.0,4317.39990234375,24853.80078125,26002152,7958817,29819116,13140390,3903354,343800
2024-07-22,797.1376953125,1210.9254150390625,1702.1650390625,1482.7935791015625,3983.207763671875,24509.25,821.2750244140625,1241.1500244140625,1810.8499755859375,1500.675048828125,4287.35009765625,24509.25,825.5,1245.300048828125,1823.0,1537.5,4319.9501953125,24595.19921875,806.3250122070312,1232.9000244140625,1792.949951171875,1499.2750244140625,4265.0,24362.30078125,808.5,1240.0,1800.1500244140625,1537.25,4299.9501953125,24445.75,53744822,9958965,8462126,19674376,1896386,324200
2024-07-23,785.4176025390625,1196.8759765625,1726.6517333984375,1470.1707763671875,3997.144287109375,24479.05078125,809.2000122070312,1226.75,1836.9000244140625,1487.9000244140625,4302.35009765625,24479.05078125,823.9000244140625,1248.6500244140625,1839.949951171875,1505.75,4361.7001953125,24582.55078125,802.5,1212.5,1783.25,1463.0,4266.2998046875,24074.19921875,823.7750244140625,1241.1500244140625,1810.0,1501.0,4283.0,24568.900390625,52002152,19369832,7113056,18052044,2365208,436400
2024-07-24,778.4534912109375,1193.21728515625,1723.8787841796875,1477.8778076171875,4000.76708984375,24413.5,802.0250244140625,1223.0,1833.949951171875,1495.699951171875,4306.25,24413.5,810.5,1233.6500244140625,1842.3499755859375,1509.5,4339.10009765625,24504.25,794.0250244140625,1202.050048828125,1819.5999755859375,1476.4000244140625,4268.10009765625,24307.25,804.0750122070312,1225.0,1837.5,1485.0,4287.5,24444.94921875,61728206,20122521,6002845,11913362,1809793,366600
2024-07-25,784.5440673828125,1168.728515625,1715.324951171875,1474.6171875,4015.8642578125,24406.099609375,808.2999877929688,1197.9000244140625,1824.8499755859375,1492.4000244140625,4322.5,24406.099609375,812.5,1218.25,1830.9000244140625,1500.4749755859375,4343.0,24426.150390625,796.5,1190.5999755859375,1812.0,1477.074951171875,4274.2001953125,24210.80078125,796.5,1205.5,1820.0,1481.0,4295.0,24230.94921875,25535732,14154461,5815599,12519876,2810342,391800
2024-07-26,785.2962646484375,1177.802001953125,1766.1309814453125,1491.044189453125,4076.57861328125,24834.849609375,809.0750122070312,1207.199951171875,1878.9000244140625,1509.0250244140625,4387.85009765625,24834.849609375,810.875,1220.0,1883.0,1512.425048828125,4422.4501953125,24861.150390625,798.2249755859375,1185.949951171875,1825.3499755859375,1490.3499755859375,4337.0498046875,24410.900390625,802.5,1190.0,1825.3499755859375,1492.4000244140625,4350.0,24423.349609375,43810540,19309265,11369047,9859940,3552210,383800
2024-07-29,778.9387817382812,1183.1680908203125,1758.7991943359375,1501.987060546875,4070.308349609375,24836.099609375,802.5250244140625,1212.699951171875,1871.0999755859375,1520.0999755859375,4381.10009765625,24836.099609375,815.9249877929688,1242.75,1903.0,1527.5,4431.0,24999.75,799.1500244140625,1204.1500244140625,1864.0,1511.7750244140625,4371.0,24774.599609375,807.5,1215.1500244140625,1893.5999755859375,1511.949951171875,4415.0,24943.30078125,51001148,28458261,4635931,7538550,1746803,355000
2024-07-30,784.0344848632812,1179.9971923828125,1764.4859619140625,1495.1199951171875,4055.675048828125,24857.30078125,807.7750244140625,1209.449951171875,1877.1500244140625,1513.1500244140625,4365.35009765625,24857.30078125,817.375,1230.8499755859375,1879.949951171875,1525.0,4398.0,24971.75,799.5,1204.4000244140625,1860.0,1510.0,4327.2998046875,24798.650390625,801.0,1213.0,1871.0999755859375,1517.0250244140625,4391.10009765625,24839.400390625,54595834,23972277,2721265,8228208,1797906,385000
2024-07-31,784.1315307617188,1185.3145751953125,1756.1199951171875,1487.487060546875,4074.256103515625,24951.150390625,807.875,1214.9000244140625,1868.25,1505.425048828125,4385.35009765625,24951.150390625,813.9500122070312,1224.6500244140625,1885.1500244140625,1510.449951171875,4414.0,24984.599609375,804.5999755859375,1211.0,1865.050048828125,1501.1500244140625,4345.0,24856.5,807.0,1219.0,1877.0,1504.0,4350.0,24886.69921875,37820484,22297629,5004209,10057346,2330091,333600
2024-08-01,795.3178100585938,1180.63134765625,1741.409423828125,1497.244384765625,4085.1728515625,25010.900390625,819.4000244140625,1210.0999755859375,1852.5999755859375,1515.300048828125,4397.10009765625,25010.900390625,825.0250244140625,1222.6500244140625,1867.9000244140625,1518.0,4419.2998046875,25078.30078125,808.9749755859375,1206.9000244140625,1845.0999755859375,1504.300048828125,4365.0498046875,24956.400390625,811.4500122070312,1212.5,1856.0999755859375,1512.0,4399.39990234375,25030.94921875,26215174,8725046,7475014,10764222,2202244,431300
2024-08-02,805.1937255859375,1167.411376953125,1711.89404296875,1481.4595947265625,3979.212890625,24717.69921875,829.5750122070312,1196.550048828125,1821.199951171875,1499.324951171875,4283.0498046875,24717.69921875,835.25,1201.6500244140625,1859.5,1509.324951171875,4398.0,24851.900390625,815.5,1190.0999755859375,1816.1500244140625,1493.2750244140625,4270.0,24686.849609375,815.5,1197.0,1843.0,1505.0,4365.0,24789.0,44119238,10735395,7400938,10268248,2811282,345000
2024-08-05,784.1315307617188,1144.0445556640625,1646.7532958984375,1430.079345703125,3860.293212890625,24055.599609375,807.875,1172.5999755859375,1751.9000244140625,1447.324951171875,4155.0498046875,24055.599609375,823.0,1188.9000244140625,1797.5,1483.9000244140625,4239.0,24350.05078125,800.5,1167.0,1718.550048828125,1433.25,4110.5,23893.69921875,820.0499877929688,1182.0,1784.949951171875,1480.0,4239.0,24302.849609375,41333634,14306771,10736703,17046704,2787771,487000
2024-08-06,777.0703125,1138.4346923828125,1646.0013427734375,1438.7003173828125,3875.2978515625,23992.55078125,800.5999755859375,1166.8499755859375,1751.0999755859375,1456.050048828125,4171.2001953125,23992.55078125,816.4749755859375,1187.699951171875,1796.949951171875,1477.5,4258.25,24382.599609375,796.6500244140625,1161.5,1744.8499755859375,1451.324951171875,4160.7998046875,23960.400390625,815.0,1175.0,1760.199951171875,1455.1500244140625,4170.9501953125,24189.849609375,45116050,13575619,7690163,10236186,2203067,312300
2024-08-07,787.8926391601562,1143.898193359375,1684.1175537109375,1447.3707275390625,3902.47265625,24297.5,811.75,1172.449951171875,1791.6500244140625,1464.824951171875,4200.4501953125,24297.5,815.0,1179.800048828125,1797.9000244140625,1472.5,4244.9501953125,24337.69921875,801.0999755859375,1161.5999755859375,1762.0999755859375,1461.5,4180.2998046875,24184.900390625,808.5,1178.949951171875,1796.0,1469.0,4228.0,24289.400390625,42346264,15753644,5094329,8174568,1237666,317600
2024-08-08,797.21044921875,1136.2393798828125,1638.5284423828125,1431.8577880859375,3876.551513671875,24117.0,821.3499755859375,1164.5999755859375,1743.1500244140625,1449.125,4172.5498046875,24117.0,826.6500244140625,1174.4000244140625,1779.949951171875,1465.0,4232.0,24340.5,809.625,1158.9000244140625,1727.0999755859375,1445.925048828125,4160.0,24079.69921875,812.0,1166.949951171875,1779.949951171875,1457.5250244140625,4181.0,24248.55078125,33976950,10806438,6227910,12387192,2441283,311900
2024-08-09,800.8502197265625,1143.0689697265625,1664.471923828125,1456.7330322265625,3928.764892578125,24367.5,825.0999755859375,1171.5999755859375,1770.75,1474.300048828125,4228.75,24367.5,831.2750244140625,1180.949951171875,1780.75,1476.5,4253.64990234375,24419.75,822.9000244140625,1169.0,1756.0,1456.0,4205.5498046875,24311.19921875,826.0,1176.550048828125,1771.25,1460.0,4217.0,24386.849609375,26644618,8687307,4258524,6249776,1302536,215100
2024-08-12,805.65478515625,1154.09033203125,1689.5225830078125,1443.220703125,3898.01318359375,24347.0,830.0499877929688,1172.800048828125,1797.4000244140625,1460.625,4195.64990234375,24347.0,837.9749755859375,1178.25,1803.5,1473.0,4239.0,24472.80078125,823.6749877929688,1156.0,1768.0999755859375,1457.75,4186.35009765625,24212.099609375,826.0,1171.0,1773.050048828125,1470.0,4230.0,24320.05078125,39316196,10860455,4315329,8184584,936912,279900
2024-08-13,778.0409545898438,1149.7113037109375,1689.5693359375,1446.1851806640625,3899.220947265625,24139.0,801.5999755859375,1168.3499755859375,1797.449951171875,1463.625,4196.9501953125,24139.0,816.2000122070312,1189.25,1810.0,1470.074951171875,4234.0,24359.94921875,800.5750122070312,1163.5999755859375,1789.050048828125,1458.0,4183.0,24116.5,814.0,1183.199951171875,1810.0,1460.75,4213.0,24342.349609375,54055042,13117927,4176918,6265064,1495593,239700
2024-08-14,780.2733764648438,1143.1181640625,1713.821044921875,1444.43115234375,3990.5478515625,24143.75,803.9000244140625,1161.6500244140625,1823.25,1461.8499755859375,4295.25,24143.75,806.8499755859375,1170.050048828125,1825.0,1472.0,4306.2001953125,24196.5,801.5999755859375,1153.0,1797.449951171875,1453.699951171875,4188.14990234375,24099.69921875,803.25,1167.0,1802.0,1463.550048828125,4209.0,24184.400390625,32334428,13431801,7450718,6267466,3226545,303300
2024-08-16,792.0662841796875,1168.3096923828125,1747.378173828125,1460.58642578125,4102.77783203125,24541.150390625,816.0499877929688,1187.25,1858.949951171875,1478.199951171875,4416.0498046875,24541.150390625,817.0750122070312,1193.0,1861.8499755859375,1480.4000244140625,4427.0,24563.900390625,805.5,1165.6500244140625,1829.5,1458.050048828125,4325.10009765625,24204.5,814.25,1170.0,1850.0,1468.6500244140625,4350.0,24334.849609375,27849246,10961370,7335657,9416902,3457058,271600
2024-08-19,791.7993774414062,1157.140869140625,1752.8773193359375,1475.65625,4171.482421875,24572.650390625,815.7750244140625,1175.9000244140625,1864.800048828125,1488.4000244140625,4490.0,24572.650390625,818.8250122070312,1195.75,1867.550048828125,1498.300048828125,4494.25,24638.80078125,811.8499755859375,1173.300048828125,1849.199951171875,1480.5,4390.35009765625,24522.94921875,818.8250122070312,1191.0,1860.0,1482.5,4421.0,24636.349609375,19502164,6686394,2585989,13797742,2055210,243600
2024-08-20,794.783935546875,1160.6341552734375,1759.8330078125,1483.1416015625,4202.419921875,24698.849609375,818.8499755859375,1179.449951171875,1872.199951171875,1495.949951171875,4523.2998046875,24698.849609375,823.0,1189.800048828125,1885.699951171875,1503.925048828125,4565.0,24734.30078125,813.7249755859375,1170.0,1868.199951171875,1490.0250244140625,4500.0,24607.19921875,813.7249755859375,1174.199951171875,1880.0,1497.2249755859375,4505.0,24648.900390625,31134494,10427061,3870333,8411808,2212298,238300
2024-08-21,789.0089111328125,1156.1075439453125,1760.3028564453125,1485.8433837890625,4228.619140625,24770.19921875,812.9000244140625,1174.8499755859375,1872.699951171875,1498.675048828125,4551.5,24770.19921875,817.2750244140625,1178.6500244140625,1879.0,1507.875,4560.0,24787.94921875,808.9000244140625,1165.0999755859375,1867.0999755859375,1490.0,4492.5498046875,24654.5,814.0499877929688,1177.0,1875.0999755859375,1493.25,4518.0,24680.55078125,47630904,17234142,1966902,7769996,1896990,257100
2024-08-22,791.6781005859375,1172.098388671875,1767.39990234375,1485.2979736328125,4182.630859375,24811.5,815.6500244140625,1191.0999755859375,1880.25,1498.125,4502.0,24811.5,819.1500244140625,1192.5999755859375,1893.6500244140625,1506.5,4560.9501953125,24867.349609375,814.0,1176.5999755859375,1869.699951171875,1490.6500244140625,4497.2001953125,24784.44921875,816.0,1182.0,1884.0,1503.0,4560.0,24863.400390625,21300638,8564142,4300287,10445782,1829872,220300
2024-08-23,788.6448974609375,1184.300537109375,1750.3392333984375,1487.1322021484375,4147.23291015625,24823.150390625,812.5250244140625,1203.5,1862.0999755859375,1499.9749755859375,4463.89990234375,24823.150390625,817.0,1205.0,1882.5999755859375,1511.324951171875,4506.0,24858.400390625,811.5,1188.550048828125,1857.0,1498.425048828125,4455.0,24771.650390625,817.0,1193.0,1878.199951171875,1503.75,4500.0,24845.400390625,20333422,7518309,5015935,9249654,1809253,206800
2024-08-26,795.8758544921875,1193.9442138671875,1763.5460205078125,1499.649169921875,4183.048828125,25010.599609375,819.9749755859375,1213.300048828125,1876.1500244140625,1512.5999755859375,4502.4501953125,25010.599609375,823.9749755859375,1214.949951171875,1888.75,1523.0,4552.14990234375,25043.80078125,816.0999755859375,1201.050048828125,1864.0,1503.0,4485.0,24874.69921875,816.0999755859375,1205.550048828125,1870.0,1506.9749755859375,4489.0,24906.099609375,22364266,10920226,3728589,8816114,1844164,210300
2024-08-27,794.8082275390625,1206.7860107421875,1786.05859375,1487.6031494140625,4178.125,25017.75,818.875,1226.3499755859375,1900.0999755859375,1500.449951171875,4497.14990234375,25017.75,823.7000122070312,1232.5,1902.75,1513.4749755859375,4510.0,25073.099609375,816.0999755859375,1208.9000244140625,1873.9000244140625,1499.449951171875,4486.7998046875,24973.650390625,821.7000122070312,1213.300048828125,1876.1500244140625,1510.5,4505.0,25024.80078125,35773244,16295325,3830679,6251156,930697,223300
2024-08-28,794.49267578125,1204.325927734375,1822.7177734375,1485.4716796875,4186.392578125,25052.349609375,818.5499877929688,1223.8499755859375,1939.0999755859375,1498.300048828125,4506.0498046875,25052.349609375,819.875,1226.4000244140625,1951.0,1507.4749755859375,4562.5,25129.599609375,815.0999755859375,1217.300048828125,1897.4000244140625,1493.0,4457.2998046875,24964.650390625,818.875,1222.6500244140625,1906.9000244140625,1505.0,4498.75,25030.80078125,26921188,12291305,6514531,9610286,1848058,220400
2024-08-29,795.1964721679688,1202.4071044921875,1817.3128662109375,1507.90283203125,4191.7353515625,25151.94921875,819.2750244140625,1221.9000244140625,1933.3499755859375,1520.925048828125,4511.7998046875,25151.94921875,822.2000122070312,1235.0,1950.5,1537.0,4556.0,25192.900390625,815.5750122070312,1217.0,1920.9000244140625,1494.0,4460.0,24998.5,821.0,1218.949951171875,1933.0,1503.0999755859375,4460.0,25035.30078125,49052604,10806748,7228284,38335358,2133641,354000
2024-08-30,794.3956909179688,1209.5904541015625,1827.041748046875,1496.6995849609375,4230.70947265625,25235.900390625,818.4500122070312,1229.199951171875,1943.699951171875,1509.625,4553.75,25235.900390625,831.0,1235.550048828125,1950.0,1539.7249755859375,4592.25,25268.349609375,810.5750122070312,1218.9000244140625,1928.0,1503.324951171875,4487.7998046875,25199.400390625,828.0,1230.0,1938.0,1534.0,4500.0,25249.69921875,445342100,21211148,13466759,41620730,3637222,638200
2024-09-02,789.56689453125,1210.3284912109375,1846.59326171875,1503.2679443359375,4200.32958984375,25278.69921875,813.4749755859375,1229.949951171875,1964.5,1516.25,4521.0498046875,25278.69921875,823.4000244140625,1239.199951171875,1975.75,1526.800048828125,4588.0,25333.650390625,811.5999755859375,1222.5,1942.800048828125,1506.625,4512.0,25235.5,823.4000244140625,1239.0,1943.3499755859375,1510.875,4576.0,25333.599609375,34049680,12516759,5573739,11240852,1216500,222800
2024-09-03,794.6140747070312,1227.79541015625,1824.73876953125,1496.203857421875,4192.2470703125,25279.849609375,818.6749877929688,1247.699951171875,1941.25,1509.125,4512.35009765625,25279.849609375,819.9749755859375,1250.949951171875,1967.0,1523.0,4555.89990234375,25321.69921875,812.2999877929688,1220.4000244140625,1936.449951171875,1507.5,4495.89990234375,25235.80078125,817.0,1227.199951171875,1967.0,1521.25,4521.0498046875,25313.400390625,37282860,19114907,4694322,10923800,1717263,212100
2024-09-04,796.773681640625,1216.62646484375,1807.0670166015625,1501.5823974609375,4161.4951171875,25198.69921875,820.9000244140625,1236.3499755859375,1922.449951171875,1514.550048828125,4479.25,25198.69921875,822.4000244140625,1243.699951171875,1927.199951171875,1517.5,4487.0,25216.0,816.0,1232.800048828125,1900.050048828125,1499.5,4436.7001953125,25083.80078125,819.5,1239.8499755859375,1921.0999755859375,1500.699951171875,4476.9501953125,25089.94921875,24682744,13505843,4778310,11983304,1265505,253800
2024-09-05,798.5450439453125,1216.23291015625,1817.1248779296875,1480.192138671875,4158.42919921875,25145.099609375,822.7249755859375,1235.949951171875,1933.1500244140625,1492.9749755859375,4475.9501953125,25145.099609375,824.9500122070312,1244.8499755859375,1940.0,1525.7750244140625,4499.0,25275.44921875,821.0,1231.300048828125,1909.5999755859375,1487.050048828125,4454.14990234375,25127.75,823.0,1238.0,1926.25,1519.050048828125,4481.0,25250.5,22876318,9142811,4081810,16264168,1688793,222200
2024-09-06,794.419921875,1188.8763427734375,1787.7034912109375,1452.2830810546875,4140.5908203125,24852.150390625,818.4749755859375,1208.1500244140625,1901.8499755859375,1464.824951171875,4456.75,24852.150390625,823.875,1233.9000244140625,1936.5,1497.0,4518.9501953125,25168.75,817.0499877929688,1205.0,1896.8499755859375,1461.625,4440.0,24801.30078125,819.1500244140625,1225.949951171875,1922.0,1492.5,4473.9501953125,25093.69921875,26029602,10170479,5848106,19394228,1649179,311700
2024-09-09,799.0546264648438,1215.2979736328125,1780.9356689453125,1449.928466796875,4133.9013671875,24936.400390625,823.25,1235.0,1894.6500244140625,1462.449951171875,4449.5498046875,24936.400390625,824.25,1238.300048828125,1920.8499755859375,1469.925048828125,4490.25,24957.5,815.0499877929688,1200.449951171875,1889.0,1455.5999755859375,4430.5,24753.150390625,819.0,1202.9000244140625,1890.0,1466.5,4455.0,24823.400390625,23792914,13863250,4772612,9010298,1184938,254400
2024-09-10,800.9229736328125,1217.5614013671875,1797.5263671875,1449.011474609375,4188.06640625,25041.099609375,825.1749877929688,1237.300048828125,1912.300048828125,1461.5250244140625,4507.85009765625,25041.099609375,827.0,1241.3499755859375,1935.0,1472.050048828125,4539.9501953125,25130.5,819.0,1227.0,1896.0,1457.574951171875,4440.4501953125,24896.80078125,827.0,1236.949951171875,1904.9000244140625,1460.5,4442.4501953125,24999.400390625,26606646,15545130,6909600,10768260,1385591,251300
2024-09-11,797.7928466796875,1216.62646484375,1795.5052490234375,1439.072265625,4161.587890625,24918.44921875,821.9500122070312,1236.3499755859375,1910.1500244140625,1451.5,4479.35009765625,24918.44921875,826.25,1239.300048828125,1926.0,1468.75,4549.35009765625,25113.69921875,819.5999755859375,1226.4000244140625,1905.0,1447.550048828125,4471.25,24885.150390625,825.2000122070312,1231.5,1914.699951171875,1463.050048828125,4521.4501953125,25034.0,22226684,11993242,5312946,9760202,1325919,279200
2024-09-12,808.8092651367188,1232.174560546875,1833.3865966796875,1467.1298828125,4197.21728515625,25388.900390625,833.2999877929688,1252.1500244140625,1950.449951171875,1479.800048828125,4517.7001953125,25388.900390625,835.0,1257.0,1956.4000244140625,1486.0,4532.60009765625,25433.349609375,823.5250244140625,1226.3499755859375,1910.800048828125,1445.875,4431.2998046875,24941.44921875,827.0,1238.0,1925.0,1457.0,4510.25,25059.650390625,32424046,15376442,8555092,22349376,2742216,380100
2024-09-13,808.4937744140625,1230.403076171875,1827.417724609375,1460.016357421875,4201.77001953125,25356.5,832.9749755859375,1250.3499755859375,1944.0999755859375,1472.625,4522.60009765625,25356.5,837.0,1255.949951171875,1958.5999755859375,1483.1500244140625,4547.0,25430.5,828.5250244140625,1242.050048828125,1935.6500244140625,1469.5,4505.0,25292.44921875,837.0,1252.0,1950.449951171875,1476.4000244140625,4530.0,25430.44921875,23860532,9877288,3843127,8711328,1458786,250800
2024-09-16,810.9202880859375,1242.7037353515625,1833.1986083984375,1458.7523193359375,4193.0830078125,25383.75,835.4749755859375,1262.8499755859375,1950.25,1471.3499755859375,4513.25,25383.75,838.9000244140625,1265.5999755859375,1952.0,1480.9000244140625,4546.0498046875,25445.69921875,832.0250244140625,1244.699951171875,1933.050048828125,1464.75,4494.4501953125,25336.19921875,833.5,1251.0,1945.75,1477.550048828125,4527.0,25406.650390625,15172820,8973335,1570181,5481774,1155120,168700
2024-09-17,809.876953125,1247.8699951171875,1835.360595703125,1459.6942138671875,4186.021484375,25418.55078125,834.4000244140625,1268.0999755859375,1952.550048828125,1472.300048828125,4505.64990234375,25418.55078125,839.0,1272.25,1958.449951171875,1477.4749755859375,4535.7998046875,25441.650390625,832.0750122070312,1258.4000244140625,1942.1500244140625,1466.625,4466.0,25352.25,839.0,1259.949951171875,1947.75,1474.0,4513.25,25416.900390625,20127122,11513121,2793127,5935328,1699364,216000
2024-09-18,822.494873046875,1267.796875,1778.585693359375,1450.9197998046875,4037.836181640625,25377.55078125,847.4000244140625,1288.3499755859375,1892.1500244140625,1463.449951171875,4346.14990234375,25377.55078125,849.4500122070312,1295.3499755859375,1938.75,1482.0,4497.0498046875,25482.19921875,835.5499877929688,1262.0,1881.300048828125,1460.550048828125,4321.0,25285.55078125,835.9249877929688,1262.0,1938.75,1470.0,4497.0498046875,25402.400390625,40917342,12466597,6385468,8574714,2961779,215700
2024-09-19,829.1435546875,1271.388671875,1780.5125732421875,1457.0916748046875,3991.38330078125,25415.80078125,854.25,1292.0,1894.199951171875,1469.675048828125,4296.14990234375,25415.80078125,859.5,1300.0,1924.9000244140625,1476.5,4422.2001953125,25611.94921875,849.5750122070312,1285.3499755859375,1878.800048828125,1455.550048828125,4281.7998046875,25376.05078125,849.5999755859375,1288.3499755859375,1910.5999755859375,1466.25,4390.0498046875,25487.05078125,30651776,13172268,7976570,16955902,2927551,314500
2024-09-20,845.0130004882812,1317.09765625,1791.369384765625,1473.2025146484375,3980.931884765625,25790.94921875,870.5999755859375,1338.449951171875,1905.75,1485.925048828125,4284.89990234375,25790.94921875,872.4749755859375,1362.3499755859375,1915.0,1495.0,4330.7001953125,25849.25,853.7750244140625,1291.550048828125,1867.4000244140625,1471.375,4227.5,25426.599609375,858.25,1295.0,1905.0,1474.0,4316.89990234375,25525.94921875,60623386,73257767,15242974,30897320,5447908,533100
2024-09-23,854.0397338867188,1300.8116455078125,1782.6275634765625,1480.5887451171875,3965.6953125,25939.05078125,879.9000244140625,1321.9000244140625,1896.449951171875,1493.375,4268.5,25939.05078125,883.1749877929688,1331.800048828125,1918.9000244140625,1501.5,4309.39990234375,25956.0,870.125,1308.5,1878.449951171875,1488.949951171875,4253.0,25847.349609375,874.5,1331.0,1909.0,1491.0,4300.0,25872.55078125,26965350,11380409,3636672,8832314,1702319,209200
2024-09-24,858.0435180664062,1297.5643310546875,1784.6484375,1476.6229248046875,3968.296875,25940.400390625,884.0250244140625,1318.5999755859375,1898.5999755859375,1489.375,4271.2998046875,25940.400390625,890.8250122070312,1331.4000244140625,1910.9000244140625,1500.5,4291.0,26011.55078125,877.125,1315.449951171875,1871.4000244140625,1487.875,4240.0,25886.849609375,882.5,1321.0,1888.0,1488.5,4251.64990234375,25921.44921875,33039036,13886037,7277616,17137444,3012026,384100
2024-09-25,863.4060668945312,1302.7305908203125,1781.5467529296875,1481.15869140625,3971.502197265625,26004.150390625,889.5499877929688,1323.8499755859375,1895.300048828125,1493.949951171875,4274.75,26004.150390625,894.0,1327.75,1901.5999755859375,1496.5,4289.60009765625,26032.80078125,880.0750122070312,1310.0999755859375,1876.800048828125,1480.199951171875,4240.0,25871.349609375,880.0750122070312,1310.75,1886.3499755859375,1483.9000244140625,4252.35009765625,25899.44921875,31965312,8728019,4268341,7069002,2713073,278500
2024-09-26,865.5171508789062,1307.84765625,1786.199462890625,1485.12451171875,3987.992431640625,26216.05078125,891.7249755859375,1329.050048828125,1900.25,1497.949951171875,4292.5,26216.05078125,894.0,1333.3499755859375,1917.949951171875,1504.0,4316.7998046875,26250.900390625,884.0250244140625,1316.9000244140625,1893.0,1488.050048828125,4260.0,25998.400390625,886.5250244140625,1320.0,1897.800048828125,1490.6500244140625,4260.0,26005.400390625,31899644,11100869,8952803,18818998,3964251,370900
2024-09-27,850.5697631835938,1285.7557373046875,1792.3094482421875,1513.10791015625,4003.043212890625,26178.94921875,876.3250122070312,1306.5999755859375,1906.75,1526.175048828125,4308.7001953125,26178.94921875,889.0999755859375,1333.0,1974.5999755859375,1533.4749755859375,4378.0,26277.349609375,875.0,1303.8499755859375,1903.300048828125,1492.0,4300.0498046875,26151.400390625,888.5,1333.0,1932.0999755859375,1499.0,4335.0,26248.25,35613502,17117379,14908931,20597478,3012477,490300
2024-09-30,840.572509765625,1252.69189453125,1763.029052734375,1463.9324951171875,3965.6953125,25810.849609375,866.0250244140625,1273.0,1875.5999755859375,1476.574951171875,4268.5,25810.849609375,875.7249755859375,1296.800048828125,1901.25,1524.9749755859375,4298.75,26134.69921875,862.2000122070312,1270.9000244140625,1870.5,1474.4000244140625,4260.0498046875,25794.099609375,874.4000244140625,1292.0999755859375,1880.0,1519.4000244140625,4286.89990234375,26061.30078125,26383534,12622212,6986955,27008814,2503416,343100
2024-10-01,837.7334594726562,1254.069580078125,1790.0533447265625,1452.2830810546875,3983.718994140625,25796.900390625,863.0999755859375,1274.4000244140625,1904.3499755859375,1464.824951171875,4287.89990234375,25796.900390625,871.0,1280.25,1908.949951171875,1487.949951171875,4295.75,25907.599609375,860.0499877929688,1267.5999755859375,1875.0,1462.824951171875,4242.9501953125,25739.19921875,862.0,1269.800048828125,1875.0,1480.6500244140625,4255.5498046875,25788.44921875,24572284,10972413,4029072,16431642,1823365,247400
2024-10-03,816.282958984375,1236.307373046875,1779.7607421875,1394.928466796875,3932.481201171875,25250.099609375,841.0,1256.3499755859375,1893.4000244140625,1406.9749755859375,4232.75,25250.099609375,863.0750122070312,1265.75,1911.8499755859375,1449.4000244140625,4279.0,25639.44921875,836.6749877929688,1248.1500244140625,1881.0,1402.074951171875,4210.0,25230.30078125,857.8250122070312,1253.5999755859375,1889.5,1436.574951171875,4262.60009765625,25452.849609375,48473398,17648551,7503887,37757294,3350119,423400
2024-10-04,804.4657592773438,1219.97216796875,1803.025146484375,1374.653564453125,3950.598388671875,25014.599609375,828.8250122070312,1239.75,1918.1500244140625,1386.5250244140625,4252.25,25014.599609375,845.3250122070312,1264.4000244140625,1954.0999755859375,1417.3499755859375,4298.0,25485.05078125,826.5,1236.199951171875,1886.0,1381.7750244140625,4224.0498046875,24966.80078125,837.25,1247.0999755859375,1889.550048828125,1403.925048828125,4225.0,25181.900390625,48683232,13488887,10001483,37072876,2965463,374900
2024-10-07,785.12646484375,1214.215576171875,1818.2059326171875,1358.98876953125,3969.73681640625,24795.75,808.9000244140625,1233.9000244140625,1934.300048828125,1370.7249755859375,4272.85009765625,24795.75,829.5,1262.949951171875,1942.0,1396.5,4297.25,25143.0,806.5,1225.0,1916.050048828125,1361.375,4229.39990234375,24694.349609375,826.0999755859375,1241.550048828125,1923.199951171875,1393.5,4273.89990234375,25084.099609375,94458296,20667247,6112575,22181340,1472619,374300
2024-10-08,801.2627563476562,1216.8724365234375,1831.6005859375,1385.3857421875,3951.527099609375,25013.150390625,825.5250244140625,1236.5999755859375,1948.550048828125,1397.3499755859375,4253.25,25013.150390625,828.4000244140625,1247.800048828125,1957.949951171875,1401.0,4279.39990234375,25044.0,811.0,1229.75,1906.3499755859375,1365.0999755859375,4203.9501953125,24756.80078125,815.0,1241.0,1937.9000244140625,1372.9749755859375,4272.60009765625,24832.19921875,29734406,12219259,5637391,17020808,1541867,333200
2024-10-09,792.5758666992188,1224.302001953125,1835.5484619140625,1362.8306884765625,3951.24853515625,24981.94921875,816.5750122070312,1244.1500244140625,1952.75,1374.5999755859375,4252.9501953125,24981.94921875,828.375,1265.0999755859375,1977.0,1400.9749755859375,4295.0,25234.05078125,814.3499755859375,1232.6500244140625,1945.0999755859375,1372.5,4246.7001953125,24947.69921875,824.75,1243.050048828125,1952.550048828125,1397.5250244140625,4260.0,25065.80078125,41125642,14765997,4857163,14310610,1082504,290600
2024-10-10,806.7709350585938,1223.6624755859375,1803.82421875,1359.31103515625,3927.510498046875,24998.44921875,831.2000122070312,1243.5,1919.0,1371.050048828125,4227.39990234375,24998.44921875,832.7249755859375,1254.699951171875,1964.0,1386.0,4293.85009765625,25134.05078125,816.25,1238.0,1914.0999755859375,1369.425048828125,4198.60009765625,24979.400390625,819.5,1246.75,1957.9000244140625,1380.0250244140625,4253.25,25067.05078125,21754766,9118195,4782119,22358646,2378875,261400
2024-10-11,801.238525390625,1203.489501953125,1818.9578857421875,1360.35205078125,3854.858154296875,24964.25,825.5,1223.0,1935.0999755859375,1372.0999755859375,4149.2001953125,24964.25,832.2249755859375,1240.800048828125,1947.0,1383.2750244140625,4241.9501953125,25028.650390625,821.625,1222.0,1910.0999755859375,1368.824951171875,4112.4501953125,24920.05078125,832.2249755859375,1237.0,1918.0,1370.0,4143.0,24985.30078125,23672594,8472512,4709431,7980122,5759183,210500
2024-10-14,819.2432861328125,1212.099853515625,1841.3294677734375,1360.7734375,3843.198486328125,25127.94921875,844.0499877929688,1231.75,1958.9000244140625,1372.5250244140625,4136.64990234375,25127.94921875,846.0250244140625,1237.9000244140625,1969.5,1380.074951171875,4165.39990234375,25159.75,827.0,1217.4000244140625,1931.0999755859375,1368.25,4122.2001953125,25017.5,828.0250244140625,1221.0,1932.1500244140625,1379.449951171875,4140.0,25023.44921875,18527508,11833929,3751378,12221432,2137590,206400
2024-10-15,817.3020629882812,1235.470947265625,1841.7054443359375,1332.5174560546875,3824.756591796875,25057.349609375,842.0499877929688,1255.5,1959.300048828125,1344.0250244140625,4116.7998046875,25057.349609375,849.0,1258.300048828125,1991.449951171875,1371.699951171875,4169.9501953125,25212.05078125,837.75,1235.4000244140625,1951.75,1340.699951171875,4095.0,25008.150390625,847.0,1238.949951171875,1960.0,1358.5250244140625,4131.0498046875,25186.30078125,19651130,11657338,5353705,33762794,2759474,257200
2024-10-16,824.92138671875,1223.3179931640625,1804.858154296875,1342.4814453125,3804.456787109375,24971.30078125,849.9000244140625,1243.1500244140625,1920.0999755859375,1354.074951171875,4094.949951171875,24971.30078125,853.9749755859375,1254.949951171875,1959.550048828125,1364.0,4115.0,25093.400390625,840.0499877929688,1241.5999755859375,1916.3499755859375,1337.625,4067.199951171875,24908.44921875,840.0499877929688,1248.5,1955.0,1340.0,4085.0,25008.55078125,20470682,7869727,3111512,20034438,2359151,226800
2024-10-17,811.9879760742188,1211.60791015625,1849.9771728515625,1344.811279296875,3817.510498046875,24749.849609375,836.5750122070312,1231.25,1968.0999755859375,1356.425048828125,4109.0,24749.849609375,848.8250122070312,1256.949951171875,1978.0,1368.449951171875,4129.9501953125,25029.5,832.5999755859375,1224.4000244140625,1930.1500244140625,1352.050048828125,4092.949951171875,24728.900390625,847.4749755859375,1249.449951171875,1935.199951171875,1365.699951171875,4112.7998046875,25027.400390625,14695732,8459497,8162822,15543660,2522659,252800
2024-10-18,816.2101440429688,1244.327392578125,1766.7889404296875,1347.66162109375,3839.908203125,24854.05078125,840.9249877929688,1264.5,1879.5999755859375,1359.300048828125,4123.0498046875,24854.05078125,845.5,1268.9000244140625,1936.8499755859375,1368.425048828125,4146.14990234375,24886.19921875,827.0499877929688,1225.25,1869.25,1341.324951171875,4080.0,24567.650390625,831.5499877929688,1227.949951171875,1893.800048828125,1352.175048828125,4090.0,24664.94921875,24809724,11018126,10526196,12082452,2361000,290900
2024-10-21,838.9466552734375,1238.9644775390625,1741.5504150390625,1357.4769287109375,3799.675048828125,24781.099609375,864.3499755859375,1259.050048828125,1852.75,1369.199951171875,4079.85009765625,24781.099609375,874.0750122070312,1272.3499755859375,1898.800048828125,1374.0,4139.9501953125,24978.30078125,855.5250244140625,1250.550048828125,1838.0,1357.7249755859375,4070.0,24679.599609375,857.5,1264.5,1891.0999755859375,1367.125,4132.60009765625,24956.150390625,46548354,7742775,4654601,14067408,1595450,242000
2024-10-22,832.0796508789062,1247.279541015625,1740.4693603515625,1331.84814453125,3739.744140625,24472.099609375,857.2750244140625,1267.5,1851.5999755859375,1343.3499755859375,4015.5,24472.099609375,870.0,1284.9000244140625,1877.800048828125,1376.0,4089.800048828125,24882.0,855.3499755859375,1259.75,1846.949951171875,1340.2249755859375,4006.35009765625,24445.80078125,865.0250244140625,1266.5999755859375,1858.199951171875,1369.199951171875,4066.0,24798.650390625,38875280,20090801,4125240,15831960,1928049,279500
2024-10-23,842.3923950195312,1231.6331787109375,1760.9610595703125,1327.064453125,3787.009033203125,24435.5,867.9000244140625,1251.5999755859375,1873.4000244140625,1338.5250244140625,4066.25,24435.5,873.25,1267.949951171875,1886.0,1357.4749755859375,4113.5498046875,24604.25,852.5250244140625,1243.050048828125,1844.0,1335.0,3995.14990234375,24378.099609375,852.5250244140625,1261.0,1845.25,1337.5,3999.60009765625,24378.150390625,38036090,14055447,4311910,17214742,1966476,284600
2024-10-24,849.1138305664062,1232.764892578125,1751.5140380859375,1328.3287353515625,3769.9189453125,24399.400390625,874.8250122070312,1252.75,1863.3499755859375,1339.800048828125,4047.89990234375,24399.400390625,884.3250122070312,1260.449951171875,1884.0,1343.699951171875,4079.0,24480.650390625,869.0499877929688,1241.050048828125,1860.0,1323.125,4004.0,24341.19921875,869.0499877929688,1250.25,1861.4000244140625,1335.2750244140625,4004.0,24412.69921875,30832258,12223031,2906475,22155934,2676744,216700
2024-10-25,846.0806884765625,1235.4217529296875,1750.292236328125,1316.4808349609375,3778.906494140625,24180.80078125,871.7000122070312,1255.449951171875,1862.050048828125,1327.8499755859375,4057.550048828125,24180.80078125,878.9249877929688,1268.9000244140625,1876.3499755859375,1344.3499755859375,4092.0,24440.25,864.3499755859375,1234.199951171875,1846.4000244140625,1322.0,4032.699951171875,24073.900390625,877.5,1247.25,1863.449951171875,1343.5,4057.050048828125,24418.05078125,26130478,13546055,4689120,18597496,1759676,372600
2024-10-28,841.6158447265625,1272.2252197265625,1753.3941650390625,1322.9251708984375,3809.919677734375,24339.150390625,867.0999755859375,1292.8499755859375,1865.3499755859375,1334.3499755859375,4090.85009765625,24339.150390625,875.5,1307.800048828125,1881.9000244140625,1353.0,4134.0,24492.599609375,864.4500122070312,1280.5999755859375,1857.0,1322.0999755859375,4051.0,24134.900390625,871.0,1285.5,1859.699951171875,1337.0,4068.949951171875,24251.099609375,22012142,24096412,7018940,10824350,1532534,278600
2024-10-29,850.1815185546875,1310.6029052734375,1748.5933837890625,1328.52685546875,3795.39111328125,24466.849609375,875.9249877929688,1331.8499755859375,1839.300048828125,1340.0,4075.25,24466.849609375,882.0,1335.3499755859375,1851.5999755859375,1343.199951171875,4103.5,24484.5,862.5499877929688,1299.25,1829.0,1320.300048828125,4060.10009765625,24140.849609375,863.0750122070312,1301.3499755859375,1846.0,1328.0999755859375,4095.85009765625,24328.849609375,35794926,20656117,4621252,12008361,1445885,332000
2024-10-30,841.8099975585938,1291.21728515625,1713.2276611328125,1332.3935546875,3804.145263671875,24340.849609375,867.2999877929688,1312.1500244140625,1802.0999755859375,1343.9000244140625,4084.64990234375,24340.849609375,877.375,1330.9000244140625,1839.0,1350.0,4107.0,24498.19921875,862.0999755859375,1305.5999755859375,1796.3499755859375,1325.3499755859375,4060.050048828125,24307.30078125,871.0,1324.0,1832.0,1335.0,4075.0,24371.44921875,32715724,15055031,5919715,11984423,1935002,285200
2024-10-31,842.3438110351562,1271.6346435546875,1670.5897216796875,1320.64501953125,3695.92529296875,24205.349609375,867.8499755859375,1292.25,1757.25,1332.050048828125,3968.449951171875,24205.349609375,869.4500122070312,1318.949951171875,1787.9000244140625,1343.0,4078.300048828125,24372.44921875,859.7000122070312,1288.550048828125,1746.5,1326.1500244140625,3960.0,24172.599609375,864.0,1307.25,1787.9000244140625,1340.0,4070.0,24349.849609375,22895912,23497314,7395236,9331650,3740372,287000
2024-11-01,843.120361328125,1271.19189453125,1674.011962890625,1327.1884765625,3710.59375,24304.349609375,868.6500244140625,1291.800048828125,1760.8499755859375,1338.6500244140625,3984.199951171875,24304.349609375,872.0499877929688,1296.199951171875,1766.0,1341.949951171875,3998.949951171875,24368.25,863.0499877929688,1286.25,1752.050048828125,1333.0,3976.050048828125,24280.19921875,866.5,1289.949951171875,1764.5,1333.050048828125,3989.85009765625,24302.75,1759692,1007022,371966,2127335,154895,38800
2024-11-04,831.8612060546875,1256.82470703125,1676.674072265625,1291.0009765625,3691.920166015625,23995.349609375,857.0499877929688,1277.199951171875,1763.6500244140625,1302.1500244140625,3964.14990234375,23995.349609375,872.5,1291.800048828125,1767.0,1340.0,3991.89990234375,24316.75,855.4500122070312,1270.050048828125,1718.0,1285.0999755859375,3913.25,23816.150390625,872.5,1290.0999755859375,1724.5,1337.8499755859375,3966.300048828125,24315.75,28089248,14309121,7336722,19796890,2269192,285500
2024-11-05,853.0933227539062,1276.013671875,1667.68994140625,1294.1240234375,3698.626220703125,24213.30078125,878.9249877929688,1296.699951171875,1754.199951171875,1305.300048828125,3971.35009765625,24213.30078125,881.3499755859375,1301.300048828125,1768.449951171875,1309.550048828125,3986.0,24229.05078125,848.9500122070312,1263.0999755859375,1745.0,1286.1500244140625,3941.10009765625,23842.75,851.5,1273.0,1760.0,1293.0,3941.10009765625,23916.5,44232406,16431920,3160880,16267479,967590,289500
2024-11-06,851.8316040039062,1281.5736083984375,1733.762451171875,1314.0023193359375,3855.368408203125,24484.05078125,877.625,1302.3499755859375,1823.699951171875,1325.3499755859375,4139.64990234375,24484.05078125,885.75,1315.0,1827.199951171875,1328.300048828125,4149.7998046875,24537.599609375,872.6749877929688,1292.699951171875,1762.6500244140625,1300.199951171875,3975.25,24204.05078125,885.75,1300.25,1764.0,1310.0,4003.60009765625,24308.75,27787910,12037405,10421494,21625209,3792017,351100
2024-11-07,847.6094360351562,1258.30078125,1714.1309814453125,1294.4710693359375,3865.845947265625,24199.349609375,873.2750244140625,1278.699951171875,1803.050048828125,1305.6500244140625,4150.89990234375,24199.349609375,880.4749755859375,1302.800048828125,1825.699951171875,1324.0,4205.7998046875,24503.349609375,869.0,1275.25,1787.0,1302.5999755859375,4085.050048828125,24179.05078125,872.1500244140625,1297.1500244140625,1812.949951171875,1324.0,4169.7001953125,24489.599609375,18895456,9909035,4550965,9611974,3724349,322200
2024-11-08,851.4432983398438,1238.7674560546875,1739.704345703125,1272.7584228515625,3862.21337890625,24148.19921875,877.2249755859375,1258.8499755859375,1829.949951171875,1283.75,4147.0,24148.19921875,880.9000244140625,1275.0,1840.5999755859375,1301.6500244140625,4169.75,24276.150390625,872.9249877929688,1252.699951171875,1813.1500244140625,1275.0,4117.64990234375,24066.650390625,876.0,1270.0,1818.0,1297.6500244140625,4155.0,24207.69921875,19902986,11195808,4210960,19814406,1648039,298700
2024-11-11,857.1942138671875,1249.0509033203125,1768.367431640625,1261.802978515625,3910.363037109375,24141.30078125,883.1500244140625,1269.300048828125,1860.0999755859375,1272.699951171875,4198.7001953125,24141.30078125,891.4000244140625,1275.9000244140625,1868.0,1286.0,4234.2998046875,24336.80078125,875.5999755859375,1246.6500244140625,1822.550048828125,1267.0,4117.64990234375,24004.599609375,877.2750244140625,1262.0,1829.0,1278.949951171875,4128.2001953125,24087.25,24565362,8387780,3804234,9056552,1406487,273400
2024-11-12,833.8509521484375,1250.330078125,1776.638427734375,1263.33984375,3909.152099609375,23883.44921875,859.0999755859375,1270.5999755859375,1868.800048828125,1274.25,4197.39990234375,23883.44921875,887.5,1295.0,1881.0,1289.300048828125,4218.0,24242.0,854.3250122070312,1264.5,1861.0,1267.5,4164.35009765625,23839.150390625,886.0,1276.1500244140625,1871.0999755859375,1275.550048828125,4216.0,24225.80078125,31395406,13486168,5012450,10671091,1587640,255800
2024-11-13,815.967529296875,1233.6995849609375,1776.258056640625,1241.3299560546875,3865.333740234375,23559.05078125,840.6749877929688,1253.699951171875,1868.4000244140625,1252.050048828125,4150.35009765625,23559.05078125,864.7000122070312,1276.25,1873.199951171875,1275.449951171875,4196.75,23873.599609375,836.5,1250.0,1856.300048828125,1249.5,4131.0498046875,23509.599609375,858.375,1270.5999755859375,1861.0999755859375,1270.25,4178.10009765625,23822.44921875,35728500,12260404,4257495,14633633,1098813,304600
2024-11-14,821.5,1236.897705078125,1772.5980224609375,1256.746826171875,3861.18896484375,23532.69921875,846.375,1256.949951171875,1864.550048828125,1267.5999755859375,4145.89990234375,23532.69921875,852.4249877929688,1267.699951171875,1876.0,1272.5999755859375,4160.0,23675.900390625,836.0499877929688,1243.050048828125,1856.0,1251.0999755859375,4116.4501953125,23484.150390625,836.5499877929688,1253.75,1865.5999755859375,1253.5999755859375,4135.0,23542.150390625,27146470,9506892,4311431,12612633,1825432,257700
2024-11-18,827.4934692382812,1233.45361328125,1722.11669921875,1249.9554443359375,3743.469482421875,23453.80078125,852.5499877929688,1253.449951171875,1811.449951171875,1260.75,4019.5,23453.80078125,859.4500122070312,1262.5999755859375,1849.199951171875,1272.9000244140625,4213.0,23606.80078125,847.5,1249.4000244140625,1795.0,1243.9000244140625,3990.199951171875,23350.400390625,850.0,1260.0,1849.199951171875,1267.5999755859375,4213.0,23605.30078125,27081968,6195554,4839244,13620611,3313944,263300
2024-11-19,845.5225830078125,1229.173095703125,1734.7607421875,1231.0189208984375,3762.142333984375,23518.5,871.125,1249.0999755859375,1824.75,1241.6500244140625,4039.550048828125,23518.5,876.875,1261.0,1859.699951171875,1281.5,4132.14990234375,23780.650390625,851.3499755859375,1240.8499755859375,1820.550048828125,1235.1500244140625,4014.10009765625,23464.80078125,857.0,1257.050048828125,1825.5,1260.75,4019.89990234375,23529.55078125,50981272,11537317,4669769,14183746,1776233,297500
2024-11-21,845.0130004882812,1230.5999755859375,1743.6021728515625,1212.5286865234375,3793.156005859375,23349.900390625,870.5999755859375,1250.550048828125,1834.050048828125,1223.0,4072.85009765625,23349.900390625,879.5,1256.9000244140625,1867.0,1243.949951171875,4092.449951171875,23507.30078125,867.0999755859375,1232.550048828125,1820.5999755859375,1217.25,4024.0,23263.150390625,874.7000122070312,1248.550048828125,1842.0,1241.6500244140625,4044.89990234375,23488.44921875,35716512,9593870,5436504,19433843,2384347,420300
2024-11-22,847.1483764648438,1257.6612548828125,1808.4388427734375,1254.5655517578125,3953.111572265625,23907.25,872.7999877929688,1278.050048828125,1902.25,1265.4000244140625,4244.60009765625,23907.25,877.1500244140625,1281.4000244140625,1914.050048828125,1268.8499755859375,4254.9501953125,23956.099609375,864.7750244140625,1256.0,1834.0,1222.449951171875,4054.0,23359.0,871.7750244140625,1258.0,1854.0999755859375,1229.4000244140625,4071.0,23411.80078125,24773612,11604338,6301486,20471957,3096553,367600
2024-11-25,866.560546875,1280.1959228515625,1796.507568359375,1275.9805908203125,4018.76953125,24221.900390625,892.7999877929688,1300.949951171875,1889.699951171875,1287.0,4315.10009765625,24221.900390625,901.7750244140625,1311.199951171875,1919.300048828125,1304.449951171875,4328.10009765625,24351.55078125,882.4500122070312,1290.0,1882.0,1282.449951171875,4252.2001953125,24135.44921875,892.5250244140625,1296.0,1916.0,1290.0,4280.0,24253.55078125,427737274,22717581,12764638,28923341,4052167,687200
2024-11-26,866.5363159179688,1284.132080078125,1829.2587890625,1284.606201171875,4053.787841796875,24194.5,892.7750244140625,1304.949951171875,1924.1500244140625,1295.699951171875,4352.7001953125,24194.5,905.0,1314.25,1938.5999755859375,1297.8499755859375,4366.60009765625,24343.30078125,884.9000244140625,1302.449951171875,1897.300048828125,1284.199951171875,4310.0,24125.400390625,905.0,1310.5999755859375,1904.949951171875,1294.949951171875,4321.0498046875,24343.30078125,30935566,7646955,6850495,9247557,2060669,230700
2024-11-27,879.5182495117188,1279.9498291015625,1829.591552734375,1282.1275634765625,4035.021240234375,24274.900390625,906.1500244140625,1300.699951171875,1924.5,1293.199951171875,4332.5498046875,24274.900390625,908.6749877929688,1310.8499755859375,1941.4000244140625,1303.8499755859375,4377.39990234375,24354.55078125,892.5750122070312,1297.8499755859375,1911.75,1286.0,4324.0498046875,24145.650390625,894.9500122070312,1298.5,1930.0999755859375,1293.5,4358.9501953125,24204.80078125,32714976,21938082,4447143,9572746,1558993,295000
2024-11-28,870.224609375,1265.8287353515625,1765.087646484375,1259.91943359375,3953.390869140625,23914.150390625,896.5750122070312,1286.3499755859375,1856.6500244140625,1270.800048828125,4244.89990234375,23914.150390625,918.0499877929688,1310.5,1914.9000244140625,1296.5999755859375,4339.9501953125,24345.75,894.0,1282.300048828125,1851.6500244140625,1269.050048828125,4233.0,23873.349609375,909.5,1301.050048828125,1914.9000244140625,1289.949951171875,4319.0,24274.150390625,35722392,22803745,8468790,15027412,2558544,366700
2024-11-29,871.632080078125,1279.3594970703125,1766.2283935546875,1281.1361083984375,3977.55859375,24131.099609375,898.0250244140625,1300.0999755859375,1857.8499755859375,1292.199951171875,4270.85009765625,24131.099609375,902.2999877929688,1303.25,1877.0,1299.5,4298.7001953125,24188.44921875,891.4500122070312,1283.0999755859375,1845.0,1275.25,4195.64990234375,23927.150390625,900.6500244140625,1283.0999755859375,1851.0999755859375,1280.0,4220.0,23927.150390625,27669536,11397228,5244346,13202307,2017425,282100
2024-12-02,875.8298950195312,1283.8369140625,1787.095947265625,1297.941162109375,3982.960205078125,24276.05078125,902.3499755859375,1304.6500244140625,1879.800048828125,1309.1500244140625,4276.64990234375,24276.05078125,904.0750122070312,1310.550048828125,1882.800048828125,1311.3499755859375,4288.2001953125,24301.69921875,887.5,1289.1500244140625,1835.199951171875,1277.050048828125,4230.0498046875,24008.650390625,901.75,1299.9000244140625,1859.0,1288.0,4270.0,24140.849609375,15110876,9626400,2868263,11024152,1670944,220400
2024-12-03,886.3125610351562,1287.527099609375,1798.789306640625,1311.9698486328125,4007.267822265625,24457.150390625,913.1500244140625,1308.4000244140625,1892.0999755859375,1323.300048828125,4302.75,24457.150390625,918.7000122070312,1312.800048828125,1899.75,1326.800048828125,4325.0,24481.349609375,908.0499877929688,1296.0999755859375,1871.1500244140625,1307.0,4265.4501953125,24280.0,911.3499755859375,1303.949951171875,1887.0,1317.0,4314.35009765625,24367.5,43410242,11509276,4715792,16869482,2010905,339500
2024-12-04,902.7157592773438,1295.0550537109375,1796.0799560546875,1297.74267578125,4055.370849609375,24467.44921875,930.0499877929688,1316.050048828125,1889.25,1308.949951171875,4354.39990234375,24467.44921875,932.5,1320.0,1913.949951171875,1328.4000244140625,4386.9501953125,24573.19921875,915.5750122070312,1301.699951171875,1875.0,1304.050048828125,4289.0498046875,24366.30078125,919.0,1302.5999755859375,1884.0,1326.0,4313.5498046875,24488.75,44669084,11570281,4705573,19608540,3302642,348000
2024-12-05,905.4577026367188,1315.1788330078125,1839.4310302734375,1310.7305908203125,4157.49072265625,24708.400390625,932.875,1336.5,1934.8499755859375,1322.050048828125,4464.0498046875,24708.400390625,939.9749755859375,1342.9000244140625,1949.9000244140625,1329.949951171875,4489.0,24857.75,917.5999755859375,1308.5999755859375,1888.949951171875,1306.1500244140625,4360.0,24295.55078125,930.0,1316.25,1900.0,1314.3499755859375,4400.7998046875,24539.150390625,39682714,19210697,9050038,16858723,3746747,361500
2024-12-06,900.6531982421875,1307.552490234375,1827.594970703125,1300.3204345703125,4140.21435546875,24677.80078125,927.9249877929688,1328.75,1922.4000244140625,1311.550048828125,4445.5,24677.80078125,932.0999755859375,1347.0999755859375,1937.949951171875,1323.9000244140625,4465.0,24751.05078125,922.0,1326.699951171875,1912.4000244140625,1310.0,4412.75,24620.5,928.5,1342.5,1932.800048828125,1323.9000244140625,4453.0,24729.44921875,17783156,8942672,3573331,9037514,1842087,226700
2024-12-09,907.520263671875,1301.205322265625,1828.783447265625,1284.0609130859375,4146.408203125,24619.0,935.0,1322.300048828125,1923.6500244140625,1295.1500244140625,4452.14990234375,24619.0,940.0,1329.050048828125,1930.199951171875,1315.0,4469.39990234375,24705.0,924.5,1320.25,1897.199951171875,1293.0999755859375,4415.5498046875,24580.05078125,926.8250122070312,1322.0999755859375,1924.199951171875,1303.0,4430.4501953125,24633.900390625,26947912,8000764,4274645,14650002,2066639,248100
2024-12-10,906.59814453125,1309.2252197265625,1852.45556640625,1273.8489990234375,4128.15380859375,24610.05078125,934.0499877929688,1330.449951171875,1948.550048828125,1284.8499755859375,4432.5498046875,24610.05078125,938.8499755859375,1332.0,1965.5999755859375,1294.9000244140625,4493.7998046875,24677.80078125,929.2750244140625,1315.25,1932.0,1280.199951171875,4412.10009765625,24510.650390625,938.8499755859375,1319.0,1939.0,1289.25,4426.14990234375,24652.650390625,13325480,8218214,6174921,16043729,2087828,261000
2024-12-11,904.1716918945312,1306.3223876953125,1876.79296875,1267.2559814453125,4123.404296875,24641.80078125,931.5499877929688,1327.5,1974.1500244140625,1278.199951171875,4427.4501953125,24641.80078125,935.9500122070312,1331.25,1978.0,1290.0,4448.64990234375,24691.75,928.375,1316.0,1952.0,1276.050048828125,4407.0,24583.849609375,930.8499755859375,1324.699951171875,1955.0,1285.0,4431.85009765625,24620.5,14045426,8138066,5025612,11724373,1635256,187300
2024-12-12,902.30322265625,1308.04443359375,1889.0091552734375,1252.0870361328125,4149.015625,24548.69921875,929.625,1329.25,1987.0,1262.9000244140625,4454.9501953125,24548.69921875,934.3250122070312,1338.75,1998.800048828125,1278.199951171875,4485.0,24675.25,924.3499755859375,1321.550048828125,1970.550048828125,1260.5999755859375,4426.0,24527.94921875,925.5,1321.550048828125,1975.199951171875,1270.0,4430.0498046875,24604.44921875,17293790,9076896,6462130,20906813,1914642,266100
2024-12-13,908.3695678710938,1323.44482421875,1901.0830078125,1261.951904296875,4166.66455078125,24768.30078125,935.875,1344.9000244140625,1999.699951171875,1272.8499755859375,4473.89990234375,24768.30078125,937.5,1347.1500244140625,2006.449951171875,1275.199951171875,4494.89990234375,24792.30078125,914.625,1313.5,1953.800048828125,1239.5999755859375,4394.39990234375,24180.80078125,931.25,1325.3499755859375,1969.75,1260.0,4434.9501953125,24498.349609375,19009002,13536684,5362693,28630222,1967048,310100
2024-12-16,905.1907958984375,1324.6256103515625,1882.4019775390625,1257.44091796875,4111.99609375,24668.25,932.5999755859375,1346.0999755859375,1980.050048828125,1268.300048828125,4415.2001953125,24668.25,934.9749755859375,1350.449951171875,1999.5999755859375,1281.0,4475.0,24781.25,927.625,1340.050048828125,1977.5999755859375,1266.550048828125,4397.0,24601.75,932.5499877929688,1344.9000244140625,1995.449951171875,1275.0,4459.0,24753.400390625,13107082,9071006,3119221,9486781,1646224,187600
2024-12-17,889.6853637695312,1312.47265625,1879.1221923828125,1234.6376953125,4031.249267578125,24336.0,916.625,1333.75,1976.5999755859375,1245.300048828125,4328.5,24336.0,931.1749877929688,1348.0999755859375,1982.0,1263.9000244140625,4432.9501953125,24624.099609375,913.25,1326.050048828125,1958.0,1242.800048828125,4318.0,24303.44921875,928.1749877929688,1342.0,1968.0,1261.050048828125,4410.0,24584.80078125,21079532,9879257,5811050,17462791,3225027,264900
2024-12-18,878.74169921875,1293.1854248046875,1881.5465087890625,1242.5196533203125,4049.270751953125,24198.849609375,905.3499755859375,1314.1500244140625,1979.1500244140625,1253.25,4347.85009765625,24198.849609375,918.0,1334.949951171875,1984.949951171875,1259.949951171875,4362.0,24394.44921875,903.5750122070312,1307.449951171875,1961.5999755859375,1240.6500244140625,4289.60009765625,24149.849609375,914.9249877929688,1325.25,1966.800048828125,1240.6500244140625,4311.7001953125,24297.94921875,23422312,8510595,3064095,12670179,1575404,235300
2024-12-19,870.3944702148438,1266.3701171875,1850.2213134765625,1219.914794921875,3978.5361328125,23951.69921875,896.75,1286.9000244140625,1946.199951171875,1230.449951171875,4271.89990234375,23951.69921875,900.5499877929688,1303.0,1959.75,1244.9000244140625,4364.0,24004.900390625,889.5,1284.449951171875,1920.0,1229.0,4262.0,23870.30078125,899.7999877929688,1286.0,1934.0,1239.0,4282.0,23877.150390625,25380770,11517304,5323592,14244653,3015763,271100
2024-12-20,859.7177734375,1267.84619140625,1827.3575439453125,1194.980224609375,3883.913330078125,23587.5,885.75,1288.4000244140625,1922.1500244140625,1205.300048828125,4170.2998046875,23587.5,898.7750244140625,1297.75,1979.949951171875,1239.5,4382.0,24065.80078125,883.5250244140625,1272.4000244140625,1911.25,1201.5,4152.5,23537.349609375,891.0999755859375,1283.949951171875,1975.1500244140625,1224.0,4329.0,23960.69921875,25692348,58491181,11056720,20312896,4116989,442700
2024-12-23,874.0343017578125,1276.1121826171875,1829.4014892578125,1211.834716796875,3872.7373046875,23753.44921875,900.5,1296.800048828125,1924.300048828125,1222.300048828125,4158.2998046875,23753.44921875,903.0,1307.0,1940.0,1227.199951171875,4217.0,23869.55078125,890.6500244140625,1287.050048828125,1909.0,1213.199951171875,4114.89990234375,23647.19921875,891.0,1294.6500244140625,1930.050048828125,1215.0,4200.0498046875,23738.19921875,11044592,6827512,2781793,10052824,2195338,189800
2024-12-24,872.6268310546875,1276.5550537109375,1814.903564453125,1212.28076171875,3892.481689453125,23727.650390625,899.0499877929688,1297.25,1909.050048828125,1222.75,4179.5,23727.650390625,904.3499755859375,1304.5,1942.0,1233.550048828125,4218.0,23867.650390625,894.7750244140625,1290.25,1840.0,1221.0,4158.2998046875,23685.150390625,901.0250244140625,1296.800048828125,1927.050048828125,1222.300048828125,4158.2998046875,23769.099609375,14485834,7138516,2360544,6734917,1181886,177700
2024-12-26,869.0598754882812,1276.6533203125,1813.3348388671875,1206.1339111328125,3882.796142578125,23750.19921875,895.375,1297.3499755859375,1907.4000244140625,1216.550048828125,4169.10009765625,23750.19921875,906.0,1312.75,1919.75,1227.699951171875,4199.9501953125,23854.5,890.375,1289.199951171875,1902.300048828125,1214.25,4143.14990234375,23653.599609375,899.2750244140625,1307.0,1909.050048828125,1224.25,4179.5,23775.80078125,10481678,7338444,3623321,10016178,1208464,177700
2024-12-27,872.6996459960938,1286.6907958984375,1822.2237548828125,1210.595458984375,3878.838134765625,23813.400390625,899.125,1307.550048828125,1916.75,1221.050048828125,4164.85009765625,23813.400390625,902.9749755859375,1315.949951171875,1924.1500244140625,1227.9000244140625,4180.9501953125,23938.849609375,894.5499877929688,1298.550048828125,1903.9000244140625,1217.0,4147.25,23800.599609375,897.4000244140625,1298.550048828125,1909.4000244140625,1218.300048828125,4163.0,23801.400390625,7259330,4756066,3937500,7000397,858100,176800
2024-12-30,862.82373046875,1273.9964599609375,1812.0037841796875,1200.333984375,3873.203125,23644.900390625,888.9500122070312,1294.6500244140625,1906.0,1210.699951171875,4158.7998046875,23644.900390625,907.5,1326.5,1916.0,1223.199951171875,4199.2998046875,23915.349609375,885.5,1289.449951171875,1886.5,1208.0999755859375,4112.0,23599.30078125,896.0999755859375,1304.949951171875,1915.699951171875,1216.4000244140625,4151.0,23796.900390625,22222218,14207425,7789055,8818766,1527169,364900
2024-12-31,860.3729248046875,1261.203857421875,1787.2861328125,1205.043212890625,3813.598388671875,23644.80078125,886.4249877929688,1281.6500244140625,1880.0,1215.449951171875,4094.800048828125,23644.80078125,890.9000244140625,1289.949951171875,1897.0,1219.0999755859375,4139.9501953125,23689.849609375,882.7999877929688,1280.0999755859375,1845.050048828125,1206.1500244140625,4032.050048828125,23460.44921875,885.1500244140625,1286.9000244140625,1892.300048828125,1208.0,4135.0,23560.599609375,14117236,8449607,3613063,6405475,1555429,193600
2025-01-01,865.1774291992188,1263.1719970703125,1789.662841796875,1210.7935791015625,3830.03662109375,23742.900390625,891.375,1283.6500244140625,1882.5,1221.25,4112.4501953125,23742.900390625,897.0,1293.0,1892.949951171875,1226.300048828125,4134.0,23822.80078125,880.5499877929688,1267.0999755859375,1874.0,1211.5999755859375,4085.449951171875,23562.80078125,886.7249755859375,1281.6500244140625,1874.0,1214.8499755859375,4094.39990234375,23637.650390625,7313806,4705399,1838368,5892590,763161,154900
2025-01-02,870.5158081054688,1270.0111083984375,1861.296875,1231.167724609375,3888.989013671875,24188.650390625,896.875,1290.5999755859375,1957.8499755859375,1241.800048828125,4175.75,24188.650390625,901.7249755859375,1293.4000244140625,1962.6500244140625,1244.449951171875,4183.0,24226.69921875,886.5,1278.4000244140625,1885.300048828125,1220.0,4096.9501953125,23751.55078125,888.5499877929688,1285.0999755859375,1887.0,1221.25,4120.0,23783.0,18558576,7433222,7083645,15486276,1720835,283200
2025-01-03,848.8954467773438,1244.86865234375,1843.138916015625,1240.437744140625,3818.347900390625,24004.75,874.5999755859375,1265.050048828125,1938.75,1251.1500244140625,4099.89990234375,24004.75,897.625,1288.0,1952.949951171875,1262.050048828125,4179.9501953125,24196.44921875,873.1500244140625,1262.25,1922.0,1235.5,4092.300048828125,23976.0,895.5,1286.199951171875,1952.949951171875,1243.9000244140625,4179.9501953125,24196.400390625,24426194,11194997,6218003,15521102,1791953,312300
2025-01-06,830.1141357421875,1243.933837890625,1842.283203125,1207.5714111328125,3813.78466796875,23616.05078125,855.25,1264.0999755859375,1937.8499755859375,1218.0,4095.0,23616.05078125,878.5999755859375,1277.75,1973.0,1262.0,4149.64990234375,24089.94921875,852.9000244140625,1257.0,1928.0,1215.0,4066.39990234375,23551.900390625,870.0499877929688,1268.050048828125,1952.0,1253.949951171875,4105.5,24045.80078125,18816348,7504047,7164403,14816766,2085593,278100
2025-01-07,831.5215454101562,1258.8421630859375,1835.6282958984375,1230.2257080078125,3751.665283203125,23707.900390625,856.7000122070312,1279.25,1930.8499755859375,1240.8499755859375,4028.300048828125,23707.900390625,860.5,1288.949951171875,1958.550048828125,1244.5,4140.35009765625,23795.19921875,850.0,1266.5,1923.6500244140625,1221.25,4011.550048828125,23637.80078125,857.5,1266.5,1945.0,1222.0,4114.9501953125,23679.900390625,13527906,7539758,4294832,10070505,2669054,262300
2025-01-08,822.252197265625,1243.58935546875,1837.81494140625,1254.664794921875,3826.264404296875,23688.94921875,847.1500244140625,1263.75,1933.1500244140625,1265.5,4108.39990234375,23688.94921875,855.8250122070312,1285.0,1938.5999755859375,1271.050048828125,4126.0,23751.849609375,841.6749877929688,1252.3499755859375,1888.75,1245.3499755859375,4017.75,23496.150390625,854.125,1280.550048828125,1930.0,1249.0,4034.89990234375,23746.650390625,19738190,7566309,5482050,19346579,2181277,266400
2025-01-09,809.3916625976562,1242.260986328125,1822.74658203125,1244.0067138671875,3761.490478515625,23526.5,833.9000244140625,1262.4000244140625,1917.300048828125,1254.75,4038.85009765625,23526.5,844.5,1264.75,1951.8499755859375,1269.75,4137.75,23689.5,829.0499877929688,1248.0999755859375,1910.550048828125,1248.050048828125,4025.300048828125,23503.05078125,842.0750122070312,1258.0,1934.050048828125,1267.0,4101.0,23674.75,40420222,8684920,6833503,12794704,2392472,269200
2025-01-10,804.0289916992188,1229.9111328125,1869.9478759765625,1231.266845703125,3972.7158203125,23431.5,828.375,1249.8499755859375,1966.949951171875,1241.9000244140625,4265.64990234375,23431.5,837.4500122070312,1264.949951171875,1977.800048828125,1256.75,4297.0,23596.599609375,827.0,1243.0999755859375,1932.25,1236.0,4170.0,23344.349609375,835.5,1259.0,1937.0,1253.8499755859375,4200.0,23551.900390625,17453280,7854524,8036913,8120332,7894300,261000
2025-01-13,791.4596557617188,1210.1318359375,1865.432373046875,1229.234375,3996.41796875,23085.94921875,815.4249877929688,1229.75,1962.199951171875,1239.8499755859375,4291.10009765625,23085.94921875,823.375,1243.949951171875,1982.800048828125,1245.25,4322.9501953125,23340.94921875,812.1500244140625,1224.9000244140625,1949.0,1226.4000244140625,4227.39990234375,23047.25,820.0,1234.9000244140625,1956.0,1230.0,4245.0,23195.400390625,21669066,9669336,5804152,13764861,4003771,316500
2025-01-14,799.1030883789062,1220.5135498046875,1844.374755859375,1228.143798828125,3942.354248046875,23176.05078125,823.2999877929688,1240.300048828125,1940.050048828125,1238.75,4233.0498046875,23176.05078125,828.0999755859375,1244.8499755859375,1971.800048828125,1253.3499755859375,4313.89990234375,23264.94921875,818.5,1227.449951171875,1931.0999755859375,1227.25,4219.0498046875,23134.150390625,819.9500122070312,1233.3499755859375,1968.8499755859375,1244.0999755859375,4302.0,23165.900390625,26661432,10342698,5792162,13095266,3441709,311200
2025-01-15,797.3803100585938,1218.49609375,1853.501220703125,1241.478515625,3957.767578125,23213.19921875,821.5250244140625,1238.25,1949.6500244140625,1252.199951171875,4249.60009765625,23213.19921875,831.3499755859375,1244.4000244140625,1958.050048828125,1257.0,4256.4501953125,23293.650390625,818.1500244140625,1230.0,1937.0999755859375,1241.8499755859375,4207.4501953125,23146.44921875,828.25,1234.0,1947.0,1244.949951171875,4218.0,23250.44921875,14022892,5355382,2985439,9578856,1653474,228000
2025-01-16,801.7481079101562,1229.173095703125,1833.3466796875,1255.6065673828125,3917.441162109375,23311.80078125,826.0250244140625,1249.0999755859375,1928.449951171875,1266.449951171875,4206.2998046875,23311.80078125,830.2750244140625,1255.5,1966.949951171875,1275.0,4294.0,23391.650390625,821.4249877929688,1239.6500244140625,1916.8499755859375,1251.300048828125,4191.85009765625,23272.05078125,826.4249877929688,1245.0999755859375,1965.949951171875,1258.9000244140625,4260.0,23377.25,21212454,11895924,7533579,14117603,2637705,299400
2025-01-17,794.3228759765625,1205.9002685546875,1725.9193115234375,1291.19921875,3911.75048828125,23203.19921875,818.375,1225.449951171875,1815.449951171875,1302.3499755859375,4124.2998046875,23203.19921875,825.25,1249.0,1858.0,1326.0,4160.60009765625,23292.099609375,814.25,1218.0,1812.0,1285.0,4100.0498046875,23100.349609375,821.75,1243.3499755859375,1851.0,1322.25,4159.89990234375,23277.099609375,23112076,9790533,16409953,29366277,1761466,272900
2025-01-20,801.3598022460938,1213.28076171875,1723.87548828125,1294.272705078125,3867.64697265625,23344.75,825.625,1232.949951171875,1813.300048828125,1305.449951171875,4077.800048828125,23344.75,830.4749755859375,1241.75,1827.949951171875,1316.0,4145.7998046875,23391.099609375,813.0,1215.25,1793.1500244140625,1300.25,4068.10009765625,23170.650390625,813.0,1223.9000244140625,1822.949951171875,1316.0,4145.7998046875,23290.400390625,17557618,7676418,4333011,14040244,1287799,301500
2025-01-21,797.0648803710938,1177.0677490234375,1711.896728515625,1262.7945556640625,3827.859130859375,23024.650390625,821.2000122070312,1196.1500244140625,1800.699951171875,1273.699951171875,4035.85009765625,23024.650390625,830.5250244140625,1238.949951171875,1831.6500244140625,1313.0,4111.0,23426.30078125,816.5250244140625,1192.699951171875,1793.050048828125,1270.199951171875,4030.0,22976.849609375,829.125,1236.949951171875,1819.050048828125,1310.5,4095.300048828125,23421.650390625,31158144,20520898,7169109,14562976,1971591,312900
2025-01-22,808.5423583984375,1181.299072265625,1764.8974609375,1266.1654052734375,3942.386474609375,23155.349609375,833.0250244140625,1200.449951171875,1856.449951171875,1277.0999755859375,4156.60009765625,23155.349609375,835.9500122070312,1207.5,1865.800048828125,1282.9000244140625,4163.14990234375,23169.55078125,812.7249755859375,1191.800048828125,1805.1500244140625,1268.699951171875,4044.199951171875,22981.30078125,821.2000122070312,1201.0,1807.4000244140625,1278.300048828125,4050.0,23099.150390625,30619306,10377123,8373913,10273590,2409223,276000
2025-01-23,807.9842529296875,1182.5784912109375,1773.45361328125,1252.83056640625,3931.810791015625,23205.349609375,832.4500122070312,1201.75,1865.449951171875,1263.6500244140625,4145.4501953125,23205.349609375,843.5,1207.9000244140625,1879.550048828125,1277.3499755859375,4191.35009765625,23270.80078125,825.625,1186.0,1852.699951171875,1261.5999755859375,4140.0498046875,23090.650390625,843.5,1197.25,1858.0,1270.0,4168.0,23128.30078125,34909158,8770650,5907471,8720682,1822998,275600
2025-01-24,800.6561279296875,1189.90966796875,1782.96044921875,1235.6292724609375,3938.35498046875,23092.19921875,824.9000244140625,1209.199951171875,1875.449951171875,1246.300048828125,4152.35009765625,23092.19921875,835.1500244140625,1218.0,1894.9000244140625,1273.0,4178.0,23347.30078125,822.25,1202.0,1864.25,1243.5,4104.0,23050.0,830.0,1203.0999755859375,1865.5,1266.0,4104.0,23183.900390625,24236200,9216792,4887027,14235970,1910099,264300
2025-01-27,790.9500732421875,1208.3604736328125,1732.1463623046875,1218.82421875,3855.648681640625,22829.150390625,814.9000244140625,1227.949951171875,1822.0,1229.3499755859375,4065.14990234375,22829.150390625,821.7999877929688,1234.6500244140625,1863.0,1240.449951171875,4156.35009765625,23007.44921875,813.0,1193.0999755859375,1812.0,1220.0,4041.050048828125,22786.900390625,820.5499877929688,1195.0,1848.75,1239.0999755859375,4102.0,22940.150390625,22804166,16164687,7652371,9536019,1551782,257400
2025-01-28,810.6534423828125,1227.0081787109375,1739.5142822265625,1223.8311767578125,3832.079345703125,22957.25,835.2000122070312,1246.9000244140625,1829.75,1234.4000244140625,4040.300048828125,22957.25,842.1500244140625,1264.0,1863.5,1244.75,4102.0,23137.94921875,823.5,1236.0,1824.9000244140625,1218.5,4028.300048828125,22857.650390625,823.5,1247.3499755859375,1830.0,1238.0,4070.800048828125,22960.44921875,30179312,18066499,6999495,10568025,2468272,361900
2025-01-29,814.0020141601562,1231.6824951171875,1788.4744873046875,1224.921630859375,3888.51318359375,23163.099609375,838.6500244140625,1251.6500244140625,1881.25,1235.5,4099.7998046875,23163.099609375,840.5750122070312,1255.800048828125,1888.6500244140625,1242.75,4107.85009765625,23183.349609375,834.4249877929688,1243.050048828125,1840.5,1228.050048828125,4054.0,22976.5,837.5,1252.0,1845.0,1236.0,4054.0,23026.75,12619890,7666777,5145155,5928156,1217089,226300
2025-01-30,820.8933715820312,1235.5693359375,1768.224853515625,1242.3214111328125,3888.75,23249.5,845.75,1255.5999755859375,1859.949951171875,1253.050048828125,4100.0498046875,23249.5,848.9500122070312,1259.8499755859375,1887.199951171875,1257.0,4129.89990234375,23322.05078125,836.2750244140625,1239.5,1844.0,1232.4000244140625,4058.5,23139.19921875,840.5,1250.0,1873.1500244140625,1235.550048828125,4099.89990234375,23169.5,25744846,11921041,7336056,9269259,1531251,361900
2025-01-31,824.4118041992188,1232.814208984375,1787.095947265625,1254.2681884765625,3900.46337890625,23508.400390625,849.375,1252.800048828125,1879.800048828125,1265.0999755859375,4112.39990234375,23508.400390625,852.3499755859375,1256.0,1897.449951171875,1267.0,4128.4501953125,23546.80078125,841.9749755859375,1239.0999755859375,1871.0,1249.0,4085.25,23277.400390625,843.625,1254.5,1871.0,1255.8499755859375,4110.0,23296.75,15821686,10195417,5820470,6584612,1492943,304900
2025-02-01,820.6264038085938,1235.520263671875,1760.049072265625,1253.7724609375,3863.236572265625,23482.150390625,845.4749755859375,1255.550048828125,1851.3499755859375,1264.5999755859375,4073.14990234375,23482.150390625,856.5,1261.3499755859375,1890.5999755859375,1270.550048828125,4135.89990234375,23632.44921875,838.0250244140625,1233.800048828125,1846.0,1241.0,4056.0,23318.30078125,848.75,1251.1500244140625,1880.300048828125,1265.0999755859375,4113.0,23528.599609375,5587528,3011914,1701402,7118453,437172,281000
2025-02-03,814.3417358398438,1233.0108642578125,1771.40966796875,1235.232666015625,3858.968505859375,23361.05078125,839.0,1253.0,1863.300048828125,1245.9000244140625,4068.64990234375,23361.05078125,843.4000244140625,1260.0,1876.550048828125,1256.0,4077.0,23381.599609375,831.7249755859375,1237.800048828125,1832.4000244140625,1237.550048828125,3998.699951171875,23222.0,835.0,1246.8499755859375,1836.0,1251.0,4030.89990234375,23319.349609375,20276540,6176831,4823228,9252345,1265713,329700
2025-02-04,835.1613159179688,1247.9683837890625,1805.158935546875,1274.196044921875,3895.389404296875,23739.25,860.4500122070312,1268.199951171875,1898.800048828125,1285.199951171875,4107.0498046875,23739.25,862.9000244140625,1280.5,1911.199951171875,1288.800048828125,4118.85009765625,23762.75,840.0250244140625,1260.0,1875.0,1246.5999755859375,4066.050048828125,23423.150390625,844.3499755859375,1262.800048828125,1889.0,1248.050048828125,4083.699951171875,23509.900390625,28616502,14839077,7334787,16691069,2547132,376700
2025-02-05,843.363037109375,1247.476318359375,1803.4952392578125,1267.2559814453125,3880.26171875,23696.30078125,868.9000244140625,1267.699951171875,1897.050048828125,1278.199951171875,4091.10009765625,23696.30078125,872.0999755859375,1277.75,1919.699951171875,1290.5,4150.0,23807.30078125,859.4500122070312,1265.1500244140625,1894.300048828125,1276.699951171875,4076.0,23680.44921875,866.5,1270.199951171875,1906.0,1282.6500244140625,4150.0,23801.75,23675506,6840709,4996744,10112028,1693912,267000
2025-02-06,846.299072265625,1252.101318359375,1821.1781005859375,1270.577392578125,3872.341796875,23603.349609375,871.9249877929688,1272.4000244140625,1915.6500244140625,1281.550048828125,4082.75,23603.349609375,874.5,1279.0,1924.0,1288.0,4139.5,23773.55078125,862.0,1263.199951171875,1900.0,1270.3499755859375,4051.550048828125,23556.25,867.75,1275.0,1917.0,1273.699951171875,4105.39990234375,23761.94921875,26760716,8396554,4765255,9956001,2284536,307000
2025-02-07,840.9122314453125,1236.8487548828125,1809.769775390625,1255.8544921875,3821.7412109375,23559.94921875,866.375,1256.9000244140625,1903.6500244140625,1266.699951171875,4029.39990234375,23559.94921875,883.5,1275.0,1923.699951171875,1283.699951171875,4090.0,23694.5,862.5,1249.550048828125,1889.449951171875,1262.0,4008.0,23443.19921875,875.0,1272.0,1919.300048828125,1276.1500244140625,4090.0,23649.5,23509600,7382039,4126260,8764283,1548940,368100
2025-02-10,832.6619873046875,1242.4576416015625,1787.5712890625,1242.916259765625,3828.90234375,23381.599609375,857.875,1262.5999755859375,1880.300048828125,1253.6500244140625,4036.949951171875,23381.599609375,861.7249755859375,1265.0,1905.0,1266.5,4052.0,23568.599609375,854.25,1249.3499755859375,1878.5999755859375,1245.550048828125,4014.35009765625,23316.30078125,858.6500244140625,1257.199951171875,1905.0,1264.5,4040.0,23543.80078125,17195950,5740361,3828734,6970972,1339511,234200
2025-02-11,825.6978759765625,1232.764892578125,1783.150634765625,1224.2772216796875,3759.28515625,23071.80078125,850.7000122070312,1252.75,1875.6500244140625,1234.8499755859375,3963.550048828125,23071.80078125,855.5,1261.8499755859375,1903.0,1264.550048828125,4040.0,23390.05078125,844.3499755859375,1248.4000244140625,1870.0,1230.0999755859375,3955.0,22986.650390625,851.5,1255.8499755859375,1883.0999755859375,1264.550048828125,4018.39990234375,23383.55078125,22724704,6586627,4411601,8859714,1810908,268000
2025-02-12,828.3185424804688,1231.8299560546875,1771.26708984375,1206.1339111328125,3746.575439453125,23045.25,853.4000244140625,1251.800048828125,1863.1500244140625,1216.550048828125,3950.14990234375,23045.25,856.0,1269.75,1894.5999755859375,1226.9000244140625,4021.75,23144.69921875,840.5999755859375,1244.6500244140625,1847.0,1193.3499755859375,3940.14990234375,22798.349609375,846.5,1257.199951171875,1885.0,1219.449951171875,3971.10009765625,23050.80078125,22809570,8809352,5633947,21131654,1678002,279700
2025-02-13,823.9022216796875,1228.976318359375,1752.348388671875,1205.687744140625,3708.636962890625,23031.400390625,848.8499755859375,1248.9000244140625,1843.25,1216.0999755859375,3910.14990234375,23031.400390625,857.125,1266.0,1873.5,1228.0,3984.449951171875,23235.5,846.7750244140625,1245.9000244140625,1835.6500244140625,1212.0,3902.25,22992.19921875,849.5,1252.550048828125,1868.5,1217.050048828125,3968.0,23055.75,12602434,7263785,5237744,8511216,2277310,265700
2025-02-14,822.5191040039062,1239.99755859375,1764.849853515625,1206.827880859375,3732.06396484375,22929.25,847.4249877929688,1260.0999755859375,1856.4000244140625,1217.25,3934.85009765625,22929.25,850.9500122070312,1263.5,1859.300048828125,1224.0,3948.0,23133.69921875,840.0,1244.449951171875,1828.3499755859375,1205.449951171875,3900.0,22774.849609375,850.9500122070312,1252.0999755859375,1854.0,1219.0,3925.0,23096.44921875,19959892,10368438,5292961,10298145,1681975,254500
2025-02-17,833.4384765625,1231.1904296875,1751.4453125,1214.412353515625,3703.27783203125,22959.5,858.6749877929688,1251.1500244140625,1842.300048828125,1224.9000244140625,3904.5,22959.5,860.0,1258.1500244140625,1852.75,1227.5,3934.0,22974.19921875,840.625,1233.25,1822.1500244140625,1204.5,3856.199951171875,22725.44921875,842.5999755859375,1251.1500244140625,1838.550048828125,1211.0999755859375,3856.5,22809.900390625,12938946,8386151,4428956,8166683,1799806,207400
2025-02-18,836.2047119140625,1223.2196044921875,1760.619384765625,1214.908203125,3673.591064453125,22945.30078125,861.5250244140625,1243.050048828125,1851.949951171875,1225.4000244140625,3873.199951171875,22945.30078125,865.7750244140625,1257.5999755859375,1861.6500244140625,1229.9000244140625,3924.39990234375,22992.5,853.0750122070312,1237.050048828125,1837.5999755859375,1216.0999755859375,3864.5,22801.5,856.5250244140625,1252.9000244140625,1842.300048828125,1224.8499755859375,3898.39990234375,22963.650390625,16350910,8135042,4365260,6673250,2149879,210600
2025-02-19,838.2186889648438,1241.52294921875,1721.498779296875,1216.9405517578125,3589.083251953125,22932.900390625,863.5999755859375,1261.6500244140625,1810.800048828125,1227.449951171875,3784.10009765625,22932.900390625,868.9500122070312,1264.449951171875,1849.199951171875,1232.75,3874.949951171875,23049.94921875,856.2249755859375,1230.25,1805.9000244140625,1217.550048828125,3768.14990234375,22814.849609375,858.5,1234.8499755859375,1847.4000244140625,1219.5,3872.199951171875,22847.25,11884112,10683412,4611411,6217338,4366672,207000
2025-02-20,818.7579956054688,1230.009521484375,1735.14111328125,1222.4429931640625,3584.625244140625,22913.150390625,843.5499877929688,1249.949951171875,1825.1500244140625,1233.0,3779.39990234375,22913.150390625,857.3499755859375,1264.0,1831.0,1239.3499755859375,3788.0,22923.849609375,842.6500244140625,1246.75,1805.550048828125,1222.0,3751.300048828125,22812.75,855.5,1255.3499755859375,1805.550048828125,1223.949951171875,3761.5,22821.099609375,26390510,8398849,2218020,7795582,2888572,240800
2025-02-21,821.3786010742188,1213.28076171875,1725.4915771484375,1217.634521484375,3590.885009765625,22795.900390625,846.25,1232.949951171875,1815.0,1228.1500244140625,3786.0,22795.900390625,847.4749755859375,1244.699951171875,1829.8499755859375,1240.0,3817.0,22921.0,838.625,1224.550048828125,1806.199951171875,1222.1500244140625,3775.0,22720.30078125,840.4500122070312,1241.0999755859375,1821.800048828125,1228.699951171875,3776.10009765625,22857.19921875,15680940,7786428,3379879,6904025,1833931,242800
2025-02-24,813.9049682617188,1198.9136962890625,1677.1016845703125,1204.1510009765625,3486.1748046875,22553.349609375,838.5499877929688,1218.3499755859375,1764.0999755859375,1214.550048828125,3675.60009765625,22553.349609375,842.0999755859375,1231.9000244140625,1808.0,1223.25,3763.199951171875,22668.05078125,830.5499877929688,1210.25,1750.25,1210.5,3670.0,22518.80078125,840.5499877929688,1226.699951171875,1800.050048828125,1216.550048828125,3743.14990234375,22609.349609375,20693646,11522480,7594720,7172498,2508516,214300
2025-02-25,816.4527587890625,1204.6212158203125,1680.524169921875,1193.6912841796875,3442.497802734375,22547.55078125,841.1749877929688,1224.1500244140625,1767.699951171875,1204.0,3629.550048828125,22547.55078125,844.0,1231.6500244140625,1778.449951171875,1221.0,3658.0,22625.30078125,835.5499877929688,1221.0,1745.1500244140625,1201.5,3621.25,22513.900390625,835.5499877929688,1226.5999755859375,1745.1500244140625,1211.0,3625.0,22516.44921875,24138708,11059417,5092963,11552182,4101954,250300
2025-02-27,825.3580932617188,1202.9482421875,1677.2918701171875,1196.7647705078125,3426.37451171875,22545.05078125,850.3499755859375,1222.449951171875,1764.300048828125,1207.0999755859375,3612.550048828125,22545.05078125,855.375,1234.8499755859375,1775.8499755859375,1215.0,3638.0,22613.30078125,841.2750244140625,1218.449951171875,1751.0999755859375,1200.6500244140625,3600.699951171875,22508.400390625,841.2750244140625,1225.1500244140625,1755.199951171875,1212.800048828125,3611.699951171875,22568.94921875,35786800,12008162,5757079,11509215,3823856,289200
2025-02-28,840.7423095703125,1184.8909912109375,1604.469482421875,1189.82470703125,3303.737548828125,22124.69921875,866.2000122070312,1204.0999755859375,1687.699951171875,1200.0999755859375,3483.25,22124.69921875,868.625,1225.0,1755.0999755859375,1217.3499755859375,3600.0,22450.349609375,842.5,1200.0999755859375,1682.449951171875,1193.300048828125,3457.0,22104.849609375,842.5,1216.0,1755.050048828125,1202.0,3584.949951171875,22433.400390625,54516728,20215075,12182167,23007298,7085018,551300
2025-03-03,825.7706909179688,1186.9573974609375,1624.3388671875,1161.2216796875,3313.03271484375,22119.30078125,850.7750244140625,1206.199951171875,1708.5999755859375,1171.25,3493.050048828125,22119.30078125,871.5250244140625,1217.0,1728.5999755859375,1206.449951171875,3523.25,22261.55078125,847.0499877929688,1204.1500244140625,1692.300048828125,1156.0,3476.14990234375,22004.69921875,869.9000244140625,1210.5,1692.300048828125,1204.0,3485.0,22194.55078125,21205364,8158881,7504969,17944938,4990439,282400
2025-03-04,829.8715209960938,1191.0904541015625,1605.0399169921875,1151.9517822265625,3350.02294921875,22082.650390625,855.0,1210.4000244140625,1688.300048828125,1161.9000244140625,3532.050048828125,22082.650390625,857.1500244140625,1216.6500244140625,1699.0,1174.0,3551.0,22105.05078125,846.625,1206.25,1670.0,1159.550048828125,3464.300048828125,21964.599609375,849.0,1207.1500244140625,1695.0,1162.199951171875,3474.0,21974.44921875,19920958,9574490,6759673,11377373,2797737,253300
2025-03-05,820.1654052734375,1196.305908203125,1627.0958251953125,1165.5345458984375,3364.249755859375,22337.30078125,845.0,1215.699951171875,1711.5,1175.5999755859375,3547.050048828125,22337.30078125,855.4000244140625,1225.949951171875,1732.949951171875,1183.0,3600.35009765625,22394.900390625,844.125,1211.300048828125,1692.449951171875,1157.0,3520.85009765625,22067.80078125,850.9749755859375,1217.0,1692.449951171875,1161.0,3520.85009765625,22073.05078125,21583872,9052846,8180782,8664095,2501894,305900
2025-03-06,820.7477416992188,1198.6185302734375,1631.231201171875,1199.243408203125,3415.98876953125,22544.69921875,845.5999755859375,1218.050048828125,1715.8499755859375,1209.5999755859375,3601.60009765625,22544.69921875,849.9500122070312,1227.949951171875,1722.300048828125,1213.949951171875,3609.449951171875,22556.44921875,836.125,1209.0,1691.0999755859375,1185.1500244140625,3536.10009765625,22245.849609375,843.5,1227.949951171875,1715.0,1197.0,3557.0,22476.349609375,32966088,11949475,10610547,14468014,2786513,372100
2025-03-07,819.8014526367188,1195.17431640625,1602.853271484375,1239.0992431640625,3425.09375,22552.5,844.625,1214.550048828125,1686.0,1249.800048828125,3611.199951171875,22552.5,850.5750122070312,1217.8499755859375,1705.0,1254.800048828125,3625.0,22633.80078125,838.7999877929688,1206.300048828125,1675.5,1212.0,3574.39990234375,22464.75,841.0,1211.0999755859375,1703.0999755859375,1216.0,3600.0,22508.650390625,13372914,6620284,8019331,16474965,2051315,289800
2025-03-10,818.9521484375,1195.469482421875,1617.5413818359375,1227.7967529296875,3404.654052734375,22460.30078125,843.75,1214.8499755859375,1701.449951171875,1238.4000244140625,3589.64990234375,22460.30078125,849.9500122070312,1225.800048828125,1719.0,1258.0,3622.10009765625,22676.75,841.5250244140625,1208.0,1676.199951171875,1235.4000244140625,3582.60009765625,22429.05078125,844.5,1208.0,1686.0,1245.0,3606.5,22521.849609375,15604050,7363437,7558981,11931051,1004626,293900
2025-03-11,817.9815063476562,1225.5321044921875,1579.6566162109375,1236.62060546875,3391.0439453125,22497.900390625,842.75,1245.4000244140625,1661.5999755859375,1247.300048828125,3575.300048828125,22497.900390625,847.0,1248.0,1680.0,1249.5,3588.75,22522.099609375,835.0250244140625,1217.199951171875,1637.050048828125,1229.75,3537.64990234375,22314.69921875,841.2000122070312,1217.199951171875,1680.0,1240.0,3558.0,22345.94921875,19898430,10927950,12671234,10089838,1995450,347900
2025-03-12,830.4296264648438,1224.105224609375,1512.395751953125,1246.287109375,3325.5048828125,22470.5,855.5750122070312,1243.949951171875,1590.8499755859375,1257.050048828125,3506.199951171875,22470.5,859.25,1251.949951171875,1636.9000244140625,1263.0,3569.25,22577.400390625,845.7750244140625,1235.300048828125,1563.800048828125,1244.0,3486.85009765625,22329.55078125,845.7750244140625,1246.949951171875,1636.9000244140625,1258.0,3565.0,22536.349609375,18784106,11548372,14870008,11977555,3174167,369700
2025-03-13,828.221435546875,1230.10791015625,1501.938232421875,1237.215576171875,3330.104736328125,22397.19921875,853.2999877929688,1250.050048828125,1579.8499755859375,1247.9000244140625,3511.050048828125,22397.19921875,860.4000244140625,1255.5999755859375,1606.050048828125,1264.1500244140625,3524.300048828125,22558.05078125,850.0250244140625,1245.300048828125,1570.300048828125,1243.8499755859375,3484.10009765625,22377.349609375,858.0250244140625,1251.050048828125,1599.25,1260.050048828125,3502.300048828125,22541.5,15736264,8132940,7822888,9505270,1693004,287500
2025-03-17,830.065673828125,1248.7557373046875,1511.63525390625,1228.2427978515625,3317.44287109375,22508.75,855.2000122070312,1269.0,1590.050048828125,1238.8499755859375,3497.699951171875,22508.75,862.0,1273.949951171875,1594.0,1257.4000244140625,3530.449951171875,22577.0,852.5,1254.75,1545.1500244140625,1233.0999755859375,3477.35009765625,22353.150390625,852.5,1257.050048828125,1545.1500244140625,1242.1500244140625,3489.0,22353.150390625,18950652,11164812,7526032,16640917,2690906,251100
2025-03-18,830.065673828125,1248.7557373046875,1511.63525390625,1228.2427978515625,3317.44287109375,22834.30078125,855.2000122070312,1269.0,1590.050048828125,1238.8499755859375,3497.699951171875,22834.30078125,855.2000122070312,1269.0,1590.050048828125,1238.8499755859375,3497.699951171875,22857.80078125,855.2000122070312,1269.0,1590.050048828125,1238.8499755859375,3497.699951171875,22599.19921875,855.2000122070312,1269.0,1590.050048828125,1238.8499755859375,3497.699951171875,22662.25,0,0,0,0,0,272600
2025-03-19,846.42041015625,1292.1519775390625,1508.3079833984375,1236.471923828125,3316.8740234375,22907.599609375,872.0499877929688,1313.0999755859375,1586.550048828125,1247.1500244140625,3497.10009765625,22907.599609375,875.5,1318.300048828125,1603.0,1253.25,3547.0,22940.69921875,866.0999755859375,1302.1500244140625,1572.800048828125,1238.800048828125,3462.75,22807.94921875,867.5,1305.5999755859375,1603.0,1241.050048828125,3547.0,22874.94921875,15221406,11278014,7387068,16162399,3051244,324000
2025-03-20,858.3831787109375,1300.6148681640625,1535.8778076171875,1258.2835693359375,3379.519775390625,23190.650390625,884.375,1321.699951171875,1615.550048828125,1269.1500244140625,3563.14990234375,23190.650390625,887.0,1324.25,1631.9000244140625,1273.0,3578.949951171875,23216.69921875,874.6500244140625,1311.050048828125,1592.0,1250.050048828125,3512.0,22973.94921875,877.0,1320.0,1592.0,1251.8499755859375,3512.0,23036.599609375,17833978,10886735,7186750,15971477,2845192,313700
2025-03-21,859.15966796875,1321.673583984375,1514.0118408203125,1265.4217529296875,3393.699462890625,23350.400390625,885.1749877929688,1343.0999755859375,1592.550048828125,1276.3499755859375,3578.10009765625,23350.400390625,887.0499877929688,1349.0,1603.9000244140625,1281.0,3616.25,23402.69921875,877.7750244140625,1311.5999755859375,1563.6500244140625,1270.0999755859375,3465.0,23132.80078125,877.7750244140625,1316.0,1577.949951171875,1275.0,3475.0,23168.25,33508264,60494318,10074677,21780769,4161925,541000
2025-03-24,873.5489501953125,1336.4835205078125,1514.2021484375,1290.9512939453125,3441.928466796875,23658.349609375,900.0,1358.1500244140625,1592.75,1302.0999755859375,3628.949951171875,23658.349609375,902.2000122070312,1373.0,1607.0999755859375,1306.0,3649.75,23708.75,886.8250122070312,1345.050048828125,1572.699951171875,1284.25,3566.60009765625,23433.5,889.5,1355.949951171875,1597.949951171875,1291.0,3600.0,23515.400390625,17393736,9352280,8857726,20299319,1834751,311900
2025-03-25,883.958740234375,1322.263916015625,1548.1414794921875,1274.4439697265625,3469.24462890625,23668.650390625,910.7249755859375,1343.699951171875,1628.449951171875,1285.449951171875,3657.75,23668.650390625,921.8499755859375,1363.800048828125,1636.1500244140625,1307.699951171875,3710.0,23869.599609375,900.75,1330.050048828125,1605.0,1282.5999755859375,3638.0,23601.400390625,902.4500122070312,1359.0,1605.0,1307.699951171875,3645.0,23751.5,39101416,16419207,9890140,13713899,3135390,338200
2025-03-26,876.7277221679688,1314.58837890625,1520.571533203125,1262.150146484375,3448.426025390625,23486.849609375,903.2750244140625,1335.9000244140625,1599.449951171875,1273.050048828125,3635.800048828125,23486.849609375,913.75,1358.0,1637.75,1293.800048828125,3680.5,23736.5,901.0,1331.5,1595.0,1268.75,3625.85009765625,23451.69921875,912.5,1344.050048828125,1626.0,1291.0,3647.75,23700.94921875,24478442,10859639,6651302,12074747,1734499,278600
2025-03-27,885.8514404296875,1315.326416015625,1524.469482421875,1267.2559814453125,3463.0322265625,23591.94921875,912.6749877929688,1336.6500244140625,1603.550048828125,1278.199951171875,3651.199951171875,23591.94921875,920.5,1351.5,1619.949951171875,1285.0,3663.0,23646.44921875,899.0499877929688,1333.1500244140625,1586.0,1271.300048828125,3610.5,23412.19921875,900.0,1333.1500244140625,1595.550048828125,1278.1500244140625,3614.85009765625,23433.94921875,41658100,15109614,9426573,15028056,2528474,510300
2025-03-28,887.2344970703125,1326.8397216796875,1493.19189453125,1264.1824951171875,3420.303955078125,23519.349609375,914.0999755859375,1348.3499755859375,1570.6500244140625,1275.0999755859375,3606.14990234375,23519.349609375,918.0,1357.949951171875,1598.449951171875,1295.75,3660.949951171875,23649.19921875,902.9249877929688,1327.199951171875,1560.0,1269.0,3591.89990234375,23450.19921875,914.5,1336.0,1590.0,1280.0,3651.0,23600.400390625,28773648,8266544,6799047,18147129,2051919,295400
2025-04-01,857.9463500976562,1297.416748046875,1451.21923828125,1241.8751220703125,3367.806640625,23165.69921875,883.9249877929688,1318.449951171875,1526.5,1252.5999755859375,3550.800048828125,23165.69921875,904.9500122070312,1352.3499755859375,1547.4000244140625,1277.9000244140625,3584.0,23565.150390625,882.6749877929688,1315.4000244140625,1517.8499755859375,1249.300048828125,3525.0,23136.400390625,901.0,1340.0,1539.25,1264.5999755859375,3572.699951171875,23341.099609375,28511006,14288024,12680733,12099648,2618493,314300
2025-04-02,872.0444946289062,1310.0125732421875,1473.703125,1240.437744140625,3361.3095703125,23332.349609375,898.4500122070312,1331.25,1550.1500244140625,1251.1500244140625,3543.949951171875,23332.349609375,899.5999755859375,1337.949951171875,1555.6500244140625,1255.550048828125,3564.10009765625,23350.0,885.3499755859375,1322.1500244140625,1535.199951171875,1243.9000244140625,3530.050048828125,23158.44921875,885.3499755859375,1322.1500244140625,1535.199951171875,1247.550048828125,3544.0,23192.599609375,11573564,8042214,6193478,10142590,1764313,341000
2025-04-03,871.0496826171875,1308.3397216796875,1422.69873046875,1238.0086669921875,3227.765380859375,23250.099609375,897.4249877929688,1329.550048828125,1496.5,1248.699951171875,3403.14990234375,23250.099609375,902.0,1333.0,1534.6500244140625,1251.800048828125,3502.0,23306.5,888.5,1321.25,1485.050048828125,1233.050048828125,3396.14990234375,23145.80078125,890.5499877929688,1321.949951171875,1534.6500244140625,1233.050048828125,3491.0,23150.30078125,11250038,4591008,10459504,7434366,4537821,283200
2025-04-04,881.9447631835938,1313.998046875,1380.060546875,1194.38525390625,3129.362548828125,22904.44921875,908.6500244140625,1335.300048828125,1451.6500244140625,1204.699951171875,3299.39990234375,22904.44921875,920.9749755859375,1338.550048828125,1472.0,1245.449951171875,3399.64990234375,23214.69921875,905.5499877929688,1322.0999755859375,1448.0,1193.1500244140625,3295.5,22857.44921875,906.5,1329.550048828125,1460.5,1241.0999755859375,3362.60009765625,23190.400390625,33540454,8648542,9590254,17908652,5317367,466800
2025-04-07,853.0205078125,1267.009765625,1327.8680419921875,1155.7191162109375,3105.319091796875,22161.599609375,878.8499755859375,1287.550048828125,1396.75,1165.699951171875,3274.050048828125,22161.599609375,889.9249877929688,1325.0,1405.9000244140625,1171.25,3291.39990234375,22254.0,869.0999755859375,1265.0,1307.0,1114.8499755859375,3056.050048828125,21743.650390625,881.4000244140625,1295.25,1352.0,1132.199951171875,3100.0,21758.400390625,37995450,19185012,21715252,22156106,6623955,647100
2025-04-08,858.5773315429688,1279.1627197265625,1358.3375244140625,1172.0780029296875,3123.244873046875,22535.849609375,884.5750122070312,1299.9000244140625,1428.800048828125,1182.199951171875,3292.949951171875,22535.849609375,891.0,1310.050048828125,1456.5,1196.5999755859375,3349.0,22697.19921875,875.1500244140625,1287.3499755859375,1415.0,1163.300048828125,3255.300048828125,22270.849609375,882.5,1299.8499755859375,1431.0,1172.0,3302.050048828125,22446.75,35563872,13085762,12805001,19555040,5557558,468300
2025-04-09,856.5632934570312,1280.04833984375,1334.4752197265625,1175.2010498046875,3079.28369140625,22399.150390625,882.5,1300.800048828125,1403.699951171875,1185.3499755859375,3246.60009765625,22399.150390625,887.5,1305.0999755859375,1409.449951171875,1189.800048828125,3270.0,22468.69921875,876.75,1284.5,1381.9000244140625,1168.0,3212.050048828125,22353.25,882.5,1304.949951171875,1405.050048828125,1169.5,3260.550048828125,22460.30078125,22454608,13005622,8546854,10223104,2990265,383800
2025-04-11,876.8247680664062,1290.7252197265625,1339.941650390625,1208.5133056640625,3064.96142578125,22828.55078125,903.375,1311.6500244140625,1409.449951171875,1218.949951171875,3231.5,22828.55078125,909.7000122070312,1325.0,1438.800048828125,1222.6500244140625,3298.949951171875,22923.900390625,887.375,1305.0999755859375,1397.050048828125,1195.1500244140625,3206.0,22695.400390625,887.375,1305.0999755859375,1411.25,1195.1500244140625,3289.550048828125,22695.400390625,32775766,13064247,12567440,11224242,7108961,402200
2025-04-15,905.0452270507812,1328.66015625,1355.675537109375,1229.4822998046875,3080.80126953125,23328.55078125,932.4500122070312,1350.199951171875,1426.0,1240.0999755859375,3248.199951171875,23328.55078125,938.4000244140625,1354.300048828125,1447.699951171875,1251.0,3314.39990234375,23368.349609375,927.5,1336.199951171875,1409.0,1237.0999755859375,3238.60009765625,23207.0,932.5,1351.0,1445.5999755859375,1251.0,3314.39990234375,23368.349609375,49298344,15202603,10178530,13378535,3512160,388300
2025-04-16,911.4027099609375,1334.7613525390625,1343.41162109375,1228.689208984375,3105.081787109375,23437.19921875,939.0,1356.4000244140625,1413.0999755859375,1239.300048828125,3273.800048828125,23437.19921875,941.9000244140625,1359.699951171875,1427.5,1240.9000244140625,3278.10009765625,23452.19921875,930.25,1342.9000244140625,1396.800048828125,1229.0,3229.0,23273.05078125,941.9000244140625,1357.0,1425.0,1234.0999755859375,3248.199951171875,23344.099609375,19136820,14039073,12022740,8248464,2384391,348400
2025-04-17,925.3309326171875,1384.2587890625,1349.49609375,1263.5877685546875,3128.88818359375,23851.650390625,953.3499755859375,1406.699951171875,1419.5,1274.5,3298.89990234375,23851.650390625,959.8499755859375,1408.9000244140625,1429.800048828125,1280.199951171875,3303.60009765625,23872.349609375,938.3499755859375,1360.0999755859375,1378.300048828125,1227.5999755859375,3218.0,23298.55078125,941.0,1362.0,1398.0,1240.199951171875,3245.5,23401.849609375,35703084,17490424,14264227,15398401,2932346,505300
2025-04-21,935.2311401367188,1387.3095703125,1379.442626953125,1284.4078369140625,3150.41845703125,24125.55078125,963.5499877929688,1409.800048828125,1451.0,1295.5,3321.60009765625,24125.55078125,975.3499755859375,1436.0,1471.800048828125,1300.9000244140625,3354.0,24189.55078125,955.0,1404.699951171875,1410.0,1267.0,3284.10009765625,23903.650390625,962.0,1436.0,1410.0,1270.0,3290.10009765625,23949.150390625,34247298,16882426,15648970,10429964,2432946,406100
2025-04-22,952.0227661132812,1393.902587890625,1352.6334228515625,1280.144775390625,3143.58935546875,24167.25,980.8499755859375,1416.5,1422.800048828125,1291.199951171875,3314.39990234375,24167.25,985.2999877929688,1418.800048828125,1440.0,1303.9000244140625,3333.89990234375,24242.599609375,967.5,1398.9000244140625,1419.300048828125,1286.300048828125,3295.0,24072.0,967.5,1412.800048828125,1440.0,1300.0,3322.60009765625,24185.400390625,45961750,16135274,9399738,13051707,2710498,440900
2025-04-23,933.67822265625,1401.676513671875,1402.1639404296875,1288.869384765625,3237.10791015625,24328.94921875,961.9500122070312,1424.4000244140625,1474.9000244140625,1300.0,3413.0,24328.94921875,989.4500122070312,1429.9000244140625,1487.800048828125,1306.0,3420.89990234375,24359.30078125,960.25,1411.300048828125,1439.5999755859375,1285.4000244140625,3337.300048828125,24119.94921875,989.4500122070312,1429.0,1446.0,1297.0,3365.0,24357.599609375,30570642,13990764,11136642,10480888,3543923,415000
2025-04-24,930.2325439453125,1380.3226318359375,1398.836669921875,1290.4556884765625,3226.295654296875,24246.69921875,958.4000244140625,1402.699951171875,1471.4000244140625,1301.5999755859375,3401.60009765625,24246.69921875,961.9500122070312,1421.199951171875,1482.9000244140625,1304.5,3412.5,24347.849609375,952.5499877929688,1398.800048828125,1461.5,1290.300048828125,3387.699951171875,24216.150390625,955.0,1416.300048828125,1469.9000244140625,1292.4000244140625,3401.10009765625,24277.900390625,25931754,15678099,7114292,10468940,2252175,358800
2025-04-25,927.5148315429688,1382.38916015625,1407.20263671875,1289.2659912109375,3270.30419921875,24039.349609375,955.5999755859375,1404.800048828125,1480.199951171875,1300.4000244140625,3448.0,24039.349609375,966.5,1414.800048828125,1501.699951171875,1325.199951171875,3477.800048828125,24365.44921875,945.9000244140625,1388.4000244140625,1463.5,1288.0999755859375,3405.0,23847.849609375,962.4000244140625,1410.0,1475.5,1303.5,3420.0,24289.0,18500878,11705093,8329979,14431012,2742991,387700
2025-04-28,931.882568359375,1406.00634765625,1409.0087890625,1357.0804443359375,3266.0361328125,24328.5,960.0999755859375,1428.800048828125,1482.0999755859375,1368.800048828125,3443.5,24328.5,964.8499755859375,1435.0,1489.5999755859375,1374.5999755859375,3457.800048828125,24355.099609375,954.2000122070312,1403.800048828125,1465.300048828125,1320.199951171875,3405.0,24054.05078125,955.5999755859375,1405.5999755859375,1480.199951171875,1340.0,3435.0,24070.25,13920492,10948561,5886253,31104496,1593296,320500
2025-04-29,926.35009765625,1406.9903564453125,1423.6494140625,1387.7156982421875,3293.541748046875,24335.94921875,954.4000244140625,1429.800048828125,1497.5,1399.699951171875,3472.5,24335.94921875,964.4000244140625,1438.300048828125,1509.800048828125,1410.9000244140625,3495.0,24457.650390625,950.0999755859375,1422.5999755859375,1474.0999755859375,1370.0,3430.39990234375,24290.75,959.4000244140625,1428.800048828125,1482.0,1371.0,3455.0,24370.69921875,18918308,10786910,8056743,32538970,1578332,357600
2025-04-30,934.2120361328125,1404.235107421875,1426.1212158203125,1392.9703369140625,3275.71044921875,24334.19921875,962.5,1427.0,1500.0999755859375,1405.0,3453.699951171875,24334.19921875,968.4500122070312,1433.699951171875,1508.800048828125,1412.4000244140625,3509.89990234375,24396.150390625,955.1500244140625,1400.0,1482.5999755859375,1369.0,3366.0,24198.75,956.5,1433.0,1496.800048828125,1402.0,3472.0,24342.05078125,31936870,14192027,7704183,25480745,2809332,424500
2025-05-02,932.7075805664062,1407.2855224609375,1432.5859375,1407.6436767578125,3254.180419921875,24346.69921875,960.9500122070312,1430.0999755859375,1506.9000244140625,1419.800048828125,3431.0,24346.69921875,970.9500122070312,1446.5999755859375,1523.199951171875,1426.699951171875,3491.5,24589.150390625,960.0,1424.5999755859375,1496.199951171875,1409.0999755859375,3420.0,24238.5,964.9000244140625,1426.9000244140625,1499.699951171875,1414.0,3472.0,24311.900390625,17840404,8842434,7402310,13007841,1721761,421100
2025-05-05,939.9386596679688,1406.5968017578125,1434.2020263671875,1419.0452880859375,3276.27978515625,24461.150390625,968.4000244140625,1429.4000244140625,1508.5999755859375,1431.300048828125,3454.300048828125,24461.150390625,976.0,1446.800048828125,1523.0,1439.5,3504.5,24526.400390625,966.1500244140625,1426.0,1502.800048828125,1426.9000244140625,3446.39990234375,24400.650390625,969.5,1440.0,1515.0,1431.0,3450.0,24419.5,15068024,4565705,4282493,12685649,1284443,291500
2025-05-06,937.4635620117188,1408.7615966796875,1436.958984375,1408.7342529296875,3281.685791015625,24379.599609375,965.8499755859375,1431.5999755859375,1511.5,1420.9000244140625,3460.0,24379.599609375,970.0499877929688,1433.699951171875,1515.5999755859375,1432.0,3473.0,24509.650390625,962.1500244140625,1420.4000244140625,1499.0999755859375,1410.5999755859375,3437.0,24331.80078125,965.0,1429.0,1506.0,1431.0,3460.0,24500.75,17490156,6301690,4270530,14084117,1324763,302400
2025-05-07,944.2093505859375,1412.5010986328125,1433.916748046875,1393.9617919921875,3267.5537109375,24414.400390625,972.7999877929688,1435.4000244140625,1508.300048828125,1406.0,3445.10009765625,24414.400390625,974.3499755859375,1442.0,1518.800048828125,1424.4000244140625,3459.5,24449.599609375,961.2000122070312,1421.0,1496.5999755859375,1402.699951171875,3420.60009765625,24220.0,967.0,1425.0,1500.0,1420.9000244140625,3420.60009765625,24233.30078125,21420778,10480453,5691799,13440169,1477128,330100
2025-05-08,935.91064453125,1412.5994873046875,1436.864013671875,1394.9532470703125,3271.15771484375,24273.80078125,964.25,1435.5,1511.4000244140625,1407.0,3448.89990234375,24273.80078125,977.4000244140625,1448.9000244140625,1516.5,1420.800048828125,3477.0,24447.25,959.5499877929688,1426.0999755859375,1501.199951171875,1398.0,3428.699951171875,24150.19921875,977.4000244140625,1438.5999755859375,1508.0,1404.0999755859375,3448.0,24431.5,34803430,15306490,8424409,16106175,2543591,411400
2025-05-09,917.0807495117188,1366.742919921875,1433.2513427734375,1365.4083251953125,3263.0009765625,24008.0,944.8499755859375,1388.9000244140625,1507.5999755859375,1377.199951171875,3440.300048828125,24008.0,959.5,1419.9000244140625,1511.4000244140625,1394.800048828125,3446.199951171875,24164.25,943.4000244140625,1387.0,1494.0999755859375,1374.5,3398.10009765625,23935.75,955.0499877929688,1415.199951171875,1500.699951171875,1385.5,3399.0,23935.75,17188796,13491197,4478653,13668904,2531757,335600
2025-05-12,949.8388671875,1425.39208984375,1546.6678466796875,1424.2005615234375,3433.8193359375,24924.69921875,978.5999755859375,1448.5,1626.9000244140625,1436.5,3620.39990234375,24924.69921875,979.9500122070312,1453.0,1632.0,1439.0,3630.5,24944.80078125,956.1500244140625,1404.0,1532.0,1400.0,3502.199951171875,24378.849609375,958.7999877929688,1409.4000244140625,1537.0,1400.0,3505.0,24420.099609375,18618972,9925445,11372857,10674081,2228678,368700
2025-05-13,933.0473022460938,1407.777587890625,1491.2430419921875,1403.57861328125,3333.8515625,24578.349609375,961.2999877929688,1430.5999755859375,1568.5999755859375,1415.699951171875,3515.0,24578.349609375,980.8499755859375,1447.9000244140625,1612.199951171875,1447.699951171875,3623.0,24973.80078125,960.0,1427.4000244140625,1564.5999755859375,1412.4000244140625,3510.5,24547.5,975.0,1440.0999755859375,1609.0,1433.5,3620.39990234375,24864.05078125,24242102,12475424,12846210,11407896,3062887,423000
2025-05-14,927.2236938476562,1403.44775390625,1513.8692626953125,1412.204345703125,3365.814208984375,24666.900390625,955.2999877929688,1426.199951171875,1592.4000244140625,1424.4000244140625,3548.699951171875,24666.900390625,965.0999755859375,1440.699951171875,1595.0,1429.9000244140625,3561.0,24767.55078125,951.5,1417.300048828125,1569.5,1415.5,3508.60009765625,24535.55078125,961.0499877929688,1429.9000244140625,1574.0,1420.0,3521.0,24613.80078125,15445308,8026837,4870057,5570160,2119499,345500
2025-05-15,938.4827270507812,1427.6553955078125,1533.4534912109375,1441.7491455078125,3395.40673828125,25062.099609375,966.9000244140625,1450.800048828125,1613.0,1454.199951171875,3579.89990234375,25062.099609375,972.4000244140625,1456.5,1618.5999755859375,1461.4000244140625,3600.0,25116.25,948.5,1415.5,1571.0,1412.699951171875,3514.10009765625,24494.44921875,956.75,1425.9000244140625,1589.800048828125,1425.0,3564.0,24694.44921875,32241458,18209264,11151167,20177211,3548330,500800
2025-05-16,938.9194946289062,1430.8043212890625,1511.49267578125,1443.9302978515625,3377.76513671875,25019.80078125,967.3499755859375,1454.0,1589.9000244140625,1456.4000244140625,3561.300048828125,25019.80078125,971.9000244140625,1458.699951171875,1612.5999755859375,1461.0,3593.89990234375,25070.0,964.2000122070312,1447.0,1581.5,1447.300048828125,3546.10009765625,24953.05078125,966.9000244140625,1453.300048828125,1612.5999755859375,1453.199951171875,3593.89990234375,25064.650390625,15868010,6439208,4576751,9036695,1666727,432700
2025-05-19,940.8607177734375,1425.8841552734375,1482.8770751953125,1428.4638671875,3337.455810546875,24945.44921875,969.3499755859375,1449.0,1559.800048828125,1440.800048828125,3518.800048828125,24945.44921875,972.5,1459.699951171875,1585.0,1454.5999755859375,3550.0,25062.94921875,965.5,1443.800048828125,1555.699951171875,1438.199951171875,3503.699951171875,24916.650390625,968.5,1446.5,1576.5,1452.0999755859375,3550.0,25005.349609375,10202964,6005334,8855798,6195791,2537377,255300
2025-05-20,929.3104858398438,1415.25634765625,1483.637451171875,1412.4024658203125,3318.01220703125,24683.900390625,957.4500122070312,1438.199951171875,1560.5999755859375,1424.5999755859375,3498.300048828125,24683.900390625,967.2999877929688,1459.0,1583.5,1445.0,3558.0,25010.349609375,956.5,1435.5,1558.0,1421.800048828125,3494.0,24669.69921875,964.0499877929688,1450.199951171875,1570.0,1438.199951171875,3531.800048828125,24996.19921875,23879090,11352383,7143998,11270560,2038374,414800
2025-05-21,935.0856323242188,1421.6527099609375,1491.1480712890625,1416.9630126953125,3344.0947265625,24813.44921875,963.4000244140625,1444.699951171875,1568.5,1429.199951171875,3525.800048828125,24813.44921875,973.4500122070312,1451.300048828125,1571.0,1436.199951171875,3537.0,24946.19921875,960.5499877929688,1438.5,1552.0999755859375,1418.0999755859375,3498.300048828125,24685.349609375,963.5,1442.9000244140625,1567.9000244140625,1423.9000244140625,3508.0,24744.25,15132040,5510460,4157309,6136364,1440153,332700
2025-05-22,931.7369995117188,1419.0941162109375,1471.18359375,1397.332763671875,3297.809814453125,24609.69921875,959.9500122070312,1442.0999755859375,1547.5,1409.4000244140625,3477.0,24609.69921875,962.0999755859375,1445.300048828125,1560.800048828125,1423.800048828125,3497.800048828125,24737.5,952.5999755859375,1427.800048828125,1540.0,1396.9000244140625,3451.300048828125,24462.400390625,957.5999755859375,1441.0999755859375,1555.5,1421.199951171875,3495.0,24733.94921875,21306670,7245933,6158990,12134466,2034383,403300
2025-05-23,938.3856811523438,1426.67138671875,1487.6304931640625,1414.5838623046875,3333.471923828125,24853.150390625,966.7999877929688,1449.800048828125,1564.800048828125,1426.800048828125,3514.60009765625,24853.150390625,968.5,1451.800048828125,1587.199951171875,1433.800048828125,3535.0,24909.05078125,957.25,1434.4000244140625,1550.0,1406.5999755859375,3465.60009765625,24614.05078125,960.0499877929688,1442.199951171875,1550.0,1406.5999755859375,3477.0,24639.5,9566072,5203706,5038421,6474883,1274331,270500
2025-05-26,941.5886840820312,1437.2989501953125,1502.55615234375,1422.5152587890625,3355.00244140625,25001.150390625,970.0999755859375,1460.5999755859375,1580.5,1434.800048828125,3537.300048828125,25001.150390625,974.9500122070312,1471.5999755859375,1583.800048828125,1441.0,3545.0,25079.19921875,963.4500122070312,1455.0,1562.699951171875,1425.0999755859375,3510.10009765625,24900.5,967.5,1458.0,1566.5999755859375,1432.0,3521.0,24919.349609375,10802860,5608725,3170102,4842944,967470,302800
2025-05-27,934.8429565429688,1423.3255615234375,1492.6690673828125,1409.9239501953125,3318.391357421875,24826.19921875,963.1500244140625,1446.4000244140625,1570.0999755859375,1422.0999755859375,3498.699951171875,24826.19921875,974.0,1463.0,1582.9000244140625,1437.0,3540.0,25062.900390625,958.1500244140625,1435.699951171875,1556.4000244140625,1413.9000244140625,3483.10009765625,24704.099609375,965.7999877929688,1452.5,1579.9000244140625,1426.0999755859375,3532.0,24956.650390625,26162148,14842959,7775714,12640414,2467680,525700
2025-05-28,933.4840698242188,1430.6075439453125,1494.2852783203125,1400.8028564453125,3317.44287109375,24752.44921875,961.75,1453.800048828125,1571.800048828125,1412.9000244140625,3497.699951171875,24752.44921875,967.25,1458.0,1587.699951171875,1422.5999755859375,3529.0,24864.25,958.8499755859375,1442.5,1570.0,1410.699951171875,3493.0,24737.05078125,960.0999755859375,1447.5999755859375,1581.0,1420.0999755859375,3520.0,24832.5,18157594,8618343,3623370,5944611,1222933,684400
2025-05-29,935.42529296875,1433.264404296875,1507.4046630859375,1405.660888671875,3317.822509765625,24833.599609375,963.75,1456.5,1585.5999755859375,1417.800048828125,3498.10009765625,24833.599609375,970.4000244140625,1462.9000244140625,1608.9000244140625,1420.0,3532.5,24892.599609375,953.6500244140625,1445.0,1576.5999755859375,1408.5999755859375,3486.5,24677.30078125,964.0,1456.5999755859375,1589.0,1412.0999755859375,3504.699951171875,24825.099609375,28917794,15545514,8609500,13771917,3188072,345400
2025-05-30,943.86962890625,1422.7352294921875,1506.5369873046875,1408.7342529296875,3284.91064453125,24750.69921875,972.4500122070312,1445.800048828125,1562.699951171875,1420.9000244140625,3463.39990234375,24750.69921875,974.4000244140625,1460.9000244140625,1572.0,1430.5999755859375,3506.699951171875,24863.94921875,962.7000122070312,1444.300048828125,1555.0999755859375,1409.699951171875,3453.10009765625,24717.400390625,965.9500122070312,1459.9000244140625,1571.0,1418.0,3490.0,24812.599609375,28748078,11803975,13148092,13788484,3404365,853900
2025-06-02,937.65771484375,1427.3602294921875,1497.9569091796875,1401.5958251953125,3272.01123046875,24716.599609375,966.0499877929688,1450.5,1553.800048828125,1413.699951171875,3449.800048828125,24716.599609375,968.0,1460.0,1560.0,1417.5,3460.0,24754.400390625,954.0,1432.800048828125,1539.0,1395.5999755859375,3418.60009765625,24526.150390625,965.0499877929688,1442.0,1560.0,1412.0999755859375,3450.0,24669.69921875,14668822,9458990,4374509,8098668,1877585,311100
2025-06-03,934.0179443359375,1414.961181640625,1487.5450439453125,1393.466064453125,3229.7099609375,24542.5,962.2999877929688,1437.9000244140625,1543.0,1405.5,3405.199951171875,24542.5,976.0,1455.0,1567.300048828125,1426.5,3473.5,24845.099609375,960.0,1432.0,1535.5999755859375,1403.4000244140625,3400.5,24502.150390625,969.0,1454.9000244140625,1559.0,1422.300048828125,3446.0,24786.30078125,24377584,11167345,6853403,11252626,2848125,349300
2025-06-04,942.073974609375,1408.1712646484375,1495.4503173828125,1411.3118896484375,3235.164306640625,24620.19921875,970.5999755859375,1431.0,1551.199951171875,1423.5,3380.89990234375,24620.19921875,971.6500244140625,1440.0999755859375,1557.300048828125,1425.699951171875,3394.800048828125,24644.25,960.4500122070312,1426.4000244140625,1541.4000244140625,1406.0999755859375,3370.0,24530.44921875,960.5,1437.4000244140625,1543.0,1414.699951171875,3389.0,24560.44921875,12961542,8025388,4548307,8126827,2544807,280900
2025-06-05,946.1505126953125,1431.591552734375,1498.43896484375,1430.0501708984375,3225.786865234375,24750.900390625,974.7999877929688,1454.800048828125,1554.300048828125,1442.4000244140625,3371.10009765625,24750.900390625,979.4500122070312,1459.0,1567.699951171875,1454.699951171875,3409.0,24899.849609375,970.0999755859375,1427.300048828125,1541.5999755859375,1423.5999755859375,3363.699951171875,24613.099609375,974.0,1430.9000244140625,1547.9000244140625,1428.0,3409.0,24691.19921875,22255418,11385668,6948539,13716817,3584683,388400
2025-06-06,960.27294921875,1436.413330078125,1507.5975341796875,1431.140625,3238.322021484375,25003.05078125,989.3499755859375,1459.699951171875,1563.800048828125,1443.5,3384.199951171875,25003.05078125,998.1500244140625,1461.4000244140625,1568.9000244140625,1451.5,3390.89990234375,25029.5,971.3499755859375,1442.0999755859375,1543.0999755859375,1437.0,3358.699951171875,24671.44921875,972.0,1448.5999755859375,1554.699951171875,1441.0,3371.10009765625,24748.69921875,30127008,11580994,3960020,8182161,2070390,335600
2025-06-09,960.3699951171875,1411.9107666015625,1516.3704833984375,1436.3953857421875,3274.39697265625,25103.19921875,989.4500122070312,1434.800048828125,1572.9000244140625,1448.800048828125,3421.89990234375,25103.19921875,997.5,1466.800048828125,1588.0,1457.5,3434.0,25160.099609375,987.9500122070312,1433.4000244140625,1571.0,1445.300048828125,3390.89990234375,25077.150390625,997.5,1465.0,1578.0,1457.0,3400.0,25160.099609375,13202588,11022031,2903202,7885125,1718678,279200
2025-06-10,953.7698974609375,1400.200439453125,1538.6402587890625,1426.1834716796875,3313.629638671875,25104.25,982.6500244140625,1422.9000244140625,1596.0,1438.5,3462.89990234375,25104.25,991.4000244140625,1441.699951171875,1607.5,1453.9000244140625,3485.800048828125,25199.30078125,980.5499877929688,1416.5,1577.5,1436.0,3423.199951171875,25055.44921875,991.4000244140625,1439.0,1584.0,1450.0,3440.0,25196.05078125,15533126,12905272,8591925,7913181,2419874,307300
2025-06-11,946.538818359375,1408.1712646484375,1572.4786376953125,1436.4945068359375,3322.24169921875,25141.400390625,975.2000122070312,1431.0,1631.0999755859375,1448.9000244140625,3471.89990234375,25141.400390625,983.7999877929688,1434.5,1634.5999755859375,1468.5999755859375,3489.0,25222.400390625,973.5,1418.5999755859375,1590.0999755859375,1443.0999755859375,3449.10009765625,25081.30078125,983.7999877929688,1421.800048828125,1590.0999755859375,1445.800048828125,3470.0,25134.150390625,11096394,7136877,10597410,8195700,2847013,301200
2025-06-12,943.1417236328125,1402.4637451171875,1550.7874755859375,1429.2569580078125,3286.166748046875,24888.19921875,971.7000122070312,1425.199951171875,1608.5999755859375,1441.5999755859375,3434.199951171875,24888.19921875,980.5,1436.5,1628.0,1457.0,3474.699951171875,25196.19921875,967.6500244140625,1420.0,1598.0999755859375,1434.4000244140625,3423.199951171875,24825.900390625,975.0,1430.5,1617.0,1453.5,3471.89990234375,25164.44921875,16349130,7953247,10483574,8828114,4060134,328300
2025-06-13,930.6207885742188,1393.5089111328125,1544.4246826171875,1415.67431640625,3297.1708984375,24718.599609375,958.7999877929688,1416.0999755859375,1602.0,1427.9000244140625,3445.699951171875,24718.599609375,966.5,1421.5,1609.0,1435.5,3450.5,24754.349609375,956.5,1403.5999755859375,1570.199951171875,1414.300048828125,3393.199951171875,24473.0,960.0,1403.5999755859375,1576.0,1424.0,3393.199951171875,24473.0,12117762,7573103,6968315,9757276,2178493,318700
2025-06-16,939.2592163085938,1404.13671875,1565.441162109375,1425.489501953125,3345.590087890625,24946.5,967.7000122070312,1426.9000244140625,1623.800048828125,1437.800048828125,3496.300048828125,24946.5,969.4500122070312,1429.0,1634.800048828125,1442.4000244140625,3509.0,24967.099609375,960.0499877929688,1414.199951171875,1597.0999755859375,1424.4000244140625,3426.199951171875,24703.599609375,962.0,1416.5999755859375,1600.0,1426.9000244140625,3440.0,24732.349609375,16513746,5451137,5591842,8458093,1934088,305800
2025-06-17,936.4444580078125,1400.49560546875,1580.962646484375,1418.9459228515625,3363.77099609375,24853.400390625,964.7999877929688,1423.199951171875,1639.9000244140625,1431.199951171875,3515.300048828125,24853.400390625,970.7999877929688,1429.800048828125,1647.4000244140625,1448.0,3520.0,24982.05078125,959.5499877929688,1417.800048828125,1615.5999755859375,1425.800048828125,3488.10009765625,24813.69921875,968.5,1426.9000244140625,1620.699951171875,1448.0,3510.0,24977.849609375,16978736,6970098,7622083,10366599,2111940,242400
2025-06-18,938.5313110351562,1390.064697265625,1574.214111328125,1417.85546875,3302.625244140625,24812.05078125,966.9500122070312,1412.5999755859375,1632.9000244140625,1430.0999755859375,3451.39990234375,24812.05078125,968.1500244140625,1432.0,1644.699951171875,1442.800048828125,3538.0,24947.55078125,958.5,1410.199951171875,1621.0,1425.699951171875,3443.10009765625,24750.44921875,958.5,1417.0,1621.0,1430.0,3519.10009765625,24788.349609375,18433816,6751745,5629707,6681735,2696327,237600
2025-06-19,939.210693359375,1388.78564453125,1560.2352294921875,1421.028076171875,3276.40625,24793.25,967.6500244140625,1411.300048828125,1618.4000244140625,1433.300048828125,3424.0,24793.25,973.4000244140625,1414.699951171875,1630.0,1439.9000244140625,3451.0,24863.099609375,962.7999877929688,1404.699951171875,1611.5,1425.699951171875,3413.0,24733.400390625,966.9500122070312,1408.0,1623.9000244140625,1430.0999755859375,3450.0,24803.25,16876220,8849883,5147760,10007230,2672768,274600
2025-06-20,953.4786987304688,1404.33349609375,1564.573486328125,1453.6463623046875,3287.60205078125,25112.400390625,982.3499755859375,1427.0999755859375,1622.9000244140625,1466.199951171875,3435.699951171875,25112.400390625,984.9500122070312,1433.300048828125,1630.699951171875,1471.0,3446.300048828125,25136.19921875,965.7999877929688,1410.199951171875,1608.9000244140625,1428.0999755859375,3410.89990234375,24783.650390625,965.7999877929688,1411.300048828125,1619.0,1431.0,3425.0,24787.650390625,32900408,12408178,9202821,29010635,2351248,574700
2025-06-23,945.5681762695312,1397.4451904296875,1527.071533203125,1444.326904296875,3247.31689453125,24971.900390625,974.2000122070312,1420.0999755859375,1584.0,1456.800048828125,3393.60009765625,24971.900390625,978.9500122070312,1423.199951171875,1601.0,1463.800048828125,3425.0,25057.0,970.9000244140625,1411.9000244140625,1575.4000244140625,1442.0,3370.0,24824.849609375,974.2000122070312,1417.0,1601.0,1453.0,3415.0,24939.75,11739518,5514384,7943676,5989078,3123421,248500
2025-06-24,951.634521484375,1401.38134765625,1524.7576904296875,1438.378173828125,3244.254638671875,25044.349609375,980.4500122070312,1424.0999755859375,1581.5999755859375,1450.800048828125,3390.39990234375,25044.349609375,989.5,1435.9000244140625,1609.0,1475.0,3442.10009765625,25317.69921875,977.7999877929688,1416.5,1576.5999755859375,1443.0999755859375,3382.0,24999.69921875,982.5,1427.699951171875,1601.0,1465.0,3434.60009765625,25179.900390625,22625322,11188438,8083992,16402744,3403048,450200
2025-06-25,961.0009155273438,1403.05419921875,1556.8609619140625,1454.737060546875,3296.31005859375,25244.75,990.0999755859375,1425.800048828125,1614.9000244140625,1467.300048828125,3444.800048828125,25244.75,991.0,1428.9000244140625,1619.9000244140625,1472.4000244140625,3450.0,25266.80078125,981.9500122070312,1415.300048828125,1585.0999755859375,1460.5,3400.0,25125.05078125,983.0,1422.0,1590.0,1464.0,3407.300048828125,25150.349609375,18405932,7527388,7813533,7525851,1757699,260600
2025-06-26,981.1896362304688,1416.1419677734375,1557.9215087890625,1482.4971923828125,3293.43896484375,25549.0,1010.9000244140625,1439.0999755859375,1616.0,1495.300048828125,3441.800048828125,25549.0,1013.5499877929688,1447.5,1624.0,1498.800048828125,3451.39990234375,25565.30078125,990.0,1421.699951171875,1606.5999755859375,1465.0999755859375,3415.300048828125,25259.900390625,990.7000122070312,1424.800048828125,1608.800048828125,1469.0999755859375,3444.800048828125,25268.94921875,50084830,13617435,6519233,14657893,2879106,428900
2025-06-27,988.5983276367188,1438.8734130859375,1550.208984375,1502.425048828125,3292.76953125,25637.80078125,1007.4500122070312,1462.199951171875,1608.0,1515.4000244140625,3441.10009765625,25637.80078125,1009.9000244140625,1466.0,1629.5999755859375,1522.0,3466.39990234375,25654.19921875,996.7000122070312,1437.0999755859375,1602.4000244140625,1496.9000244140625,3431.0,25523.55078125,1006.5,1438.9000244140625,1619.0,1499.4000244140625,3455.0,25576.650390625,28213384,22532899,8912268,11117052,1778433,564000
2025-06-30,982.023681640625,1422.7352294921875,1544.2318115234375,1487.7518310546875,3312.768310546875,25517.05078125,1000.75,1445.800048828125,1601.800048828125,1500.5999755859375,3462.0,25517.05078125,1006.9000244140625,1461.9000244140625,1615.0,1524.800048828125,3464.89990234375,25669.349609375,997.75,1442.300048828125,1594.0999755859375,1496.0,3430.0,25473.30078125,1005.75,1461.800048828125,1615.0,1513.800048828125,3439.89990234375,25661.650390625,13649020,6325073,6294505,8409527,1468351,271000
2025-07-01,987.2244873046875,1409.1552734375,1549.0521240234375,1515.3138427734375,3281.8603515625,25541.80078125,1006.0499877929688,1432.0,1606.800048828125,1528.4000244140625,3429.699951171875,25541.80078125,1008.0,1447.5999755859375,1617.699951171875,1531.4000244140625,3485.0,25593.400390625,1002.0,1429.5999755859375,1600.5,1500.0999755859375,3413.5,25501.80078125,1002.5,1445.699951171875,1609.0,1500.5999755859375,3455.0,25551.349609375,14389386,7761449,4178937,10368523,2375183,260700
2025-07-02,974.418701171875,1405.0223388671875,1552.619140625,1505.796142578125,3275.736572265625,25453.400390625,993.0,1427.800048828125,1610.5,1518.800048828125,3423.300048828125,25453.400390625,1009.9500122070312,1451.0,1649.0,1530.0,3489.89990234375,25608.099609375,988.9500122070312,1422.5999755859375,1603.4000244140625,1508.699951171875,3420.0,25378.75,1009.9500122070312,1432.199951171875,1618.0,1528.4000244140625,3487.199951171875,25588.30078125,18878250,13372280,8653641,6361002,3090585,309800
2025-07-03,974.9583740234375,1403.152587890625,1560.5244140625,1504.8045654296875,3254.206298828125,25405.30078125,993.5499877929688,1425.9000244140625,1618.699951171875,1517.800048828125,3400.800048828125,25405.30078125,1004.0,1446.0999755859375,1632.4000244140625,1531.9000244140625,3435.300048828125,25587.5,992.1500244140625,1423.699951171875,1615.0,1513.0,3397.60009765625,25384.349609375,997.4500122070312,1432.0999755859375,1618.5,1520.800048828125,3430.0,25505.099609375,16860506,10177738,5259695,11283291,2531870,293400
2025-07-04,976.037841796875,1419.7830810546875,1581.7337646484375,1514.223388671875,3272.387451171875,25461.0,994.6500244140625,1442.800048828125,1640.699951171875,1527.300048828125,3419.800048828125,25461.0,1001.75,1444.4000244140625,1643.4000244140625,1530.0,3427.0,25470.25,990.0,1421.0999755859375,1612.300048828125,1517.199951171875,3390.10009765625,25331.650390625,993.5499877929688,1427.0,1625.0,1524.0,3408.0,25428.849609375,7863944,5066503,4411273,6603501,1109320,193500
2025-07-07,975.1055908203125,1412.796142578125,1568.526123046875,1528.3016357421875,3264.636474609375,25461.30078125,993.7000122070312,1435.699951171875,1627.0,1541.5,3411.699951171875,25461.30078125,999.2000122070312,1440.9000244140625,1644.0,1544.800048828125,3426.10009765625,25489.80078125,991.9000244140625,1429.5999755859375,1623.0,1525.0,3408.39990234375,25407.25,994.5,1437.0,1640.0,1526.5999755859375,3418.300048828125,25450.44921875,11349426,5177477,3294523,7251074,1639174,196100
2025-07-08,981.974609375,1418.9957275390625,1579.8056640625,1524.43505859375,3259.373779296875,25522.5,1000.7000122070312,1442.0,1638.699951171875,1537.5999755859375,3406.199951171875,25522.5,1002.5,1445.0,1646.199951171875,1544.9000244140625,3425.0,25548.05078125,988.5,1430.0,1621.5,1530.199951171875,3393.39990234375,25424.150390625,988.5,1432.0,1628.0,1536.0,3405.0,25427.849609375,15224316,5315847,4590681,7171261,2325242,210400
2025-07-09,986.7828979492188,1409.0570068359375,1574.9852294921875,1505.9942626953125,3237.939453125,25476.099609375,1005.5999755859375,1431.9000244140625,1633.699951171875,1519.0,3383.800048828125,25476.099609375,1006.9000244140625,1438.699951171875,1638.0,1551.0,3414.0,25548.69921875,999.0499877929688,1426.5999755859375,1623.5999755859375,1510.0999755859375,3367.0,25424.349609375,1003.5,1436.199951171875,1637.800048828125,1536.699951171875,3410.0,25514.599609375,13861428,8827347,4580828,8870660,2034938,239100
2025-07-10,984.3296508789062,1401.38134765625,1557.7286376953125,1504.209716796875,3236.217041015625,25355.25,1003.0999755859375,1424.0999755859375,1615.800048828125,1517.199951171875,3382.0,25355.25,1008.5,1439.0,1638.9000244140625,1524.699951171875,3399.0,25524.05078125,1000.0,1422.0999755859375,1607.0999755859375,1507.5,3356.0,25340.44921875,1008.0,1436.800048828125,1638.9000244140625,1519.699951171875,3380.0,25511.650390625,17030310,7795964,5330179,10047129,3035012,219600
2025-07-11,973.2901611328125,1399.2164306640625,1537.579833984375,1482.3980712890625,3125.21728515625,25149.849609375,991.8499755859375,1421.9000244140625,1594.9000244140625,1495.199951171875,3266.0,25149.849609375,1002.4000244140625,1428.0,1607.0999755859375,1515.0,3335.0,25322.44921875,990.4500122070312,1414.5999755859375,1563.0,1490.300048828125,3261.10009765625,25129.0,999.0,1422.0,1579.0999755859375,1512.0,3299.89990234375,25255.5,12516922,7158015,11391755,7234991,7635550,250000
2025-07-14,972.94677734375,1400.2989501953125,1513.8638916015625,1470.9964599609375,3083.783447265625,25082.30078125,991.5,1423.0,1570.300048828125,1483.699951171875,3222.699951171875,25082.30078125,994.3499755859375,1424.9000244140625,1591.800048828125,1500.0,3272.0,25151.099609375,985.2999877929688,1416.0999755859375,1559.800048828125,1479.0999755859375,3200.0,25001.94921875,991.5,1424.9000244140625,1591.800048828125,1492.199951171875,3266.0,25149.5,13088850,5846154,9173426,10311846,3924009,259500
2025-07-15,979.079833984375,1407.9744873046875,1528.614013671875,1472.6820068359375,3112.107666015625,25195.80078125,997.75,1430.800048828125,1585.5999755859375,1485.4000244140625,3252.300048828125,25195.80078125,1001.7999877929688,1433.800048828125,1603.5999755859375,1496.5,3259.39990234375,25245.19921875,986.5,1419.0,1564.0,1482.4000244140625,3206.0,25088.44921875,986.5,1421.0999755859375,1565.0999755859375,1486.199951171875,3206.0,25089.5,14498168,6041457,7614807,8132454,2590889,241300
2025-07-16,979.4723510742188,1403.6446533203125,1550.112548828125,1472.8802490234375,3104.23486328125,25212.05078125,998.1500244140625,1426.4000244140625,1607.9000244140625,1485.5999755859375,3233.10009765625,25212.05078125,1011.3499755859375,1429.199951171875,1612.0,1491.0,3244.89990234375,25255.30078125,996.2999877929688,1419.0999755859375,1578.5,1471.5,3220.60009765625,25121.05078125,1009.0,1426.0,1579.0,1473.0,3227.0,25196.599609375,17994612,5649093,6223491,10409983,2540733,228800
2025-07-17,974.8602905273438,1396.0675048828125,1526.5894775390625,1463.759033203125,3081.286865234375,25111.44921875,993.4500122070312,1418.699951171875,1583.5,1476.4000244140625,3209.199951171875,25111.44921875,1002.4000244140625,1423.199951171875,1610.0,1489.5999755859375,3242.0,25238.349609375,991.3499755859375,1409.5,1580.0999755859375,1473.9000244140625,3204.10009765625,25101.0,1002.0,1421.0,1598.0,1487.4000244140625,3224.10009765625,25230.75,22529158,12927394,7374814,11854613,2947640,243400
2025-07-18,960.3862915039062,1403.05419921875,1529.0960693359375,1463.3624267578125,3062.756103515625,24968.400390625,978.7000122070312,1425.800048828125,1586.0999755859375,1476.0,3189.89990234375,24968.400390625,998.5,1429.0,1599.300048828125,1484.800048828125,3228.800048828125,25144.599609375,976.5,1408.5,1580.0,1469.0999755859375,3187.0,24918.650390625,993.4500122070312,1415.800048828125,1592.0999755859375,1484.800048828125,3225.0,25108.55078125,16129446,11297246,5161833,10296318,3432645,317000
2025-07-21,981.5330200195312,1442.4161376953125,1527.36083984375,1416.3682861328125,3032.31982421875,25090.69921875,1000.25,1465.800048828125,1584.300048828125,1428.5999755859375,3158.199951171875,25090.69921875,1001.0,1467.699951171875,1589.0,1476.0,3197.60009765625,25111.400390625,988.25,1437.0,1566.800048828125,1423.0999755859375,3152.0,24882.30078125,989.0999755859375,1448.0,1580.0,1465.0,3190.0,24999.0,22309078,13867136,3682661,22442744,3844346,305200
2025-07-22,984.771240234375,1450.0916748046875,1514.4423828125,1400.70361328125,3033.663818359375,25060.900390625,1003.5499877929688,1473.5999755859375,1570.9000244140625,1412.800048828125,3159.60009765625,25060.900390625,1009.0,1482.0,1585.800048828125,1431.9000244140625,3180.10009765625,25182.0,1001.5,1469.699951171875,1565.0,1410.699951171875,3154.60009765625,25035.55078125,1006.5499877929688,1474.0999755859375,1565.0,1427.4000244140625,3159.60009765625,25166.650390625,14836814,8930165,8473741,20396320,3198036,483700
2025-07-23,993.2103881835938,1464.852294921875,1517.9129638671875,1412.4024658203125,3052.38671875,25219.900390625,1012.1500244140625,1488.5999755859375,1574.5,1424.5999755859375,3179.10009765625,25219.900390625,1014.9000244140625,1490.0,1591.9000244140625,1426.0,3182.0,25233.5,1001.5,1472.5999755859375,1550.0,1414.4000244140625,3157.60009765625,25085.5,1005.5,1482.9000244140625,1576.300048828125,1426.0,3159.60009765625,25139.349609375,13634916,11974174,8035026,8354596,1922875,271500
2025-07-24,988.2548217773438,1459.7353515625,1496.70361328125,1390.8883056640625,3022.5263671875,25062.099609375,1007.0999755859375,1483.4000244140625,1552.5,1402.9000244140625,3148.0,25062.099609375,1018.8499755859375,1488.699951171875,1582.0,1423.0,3173.699951171875,25246.25,1004.2000122070312,1478.0999755859375,1548.199951171875,1396.0,3140.0,25018.69921875,1018.8499755859375,1487.699951171875,1580.0,1419.199951171875,3165.10009765625,25243.30078125,19107176,6700578,14169664,14740507,2934778,338700
2025-07-25,985.9922485351562,1453.5357666015625,1461.2261962890625,1379.7841796875,3010.812744140625,24837.0,1002.2999877929688,1477.0999755859375,1515.699951171875,1391.699951171875,3135.800048828125,24837.0,1007.5,1500.0,1549.5,1401.0,3156.89990234375,25010.349609375,999.5,1473.5999755859375,1511.300048828125,1384.0999755859375,3125.60009765625,24806.349609375,1007.5,1500.0,1543.4000244140625,1398.9000244140625,3140.0,25010.349609375,9306598,8696077,10851259,11854722,2568917,278100
2025-07-28,987.9105224609375,1464.6556396484375,1461.515380859375,1375.7193603515625,2956.564697265625,24680.900390625,1004.25,1488.4000244140625,1516.0,1387.5999755859375,3079.300048828125,24680.900390625,1010.7000122070312,1493.800048828125,1519.300048828125,1407.800048828125,3118.0,24889.19921875,1000.25,1477.0999755859375,1482.5,1385.0,3069.89990234375,24646.599609375,1001.5,1477.0999755859375,1513.9000244140625,1392.300048828125,3110.0,24782.44921875,12059580,7507479,6439855,7748361,3374473,262100
2025-07-29,994.3539428710938,1462.4906005859375,1459.2979736328125,1404.966796875,2934.193359375,24821.099609375,1010.7999877929688,1486.199951171875,1513.699951171875,1417.0999755859375,3056.0,24821.099609375,1013.25,1489.800048828125,1517.199951171875,1420.199951171875,3074.0,24847.150390625,998.1500244140625,1475.4000244140625,1496.0999755859375,1383.0,3041.199951171875,24598.599609375,999.9500122070312,1479.9000244140625,1512.9000244140625,1383.0,3060.0,24609.650390625,19895696,9776027,7070448,10750072,4785312,284700
2025-07-30,996.4197998046875,1458.7513427734375,1464.40771484375,1398.0267333984375,2931.888916015625,24855.05078125,1012.9000244140625,1482.4000244140625,1519.0,1410.0999755859375,3053.60009765625,24855.05078125,1016.2999877929688,1488.5,1521.699951171875,1423.300048828125,3069.0,24902.30078125,1008.5,1477.300048828125,1506.0,1401.300048828125,3047.199951171875,24771.94921875,1014.0,1487.699951171875,1519.9000244140625,1418.0999755859375,3060.0,24890.400390625,15154036,7238625,5719051,7209849,2880121,243900
2025-07-31,992.6815795898438,1457.767333984375,1454.76708984375,1378.2969970703125,2915.758544921875,24768.349609375,1009.0999755859375,1481.4000244140625,1509.0,1390.199951171875,3036.800048828125,24768.349609375,1015.7000122070312,1494.5,1527.0999755859375,1402.5999755859375,3059.800048828125,24956.5,1004.0,1464.0,1497.0,1382.199951171875,3015.0,24635.0,1007.2999877929688,1469.9000244140625,1509.699951171875,1388.0999755859375,3041.699951171875,24642.25,22183032,12406146,6851407,17065827,2968371,346300
2025-08-01,989.7304077148438,1448.12353515625,1416.782958984375,1381.76708984375,2883.305908203125,24565.349609375,1006.0999755859375,1471.5999755859375,1469.5999755859375,1393.699951171875,3003.0,24565.349609375,1014.1500244140625,1485.0999755859375,1498.699951171875,1405.9000244140625,3036.800048828125,24784.150390625,1004.6500244140625,1469.800048828125,1465.5,1384.300048828125,3000.0,24535.05078125,1007.0,1480.4000244140625,1493.9000244140625,1386.9000244140625,3029.89990234375,24734.900390625,11317258,4416771,8702978,10321171,2053847,263400
2025-08-04,979.7947387695312,1439.8575439453125,1427.291259765625,1399.4146728515625,2951.85986328125,24722.75,996.0,1463.199951171875,1480.5,1411.5,3074.39990234375,24722.75,1009.25,1478.800048828125,1482.800048828125,1416.0999755859375,3079.39990234375,24736.25,994.0499877929688,1461.300048828125,1451.0,1391.699951171875,2991.60009765625,24554.0,1005.0499877929688,1476.800048828125,1461.5,1395.0999755859375,3009.10009765625,24596.05078125,13933946,6140054,8610216,6312820,2519252,259300
2025-08-05,972.7118530273438,1421.357421875,1407.8173828125,1379.7841796875,2941.7783203125,24649.55078125,988.7999877929688,1444.4000244140625,1460.300048828125,1391.699951171875,3063.89990234375,24649.55078125,997.2000122070312,1461.5,1478.699951171875,1411.0,3077.5,24733.099609375,982.75,1441.0,1455.0,1388.0999755859375,3042.0,24590.30078125,993.25,1453.0,1478.699951171875,1411.0,3074.39990234375,24720.25,23978058,14799343,10213323,9315972,1927996,251800
2025-08-06,976.499267578125,1420.5703125,1385.0654296875,1380.8748779296875,2911.437744140625,24574.19921875,992.6500244140625,1443.5999755859375,1436.699951171875,1392.800048828125,3032.300048828125,24574.19921875,994.0,1454.0,1456.0999755859375,1395.9000244140625,3066.800048828125,24671.400390625,985.0,1441.5999755859375,1430.300048828125,1383.300048828125,3026.0,24539.19921875,985.5499877929688,1442.300048828125,1452.0,1391.9000244140625,3063.0,24641.349609375,14080204,7805252,10566934,5834312,1487081,225100
2025-08-07,981.4671020507812,1417.322998046875,1385.25830078125,1377.50390625,2925.552001953125,24596.150390625,997.7000122070312,1440.300048828125,1436.9000244140625,1389.4000244140625,3047.0,24596.150390625,1000.7999877929688,1447.9000244140625,1442.0,1393.699951171875,3051.60009765625,24634.19921875,988.4000244140625,1429.0999755859375,1414.199951171875,1366.0,3010.89990234375,24344.150390625,990.0499877929688,1441.0999755859375,1430.0,1387.699951171875,3016.0,24464.19921875,13081186,7432535,9892020,9976705,2543076,616700
2025-08-08,970.8920288085938,1412.9931640625,1371.9542236328125,1356.0888671875,2915.37451171875,24363.30078125,986.9500122070312,1435.9000244140625,1423.0999755859375,1367.800048828125,3036.39990234375,24363.30078125,996.4000244140625,1447.5999755859375,1433.199951171875,1397.199951171875,3059.800048828125,24585.5,985.0,1432.0,1417.0999755859375,1365.0,3025.0,24337.5,993.5499877929688,1445.9000244140625,1425.0,1385.0,3048.10009765625,24544.25,13895264,5415511,10048009,8793606,2762140,312600
2025-08-11,981.5654296875,1413.681884765625,1376.8709716796875,1374.331298828125,2919.59912109375,24585.05078125,997.7999877929688,1436.5999755859375,1428.199951171875,1386.199951171875,3040.800048828125,24585.05078125,998.7999877929688,1438.4000244140625,1433.4000244140625,1388.0,3049.89990234375,24600.849609375,986.5499877929688,1420.4000244140625,1414.0,1361.199951171875,3021.300048828125,24347.44921875,987.9500122070312,1427.9000244140625,1419.9000244140625,1370.0,3036.39990234375,24371.5,9105854,8492484,6625368,9997486,1884215,241100
2025-08-12,968.924560546875,1410.112060546875,1372.918212890625,1368.5810546875,2914.414306640625,24487.400390625,984.9500122070312,1422.0,1424.0999755859375,1380.4000244140625,3035.39990234375,24487.400390625,998.0,1433.800048828125,1441.0,1401.9000244140625,3096.39990234375,24702.599609375,983.75,1420.0999755859375,1421.0,1375.199951171875,3026.89990234375,24465.650390625,995.9500122070312,1431.0,1428.199951171875,1381.9000244140625,3041.0,24563.349609375,12937802,5913947,9899184,12244664,3358232,237000
2025-08-13,974.0399169921875,1408.922119140625,1375.328369140625,1370.7620849609375,2915.182373046875,24619.349609375,990.1500244140625,1420.800048828125,1426.5999755859375,1382.5999755859375,3036.199951171875,24619.349609375,997.0,1427.699951171875,1434.0,1391.800048828125,3044.39990234375,24664.55078125,984.5499877929688,1415.199951171875,1422.4000244140625,1377.5,3028.60009765625,24535.25,997.0,1424.5999755859375,1425.0,1388.0,3036.10009765625,24586.19921875,13577396,9009465,10318063,7457021,2148166,236000
2025-08-14,979.35205078125,1415.3677978515625,1395.6700439453125,1367.4774169921875,2901.83642578125,24631.30078125,995.5499877929688,1427.300048828125,1447.699951171875,1373.800048828125,3022.300048828125,24631.30078125,998.0,1431.0999755859375,1470.0,1380.699951171875,3055.89990234375,24673.650390625,985.5999755859375,1412.0,1426.199951171875,1370.0999755859375,3019.10009765625,24596.900390625,989.0,1412.0,1426.199951171875,1377.300048828125,3034.0,24607.25,17511716,7577793,12902347,7126128,3342174,270200
2025-08-18,985.5003662109375,1422.606689453125,1384.1978759765625,1375.3409423828125,2891.178955078125,24876.94921875,1001.7999877929688,1434.5999755859375,1435.800048828125,1381.699951171875,3011.199951171875,24876.94921875,1013.2999877929688,1452.4000244140625,1464.699951171875,1394.9000244140625,3049.0,25022.0,997.7999877929688,1431.0,1429.5999755859375,1377.0,3003.39990234375,24852.849609375,1005.0,1450.0,1464.699951171875,1390.0,3046.5,24938.19921875,19284796,6908844,7254561,11785109,2945609,363100
2025-08-19,979.35205078125,1424.29248046875,1388.246826171875,1413.564208984375,2895.97998046875,24980.650390625,995.5499877929688,1436.300048828125,1440.0,1420.0999755859375,3016.199951171875,24980.650390625,1003.0499877929688,1438.5,1449.4000244140625,1421.0,3025.0,25012.650390625,993.3499755859375,1426.300048828125,1432.699951171875,1389.0999755859375,3011.10009765625,24873.94921875,999.1500244140625,1431.0999755859375,1432.699951171875,1390.0,3011.199951171875,24891.349609375,12352438,6709554,3986094,14384719,2650784,252300
2025-08-20,977.9256591796875,1418.64013671875,1442.427001953125,1406.4969482421875,2975.09521484375,25050.55078125,994.0999755859375,1430.5999755859375,1496.199951171875,1413.0,3098.60009765625,25050.55078125,996.0,1435.9000244140625,1499.0,1424.9000244140625,3103.39990234375,25088.69921875,989.5,1423.0,1440.699951171875,1410.0,3010.89990234375,24929.69921875,993.5,1432.5999755859375,1440.699951171875,1413.0,3010.89990234375,24965.80078125,9950228,5817858,10413061,8725641,4952358,287100
2025-08-21,979.4012451171875,1433.911376953125,1442.619873046875,1418.24267578125,2978.93603515625,25083.75,995.5999755859375,1446.0,1496.4000244140625,1424.800048828125,3102.60009765625,25083.75,998.75,1447.800048828125,1508.0,1431.9000244140625,3130.0,25153.650390625,991.5999755859375,1436.4000244140625,1484.300048828125,1420.300048828125,3083.10009765625,25054.900390625,998.75,1440.0999755859375,1508.0,1425.0,3130.0,25142.0,12439850,6238645,6565539,11021323,3230726,226500
2025-08-22,966.317626953125,1424.3917236328125,1434.0396728515625,1402.71435546875,2932.27294921875,24870.099609375,982.2999877929688,1436.4000244140625,1487.5,1409.199951171875,3054.0,24870.099609375,998.0,1446.0,1504.300048828125,1423.4000244140625,3095.699951171875,25084.849609375,978.5499877929688,1429.4000244140625,1486.0999755859375,1407.9000244140625,3050.0,24859.150390625,994.9500122070312,1444.300048828125,1498.0999755859375,1420.0,3086.0,25064.150390625,19833502,6657207,5543397,5818868,1593791,210200
2025-08-25,966.0717163085938,1421.2183837890625,1477.0367431640625,1406.0987548828125,3015.42138671875,24967.75,982.0499877929688,1433.199951171875,1532.0999755859375,1412.5999755859375,3140.60009765625,24967.75,988.7000122070312,1435.9000244140625,1539.0,1419.5,3152.0,25021.55078125,978.5,1424.0,1506.699951171875,1405.699951171875,3077.10009765625,24894.349609375,980.0999755859375,1435.9000244140625,1506.699951171875,1414.699951171875,3087.300048828125,24949.150390625,17518044,6738427,10694531,5979407,3448370,213000
2025-08-26,957.5625,1404.7572021484375,1474.6265869140625,1378.5262451171875,3031.359375,24712.05078125,973.4000244140625,1416.5999755859375,1529.5999755859375,1384.9000244140625,3157.199951171875,24712.05078125,985.7000122070312,1427.9000244140625,1538.4000244140625,1410.0,3162.0,24919.650390625,968.0,1413.0999755859375,1518.5999755859375,1381.5999755859375,3120.0,24689.599609375,979.5,1427.9000244140625,1523.0,1408.0,3129.0,24899.5,16917731,8720155,15994798,12145259,5522097,750500
2025-08-28,942.2162475585938,1387.4034423828125,1446.1868896484375,1379.521728515625,2970.390625,24500.900390625,957.7999877929688,1399.0999755859375,1500.0999755859375,1385.9000244140625,3093.699951171875,24500.900390625,972.2000122070312,1411.800048828125,1529.5999755859375,1392.199951171875,3146.5,24702.650390625,955.0,1396.300048828125,1498.0,1366.5,3086.5,24481.599609375,967.0,1408.0,1529.5999755859375,1389.9000244140625,3145.0,24695.80078125,25438255,12990789,5443364,13161813,3116051,326600
2025-08-29,936.1171264648438,1386.1143798828125,1416.782958984375,1350.9537353515625,2961.74951171875,24426.849609375,951.5999755859375,1397.800048828125,1469.5999755859375,1357.199951171875,3084.699951171875,24426.849609375,963.2999877929688,1405.0,1501.9000244140625,1403.5,3115.0,24572.44921875,950.0999755859375,1392.0999755859375,1467.699951171875,1350.0,3077.199951171875,24404.69921875,954.0,1392.0999755859375,1501.9000244140625,1381.0999755859375,3093.0,24466.69921875,14823813,8519507,8169075,18758842,2271789,325500
2025-09-01,935.1333618164062,1399.2039794921875,1445.511962890625,1347.6689453125,2988.537353515625,24625.05078125,950.5999755859375,1411.0,1499.4000244140625,1353.9000244140625,3112.60009765625,24625.05078125,957.4500122070312,1412.4000244140625,1503.4000244140625,1363.199951171875,3131.10009765625,24635.599609375,946.3499755859375,1398.0999755859375,1476.199951171875,1340.5999755859375,3090.0,24432.69921875,949.5999755859375,1398.0999755859375,1476.699951171875,1356.0,3090.0,24432.69921875,20178344,4927348,4546057,11232238,1246862,229300
2025-09-02,929.1326904296875,1382.54443359375,1444.837158203125,1360.2109375,2987.4814453125,24579.599609375,944.5,1394.199951171875,1498.699951171875,1366.5,3111.5,24579.599609375,954.7999877929688,1413.9000244140625,1512.800048828125,1384.5,3155.0,24756.099609375,944.0,1390.0,1486.300048828125,1354.5,3103.10009765625,24522.349609375,951.0,1413.9000244140625,1499.4000244140625,1354.800048828125,3121.10009765625,24653.0,14196320,7163073,5218763,11517006,2185229,271600
2025-09-03,938.9207763671875,1385.321044921875,1425.941650390625,1366.2828369140625,2974.039306640625,24715.05078125,954.4500122070312,1397.0,1479.0999755859375,1372.5999755859375,3097.5,24715.05078125,956.2999877929688,1400.0,1501.9000244140625,1376.5,3141.89990234375,24737.05078125,940.0,1384.199951171875,1473.0,1360.5,3088.0,24533.19921875,945.0,1389.0,1500.0,1369.699951171875,3129.89990234375,24616.5,16083481,9813382,4623483,7847563,1799774,340300
2025-09-04,945.610107421875,1393.75,1410.420166015625,1353.0440673828125,2972.310791015625,24734.30078125,961.25,1405.5,1463.0,1359.300048828125,3095.699951171875,24734.30078125,965.7000122070312,1415.0999755859375,1484.0,1374.0,3118.0,24980.75,956.25,1401.9000244140625,1460.0999755859375,1357.0999755859375,3090.800048828125,24708.19921875,960.2000122070312,1409.9000244140625,1484.0,1371.800048828125,3116.0,24980.75,17597657,10564859,5787724,13223177,1481391,314100
2025-09-05,947.7251586914062,1391.0726318359375,1392.6815185546875,1368.671875,2926.80029296875,24741.0,963.4000244140625,1402.800048828125,1444.5999755859375,1375.0,3048.300048828125,24741.0,967.5,1411.5,1472.699951171875,1381.0,3103.39990234375,24832.349609375,954.0499877929688,1387.699951171875,1433.0,1359.300048828125,3028.60009765625,24621.599609375,967.5,1411.0,1470.0,1363.0,3097.10009765625,24818.849609375,11602111,6621077,5466487,5777575,2802055,210100
2025-09-08,950.2828369140625,1390.973388671875,1381.4019775390625,1372.15576171875,2898.66796875,24773.150390625,966.0,1402.699951171875,1432.9000244140625,1378.5,3019.0,24773.150390625,973.1500244140625,1410.5999755859375,1458.0,1386.0,3064.89990234375,24885.5,960.4500122070312,1397.5999755859375,1428.300048828125,1372.4000244140625,3016.0,24751.55078125,969.0,1402.199951171875,1451.0,1380.0,3050.0,24802.599609375,11711307,5880943,3811567,6986720,2626187,213200
2025-09-09,949.4467163085938,1391.9649658203125,1450.2359619140625,1369.8662109375,2927.856201171875,24868.599609375,965.1500244140625,1403.699951171875,1504.300048828125,1376.199951171875,3049.39990234375,24868.599609375,974.4000244140625,1407.5,1507.199951171875,1381.199951171875,3060.0,24891.80078125,962.7000122070312,1395.199951171875,1472.5,1368.699951171875,3030.800048828125,24814.0,974.0,1399.0,1481.0,1376.5999755859375,3032.10009765625,24864.099609375,13985539,6470679,13072640,9754452,2489301,226900
2025-09-10,950.1845092773438,1392.163330078125,1477.518798828125,1370.66259765625,2986.041015625,24973.099609375,965.9000244140625,1403.9000244140625,1532.5999755859375,1377.0,3110.0,24973.099609375,973.9000244140625,1413.699951171875,1534.9000244140625,1388.5,3122.699951171875,25035.69921875,961.7000122070312,1402.0999755859375,1509.300048828125,1374.0999755859375,3053.39990234375,24915.05078125,973.9000244140625,1410.0,1510.0999755859375,1383.9000244140625,3056.39990234375,24991.0,18091100,7452347,7281071,7790815,2079428,244100
2025-09-11,952.0535278320312,1389.882568359375,1455.4417724609375,1376.9337158203125,2999.675048828125,25005.5,967.7999877929688,1401.5999755859375,1509.699951171875,1383.300048828125,3124.199951171875,25005.5,969.25,1408.0,1527.5,1385.5,3139.0,25037.30078125,959.9000244140625,1396.0,1506.5,1375.0,3110.10009765625,24940.150390625,960.2999877929688,1398.0,1523.9000244140625,1376.0,3139.0,24945.5,15113633,10192026,8003662,9766072,2263446,224600
2025-09-12,951.5617065429688,1405.847900390625,1470.7703857421875,1388.579833984375,3008.50830078125,25114.0,967.2999877929688,1417.699951171875,1525.5999755859375,1395.0,3133.39990234375,25114.0,970.75,1419.699951171875,1542.9000244140625,1396.300048828125,3148.699951171875,25139.44921875,962.25,1400.0999755859375,1521.0999755859375,1380.5,3121.0,25038.05078125,969.9000244140625,1405.0999755859375,1537.0,1383.300048828125,3144.0,25074.44921875,14363519,7770038,12856963,7403368,1447167,225700
2025-09-15,951.3157348632812,1407.5338134765625,1454.1885986328125,1392.8599853515625,2987.865234375,25069.19921875,967.0499877929688,1419.4000244140625,1508.4000244140625,1399.300048828125,3111.89990234375,25069.19921875,972.3499755859375,1426.800048828125,1527.5,1400.800048828125,3134.0,25138.44921875,965.0,1416.300048828125,1501.199951171875,1388.5999755859375,3096.0,25048.75,969.5999755859375,1422.0,1525.5999755859375,1393.0,3134.0,25118.900390625,14486377,5845637,6167414,5396697,1732539,185400
2025-09-16,951.1190185546875,1409.71533203125,1456.9844970703125,1398.8323974609375,3020.318115234375,25239.099609375,966.8499755859375,1421.5999755859375,1511.300048828125,1405.300048828125,3145.699951171875,25239.099609375,969.3499755859375,1424.9000244140625,1514.0,1408.0,3150.0,25261.400390625,961.2000122070312,1413.699951171875,1503.5,1398.199951171875,3109.10009765625,25070.44921875,961.2000122070312,1414.0,1508.4000244140625,1404.699951171875,3128.0,25073.599609375,18661794,8213151,8923112,8686961,2573429,240100
2025-09-17,950.7747192382812,1407.33544921875,1467.685546875,1407.2933349609375,3046.338134765625,25330.25,966.5,1419.199951171875,1522.4000244140625,1413.800048828125,3172.800048828125,25330.25,974.4000244140625,1426.0999755859375,1526.699951171875,1416.199951171875,3182.39990234375,25346.5,964.3499755859375,1416.4000244140625,1514.0,1406.9000244140625,3142.39990234375,25275.349609375,965.1500244140625,1420.0999755859375,1516.9000244140625,1407.0,3152.0,25276.599609375,17361476,7484283,4795698,7519417,2418271,268900
2025-09-18,961.0055541992188,1409.814453125,1485.2313232421875,1408.4876708984375,3050.08251953125,25423.599609375,976.9000244140625,1421.699951171875,1540.5999755859375,1415.0,3176.699951171875,25423.599609375,979.6500244140625,1432.800048828125,1555.0,1422.0,3203.0,25448.94921875,969.25,1415.300048828125,1538.5,1410.699951171875,3161.39990234375,25329.75,973.2999877929688,1431.0999755859375,1550.0,1420.4000244140625,3185.0,25441.05078125,17791598,8130537,9331945,9332642,2633138,272200
2025-09-19,951.168212890625,1390.4775390625,1484.845703125,1400.9227294921875,3042.881103515625,25327.05078125,966.9000244140625,1402.199951171875,1540.199951171875,1407.4000244140625,3169.199951171875,25327.05078125,976.7000122070312,1418.0,1551.300048828125,1417.0,3180.5,25428.75,962.0999755859375,1400.199951171875,1520.0999755859375,1403.5999755859375,3144.0,25286.30078125,974.9000244140625,1416.0999755859375,1544.5999755859375,1414.9000244140625,3170.0,25410.19921875,31243267,13457344,12988129,13461373,4901694,380400
2025-09-22,948.5121459960938,1389.783447265625,1445.6083984375,1384.199951171875,2951.283935546875,25202.349609375,964.2000122070312,1401.5,1499.5,1390.5999755859375,3073.800048828125,25202.349609375,971.2000122070312,1409.9000244140625,1514.699951171875,1410.699951171875,3106.89990234375,25331.69921875,961.9500122070312,1397.199951171875,1482.0,1388.0,3065.0,25151.05078125,964.0,1403.9000244140625,1482.699951171875,1403.9000244140625,3095.0,25238.099609375,10854415,8847948,15655204,7757970,3634901,254500
2025-09-23,941.6260375976562,1382.6436767578125,1443.6802978515625,1383.40380859375,2940.338134765625,25169.5,957.2000122070312,1394.300048828125,1497.5,1389.800048828125,3062.39990234375,25169.5,968.2000122070312,1403.300048828125,1513.0,1395.0,3080.699951171875,25261.900390625,955.5,1391.0,1493.0,1376.800048828125,3052.0,25084.650390625,967.0,1391.0,1493.0,1391.0,3070.0,25209.0,21022298,12827524,9832164,14014702,3177741,299200
2025-09-24,935.5761108398438,1371.1405029296875,1440.884521484375,1376.635009765625,2914.414306640625,25056.900390625,951.0499877929688,1382.699951171875,1494.5999755859375,1383.0,3035.39990234375,25056.900390625,956.4500122070312,1390.9000244140625,1496.699951171875,1396.0,3057.0,25149.849609375,943.0,1376.5,1482.699951171875,1380.4000244140625,3033.0,25027.44921875,952.2000122070312,1386.4000244140625,1487.199951171875,1385.300048828125,3050.0,25108.75,15117220,9735678,4937004,5922759,1625714,244400
2025-09-25,934.3955688476562,1364.29833984375,1431.4368896484375,1366.0838623046875,2839.523681640625,24890.849609375,949.8499755859375,1375.800048828125,1484.800048828125,1372.4000244140625,2957.39990234375,24890.849609375,958.0,1391.5,1502.699951171875,1384.5,3029.60009765625,25092.69921875,947.4000244140625,1371.800048828125,1476.5,1369.0,2951.0,24878.30078125,952.5,1377.0,1489.0,1381.300048828125,3022.0,25034.5,31413279,21613389,9491867,11411143,4974361,342500
2025-09-26,929.6737060546875,1348.233642578125,1396.8270263671875,1371.2598876953125,2783.547119140625,24654.69921875,945.0499877929688,1359.5999755859375,1448.9000244140625,1377.5999755859375,2899.10009765625,24654.69921875,951.4500122070312,1372.699951171875,1478.699951171875,1382.699951171875,2954.800048828125,24868.599609375,941.2999877929688,1357.0,1441.199951171875,1366.0,2891.300048828125,24629.44921875,945.0999755859375,1368.0,1475.0,1372.0,2941.0,24818.55078125,14874656,18342280,8597058,9879109,3934636,291500
2025-09-29,934.8382568359375,1336.829833984375,1389.982177734375,1366.48193359375,2780.66650390625,24634.900390625,950.2999877929688,1348.0999755859375,1441.800048828125,1372.800048828125,2896.10009765625,24634.900390625,956.7999877929688,1366.5,1465.0,1389.0,2929.300048828125,24791.30078125,939.0999755859375,1346.199951171875,1436.5,1368.0,2894.0,24606.19921875,946.0499877929688,1359.5999755859375,1460.0,1381.5999755859375,2916.0,24728.55078125,32398179,20563163,10513117,14231999,3110035,394400
2025-09-30,935.5269165039062,1336.730712890625,1389.982177734375,1357.722412109375,2773.2734375,24611.099609375,951.0,1348.0,1441.800048828125,1364.0,2888.39990234375,24611.099609375,960.0,1356.5999755859375,1452.199951171875,1377.0999755859375,2915.300048828125,24731.80078125,946.2999877929688,1342.5999755859375,1438.0999755859375,1362.800048828125,2885.10009765625,24587.69921875,958.0499877929688,1353.699951171875,1443.0,1377.0999755859375,2911.0,24691.94921875,28296687,20166871,7556305,14604684,2253458,303000
2025-10-01,949.5450439453125,1360.530029296875,1393.8385009765625,1362.4007568359375,2798.045166015625,24836.30078125,965.25,1372.0,1445.800048828125,1368.699951171875,2914.199951171875,24836.30078125,969.5999755859375,1379.4000244140625,1449.5,1378.5999755859375,2924.800048828125,24867.94921875,946.0,1347.0999755859375,1427.4000244140625,1362.699951171875,2866.60009765625,24605.94921875,952.7000122070312,1348.0,1446.0,1367.0,2891.0,24620.55078125,25350832,20952632,6250692,12045916,1952902,308900
2025-10-03,949.4467163085938,1353.786865234375,1394.609619140625,1357.125244140625,2786.2353515625,24894.25,965.1500244140625,1365.199951171875,1446.5999755859375,1363.4000244140625,2901.89990234375,24894.25,966.75,1371.9000244140625,1448.300048828125,1371.5999755859375,2924.0,24904.80078125,952.0,1361.300048828125,1433.199951171875,1356.9000244140625,2891.10009765625,24747.55078125,952.0,1371.9000244140625,1439.0,1363.199951171875,2924.0,24759.55078125,26658296,12163695,6877533,12842347,2899519,365900
2025-10-06,957.6116333007812,1352.001953125,1422.9530029296875,1368.671875,2869.28759765625,25077.650390625,973.4500122070312,1363.4000244140625,1476.0,1375.0,2988.39990234375,25077.650390625,977.4000244140625,1372.5999755859375,1478.800048828125,1377.4000244140625,2993.60009765625,25095.94921875,962.0,1359.0999755859375,1442.300048828125,1359.0,2895.60009765625,24881.650390625,971.9000244140625,1371.0,1446.5999755859375,1360.0,2902.0,24916.55078125,18542683,14314283,4630590,12396580,2112774,268800
2025-10-07,966.514404296875,1364.3974609375,1406.0819091796875,1378.4267578125,2855.173583984375,25108.30078125,982.5,1375.9000244140625,1458.5,1384.800048828125,2973.699951171875,25108.30078125,989.8499755859375,1383.0999755859375,1482.9000244140625,1395.9000244140625,3004.5,25220.900390625,971.0,1363.5999755859375,1454.0,1375.9000244140625,2955.5,25076.30078125,974.0,1363.5999755859375,1477.699951171875,1376.0,2995.0,25085.30078125,25535736,16126464,5570320,11244040,3062943,288000
2025-10-08,962.7762451171875,1358.8443603515625,1441.2701416015625,1361.1068115234375,2906.541015625,25046.150390625,978.7000122070312,1370.300048828125,1495.0,1367.4000244140625,3027.199951171875,25046.150390625,985.9000244140625,1381.5999755859375,1498.0,1389.0,3043.0,25192.5,974.5499877929688,1364.300048828125,1455.0,1364.5,2968.0,25008.5,976.0,1372.300048828125,1457.0,1384.800048828125,2975.0,25079.75,15939710,8100832,4657192,8525081,4121889,227400
2025-10-09,961.2022094726562,1364.69482421875,1455.0562744140625,1371.458984375,2939.666015625,25181.80078125,977.0999755859375,1376.199951171875,1509.300048828125,1377.800048828125,3061.699951171875,25181.80078125,979.0,1378.699951171875,1514.0,1380.0,3066.0,25199.25,970.1500244140625,1365.0999755859375,1487.0,1369.0999755859375,3020.0,25024.30078125,974.5,1369.800048828125,1502.0,1374.0,3034.0,25074.30078125,15370950,7909575,7028753,8826633,3211304,286300
2025-10-10,964.9404296875,1368.7607421875,1460.4549560546875,1375.3409423828125,2907.59765625,25285.349609375,980.9000244140625,1380.300048828125,1514.9000244140625,1381.699951171875,3028.300048828125,25285.349609375,986.2000122070312,1385.0,1521.699951171875,1388.0,3070.0,25330.75,978.0999755859375,1370.300048828125,1498.800048828125,1375.0999755859375,3006.89990234375,25156.849609375,979.0,1370.300048828125,1510.0,1377.800048828125,3050.0,25167.650390625,13757080,7673816,3738353,6373084,8817365,232900
2025-10-13,961.1038818359375,1367.8681640625,1439.5347900390625,1368.671875,2887.338623046875,25227.349609375,977.0,1379.4000244140625,1493.199951171875,1375.0,3007.199951171875,25227.349609375,981.0,1386.4000244140625,1504.699951171875,1377.699951171875,3035.5,25267.30078125,972.0,1373.0999755859375,1483.4000244140625,1367.800048828125,2998.199951171875,25152.30078125,974.2999877929688,1373.0999755859375,1497.0,1376.9000244140625,3027.0,25177.30078125,18634254,8923018,5859355,7600682,2866865,234300
2025-10-14,961.25146484375,1372.52880859375,1436.353515625,1369.5677490234375,2842.307861328125,25145.5,977.1500244140625,1384.0999755859375,1489.9000244140625,1375.9000244140625,2960.300048828125,25145.5,980.4500122070312,1389.0,1514.4000244140625,1388.0,3027.199951171875,25310.349609375,967.0,1375.0999755859375,1486.5,1370.0999755859375,2955.5,25060.55078125,970.0,1389.0,1499.0,1380.0,3021.0,25277.55078125,22934382,10610855,5600789,9768174,3611416,292100
2025-10-15,962.3335571289062,1386.7093505859375,1421.4105224609375,1367.97509765625,2862.06396484375,25323.55078125,978.25,1398.4000244140625,1474.4000244140625,1374.300048828125,2969.800048828125,25323.55078125,984.9000244140625,1400.4000244140625,1488.5999755859375,1384.0,2979.699951171875,25365.150390625,973.3499755859375,1385.5,1467.5,1372.699951171875,2951.0,25159.349609375,975.0,1386.5,1483.9000244140625,1383.0,2971.0,25181.94921875,23310447,8988550,6986098,10882743,4282226,289900
2025-10-16,978.1715698242188,1405.451416015625,1418.61474609375,1391.8646240234375,2862.931396484375,25585.30078125,994.3499755859375,1417.300048828125,1471.5,1398.300048828125,2970.699951171875,25585.30078125,996.5999755859375,1418.9000244140625,1474.5,1400.5,2975.0,25625.400390625,981.5,1399.4000244140625,1460.5,1375.0,2943.10009765625,25376.849609375,982.6500244140625,1401.0,1473.9000244140625,1375.0999755859375,2969.89990234375,25394.900390625,22936566,12185032,8005748,12315932,3251495,372800
2025-10-17,986.2381591796875,1424.5899658203125,1389.3072509765625,1410.279541015625,2854.739501953125,25709.849609375,1002.5499877929688,1436.5999755859375,1441.0999755859375,1416.800048828125,2962.199951171875,25709.849609375,1009.0,1439.5999755859375,1458.4000244140625,1423.300048828125,2988.800048828125,25781.5,986.0,1410.9000244140625,1434.0,1399.0999755859375,2955.39990234375,25508.599609375,993.9500122070312,1412.0,1454.9000244140625,1401.0,2970.0,25546.849609375,25210511,17037215,16959378,19335561,4374683,422100
2025-10-20,986.6316528320312,1378.6771240234375,1408.395751953125,1460.04931640625,2905.81689453125,25843.150390625,1002.9500122070312,1390.300048828125,1460.9000244140625,1466.800048828125,3015.199951171875,25843.150390625,1020.0,1445.0,1467.0,1473.800048828125,3023.0,25926.19921875,997.0,1389.199951171875,1450.0,1433.300048828125,2978.5,25788.5,997.0,1442.0,1453.699951171875,1440.0,2985.5,25824.599609375,22195202,23330227,6994246,24721978,3133039,301100
2025-10-21,991.3043823242188,1370.4464111328125,1419.482421875,1458.4566650390625,2897.62548828125,25868.599609375,1007.7000122070312,1382.0,1472.4000244140625,1465.199951171875,3006.699951171875,25868.599609375,1010.0,1387.5999755859375,1486.0,1474.0,3031.800048828125,25934.349609375,1004.0,1375.9000244140625,1470.0,1460.0,2996.0,25825.80078125,1006.0,1384.5,1478.0,1468.0,3031.10009765625,25901.19921875,3471600,3415560,1698704,2066169,310644,42500
2025-10-23,992.386474609375,1352.2994384765625,1473.566162109375,1441.7340087890625,2961.712646484375,25891.400390625,1008.7999877929688,1363.699951171875,1528.5,1448.4000244140625,3073.199951171875,25891.400390625,1020.5,1389.800048828125,1546.0,1482.9000244140625,3098.0,26104.19921875,1006.0,1360.0999755859375,1506.0,1444.5999755859375,3036.10009765625,25862.44921875,1016.0,1385.0,1510.0,1475.0,3055.0,26057.19921875,43526526,21124942,20358624,18707090,5564758,448400
2025-10-24,978.5650634765625,1366.182373046875,1470.57763671875,1444.9193115234375,2952.07568359375,25795.150390625,994.75,1377.699951171875,1525.4000244140625,1451.5999755859375,3063.199951171875,25795.150390625,1011.9500122070312,1381.5999755859375,1543.0,1459.800048828125,3090.0,25944.150390625,991.2999877929688,1368.0999755859375,1518.0,1441.0,3058.300048828125,25718.19921875,1011.0,1368.0999755859375,1539.5,1450.0,3080.0,25935.099609375,17707768,10570263,8652257,9700837,2684318,284900
2025-10-27,986.6316528320312,1366.083251953125,1472.633056640625,1477.2696533203125,2972.98828125,25966.05078125,1002.9500122070312,1377.5999755859375,1504.5,1484.0999755859375,3084.89990234375,25966.05078125,1009.0499877929688,1386.800048828125,1515.300048828125,1485.0,3094.199951171875,26005.94921875,996.2000122070312,1374.0,1498.0999755859375,1458.0,3060.199951171875,25827.0,996.5,1382.0999755859375,1510.0,1463.0,3066.5,25843.19921875,15700796,11499836,7273211,14113867,1946312,266300
2025-10-28,987.2218627929688,1351.7044677734375,1468.4241943359375,1480.056884765625,2946.968017578125,25936.19921875,1003.5499877929688,1363.0999755859375,1500.199951171875,1486.9000244140625,3057.89990234375,25936.19921875,1008.0,1375.800048828125,1506.5,1492.0,3090.199951171875,26041.69921875,995.0,1356.199951171875,1490.5,1477.5999755859375,3040.199951171875,25810.05078125,997.6500244140625,1373.0,1499.699951171875,1484.0999755859375,3076.0,25939.94921875,33904289,26477914,8211019,17631577,3470737,395200
2025-10-29,991.451904296875,1358.9434814453125,1478.408203125,1497.277099609375,2946.678955078125,26053.900390625,1007.8499755859375,1370.4000244140625,1510.4000244140625,1504.199951171875,3057.60009765625,26053.900390625,1012.5,1371.699951171875,1520.199951171875,1508.300048828125,3076.0,26097.849609375,1000.0,1358.4000244140625,1496.9000244140625,1488.0999755859375,3046.10009765625,25960.30078125,1004.9000244140625,1364.5999755859375,1500.199951171875,1490.0,3057.89990234375,25982.0,17769445,16129382,4884976,11884745,2895420,321900
2025-10-30,981.9097900390625,1351.0103759765625,1462.1597900390625,1481.6494140625,2925.18798828125,25877.849609375,998.1500244140625,1362.4000244140625,1493.800048828125,1488.5,3035.300048828125,25877.849609375,1009.5,1370.199951171875,1508.199951171875,1503.0999755859375,3063.800048828125,26032.05078125,997.0999755859375,1361.300048828125,1489.0999755859375,1484.0,3032.800048828125,25845.25,1000.0,1362.4000244140625,1507.0,1500.0,3049.10009765625,25984.400390625,19962917,9324401,5608867,9318663,2241536,257400
2025-10-31,971.2362670898438,1334.0533447265625,1450.9034423828125,1479.5592041015625,2947.064208984375,25722.099609375,987.2999877929688,1345.300048828125,1482.300048828125,1486.4000244140625,3058.0,25722.099609375,1004.4500122070312,1362.0,1497.0999755859375,1497.5,3067.39990234375,25953.75,981.1500244140625,1343.300048828125,1480.699951171875,1482.300048828125,3025.10009765625,25711.19921875,994.0,1357.0,1490.0,1490.4000244140625,3035.0,25863.80078125,23221330,15926798,4819814,8758053,1868085,334400
2025-11-03,976.499267578125,1335.14404296875,1454.0355224609375,1477.866943359375,2907.359130859375,25763.349609375,992.6500244140625,1346.4000244140625,1485.5,1484.699951171875,3016.800048828125,25763.349609375,994.5499877929688,1351.5999755859375,1491.4000244140625,1495.0,3058.0,25803.099609375,983.2999877929688,1337.9000244140625,1474.199951171875,1479.300048828125,3010.0,25645.5,985.0,1340.5,1482.300048828125,1486.0,3046.89990234375,25696.849609375,16607180,11071450,5470600,8452085,2194877,23300
2025-11-04,969.2196655273438,1325.7235107421875,1436.808349609375,1466.3203125,2881.723876953125,25597.650390625,985.25,1336.9000244140625,1467.9000244140625,1473.0999755859375,2990.199951171875,25597.650390625,997.0,1349.800048828125,1481.9000244140625,1492.800048828125,3029.300048828125,25787.400390625,983.7000122070312,1333.199951171875,1462.9000244140625,1470.0999755859375,2976.0,25578.400390625,987.0,1342.5999755859375,1479.699951171875,1483.9000244140625,3019.60009765625,25744.75,20024544,15211183,8691330,10007806,2670720,305100
2025-11-06,968.6294555664062,1309.3614501953125,1435.6336669921875,1489.2144775390625,2901.6728515625,25509.69921875,984.6500244140625,1320.4000244140625,1466.699951171875,1496.0999755859375,3010.89990234375,25509.69921875,991.0499877929688,1342.199951171875,1483.0,1501.5999755859375,3024.0,25679.150390625,974.0,1317.4000244140625,1461.9000244140625,1476.199951171875,2990.0,25491.55078125,981.0,1330.0,1478.5999755859375,1484.0,2990.10009765625,25593.349609375,22279516,24221853,7944752,16772678,2542721,371900
2025-11-07,966.317626953125,1331.7724609375,1445.5198974609375,1471.19775390625,2883.26611328125,25492.30078125,982.2999877929688,1343.0,1476.800048828125,1478.0,2991.800048828125,25492.30078125,984.9000244140625,1344.300048828125,1480.9000244140625,1498.4000244140625,3004.0,25551.25,974.75,1318.5999755859375,1449.0999755859375,1475.9000244140625,2960.5,25318.44921875,980.0,1320.4000244140625,1470.0,1494.5999755859375,3001.0,25433.80078125,15004568,7719245,8765759,7821765,1830520,305600
2025-11-10,968.4818725585938,1336.730712890625,1481.4425048828125,1482.44580078125,2915.4541015625,25574.349609375,984.5,1348.0,1513.5,1489.300048828125,3025.199951171875,25574.349609375,990.9500122070312,1349.5999755859375,1520.0,1501.0,3047.89990234375,25653.44921875,980.2000122070312,1341.0,1490.0,1475.5,2992.0,25503.5,982.2999877929688,1342.9000244140625,1490.0999755859375,1477.9000244140625,2993.0,25503.5,15988262,8542340,9787975,7068438,1556656,243600
2025-11-11,975.564697265625,1346.944580078125,1497.88671875,1486.5269775390625,2936.46337890625,25694.94921875,991.7000122070312,1358.300048828125,1530.300048828125,1493.4000244140625,3047.0,25694.94921875,993.5,1360.4000244140625,1533.4000244140625,1498.800048828125,3055.699951171875,25715.80078125,978.0,1346.199951171875,1511.0999755859375,1480.199951171875,3018.0,25449.25,983.5,1349.0,1525.0,1497.0,3045.0,25617.0,10200530,8305184,13692989,7127506,2806868,297700
2025-11-12,973.4005126953125,1347.53955078125,1518.8333740234375,1504.5435791015625,3018.18701171875,25875.80078125,989.5,1358.9000244140625,1551.699951171875,1511.5,3131.800048828125,25875.80078125,999.0,1370.0,1559.199951171875,1524.699951171875,3136.39990234375,25934.55078125,987.7000122070312,1355.4000244140625,1538.0999755859375,1500.0,3057.10009765625,25781.150390625,998.7999877929688,1370.0,1540.0,1505.0,3060.0,25834.30078125,13137263,9736761,14635417,12384459,4460315,312600
2025-11-13,970.596923828125,1374.3138427734375,1509.14306640625,1503.9464111328125,2993.03369140625,25879.150390625,986.6500244140625,1385.9000244140625,1541.800048828125,1510.9000244140625,3105.699951171875,25879.150390625,990.0999755859375,1390.4000244140625,1557.5,1522.0999755859375,3131.89990234375,26010.69921875,982.5999755859375,1358.5,1530.300048828125,1506.800048828125,3102.0,25808.400390625,984.0,1358.9000244140625,1557.0999755859375,1515.0,3131.800048828125,25906.099609375,14124839,18296626,19655689,7196443,1740435,385200
2025-11-14,973.4988403320312,1361.521728515625,1470.9691162109375,1511.9095458984375,2993.322998046875,25910.05078125,989.5999755859375,1373.0,1502.800048828125,1518.9000244140625,3106.0,25910.05078125,991.6500244140625,1381.199951171875,1530.0,1520.9000244140625,3113.10009765625,25940.19921875,976.0499877929688,1363.199951171875,1488.800048828125,1505.5,3077.300048828125,25740.80078125,976.0499877929688,1374.0,1520.0,1505.5,3090.0,25767.900390625,21386965,9694498,9739549,7682823,2210794,518900
2025-11-17,980.3357543945312,1367.4715576171875,1475.66748046875,1511.3123779296875,2989.660888671875,26013.44921875,996.5499877929688,1379.0,1507.5999755859375,1518.300048828125,3102.199951171875,26013.44921875,997.9500122070312,1382.5,1510.199951171875,1523.699951171875,3123.5,26024.19921875,985.5999755859375,1373.5999755859375,1492.5,1511.5,3086.60009765625,25906.349609375,991.25,1375.0999755859375,1496.0,1520.9000244140625,3106.0,25948.19921875,18396408,7660717,7910354,5871416,2232853,281800
2025-11-18,976.302490234375,1361.9183349609375,1454.91650390625,1512.4072265625,2975.10888671875,25910.05078125,992.4500122070312,1373.4000244140625,1486.4000244140625,1519.4000244140625,3087.10009765625,25910.05078125,999.0,1382.800048828125,1506.0,1527.800048828125,3105.0,26029.849609375,990.0,1369.0999755859375,1483.199951171875,1510.5,3078.0,25876.5,997.6500244140625,1380.199951171875,1506.0,1521.699951171875,3102.0,26021.80078125,20002640,9529560,7525119,11045042,2548350,280000
2025-11-19,978.41748046875,1371.5372314453125,1508.4578857421875,1511.9095458984375,3033.51025390625,26052.650390625,994.5999755859375,1383.0999755859375,1541.0999755859375,1518.9000244140625,3147.699951171875,26052.650390625,996.5499877929688,1384.0,1543.0,1522.300048828125,3155.0,26074.650390625,984.0,1371.5999755859375,1490.5,1512.0,3083.5,25856.19921875,990.0,1373.5,1490.5,1517.4000244140625,3097.0,25918.099609375,19813847,10393918,10981126,5692366,3151053,250100
2025-11-20,992.4356689453125,1371.4381103515625,1503.955322265625,1541.9705810546875,3030.715576171875,26192.150390625,1008.8499755859375,1383.0,1536.5,1549.0999755859375,3144.800048828125,26192.150390625,1011.5999755859375,1388.300048828125,1555.0,1550.9000244140625,3164.5,26246.650390625,992.4500122070312,1375.4000244140625,1534.0,1526.699951171875,3138.10009765625,26063.19921875,995.2999877929688,1380.0999755859375,1555.0,1530.0,3148.0,26132.099609375,19850865,10131863,7387584,18171724,2700767,240400
2025-11-21,981.8114013671875,1358.0509033203125,1512.2752685546875,1539.4820556640625,3036.30517578125,26068.150390625,998.0499877929688,1369.5,1545.0,1546.5999755859375,3150.60009765625,26068.150390625,1008.2999877929688,1376.0,1551.5,1557.800048828125,3170.0,26179.19921875,996.5499877929688,1364.5999755859375,1526.300048828125,1540.0999755859375,3135.199951171875,26052.19921875,1003.0999755859375,1373.0,1531.0,1541.0,3144.800048828125,26109.55078125,17499897,11483595,9186302,9615271,4177037,235600
2025-11-24,982.8934936523438,1356.960205078125,1515.2117919921875,1528.831298828125,3027.24609375,25959.5,999.1500244140625,1368.4000244140625,1548.0,1535.9000244140625,3141.199951171875,25959.5,1011.4500122070312,1377.0,1585.0,1550.0,3178.89990234375,26142.80078125,993.5999755859375,1361.5,1541.0,1531.800048828125,3131.0,25912.150390625,1000.0,1373.300048828125,1563.5999755859375,1550.0,3158.0,26122.80078125,32204053,15896003,19270381,18433951,6703764,464700
2025-11-25,973.6956176757812,1346.4488525390625,1498.1802978515625,1532.61376953125,3006.044189453125,25884.80078125,989.7999877929688,1357.800048828125,1530.5999755859375,1539.699951171875,3119.199951171875,25884.80078125,1006.0999755859375,1376.9000244140625,1550.5999755859375,1559.5999755859375,3149.800048828125,26032.599609375,988.4000244140625,1354.300048828125,1525.9000244140625,1525.0999755859375,3115.0,25857.5,1004.0,1365.0,1549.0,1535.9000244140625,3145.300048828125,25998.5,24989383,12235000,8107952,15033482,2737920,260500
2025-11-26,987.5662231445312,1363.5050048828125,1524.902099609375,1562.6748046875,3048.15869140625,26205.30078125,1003.9000244140625,1375.0,1557.9000244140625,1569.9000244140625,3162.89990234375,26205.30078125,1006.9500122070312,1377.0,1560.300048828125,1571.5999755859375,3178.0,26215.150390625,981.2999877929688,1359.9000244140625,1532.0999755859375,1540.5,3117.0,25842.94921875,981.2999877929688,1360.0,1532.0999755859375,1542.300048828125,3118.800048828125,25842.94921875,19494356,9659004,7575038,14054299,2508527,275300
2025-11-27,993.0750732421875,1380.5611572265625,1533.2220458984375,1556.2047119140625,3022.81298828125,26215.55078125,1009.5,1392.199951171875,1566.4000244140625,1563.4000244140625,3136.60009765625,26215.55078125,1016.7999877929688,1394.0,1574.300048828125,1575.5,3180.0,26310.44921875,1001.0,1375.699951171875,1552.199951171875,1556.0,3125.0,26141.900390625,1002.0999755859375,1379.0,1564.0,1575.0,3180.0,26261.25,25536848,15158741,7552252,9794643,2836233,240300
2025-11-28,991.2059936523438,1377.189697265625,1527.055419921875,1560.285888671875,3023.680419921875,26202.94921875,1007.5999755859375,1388.800048828125,1560.0999755859375,1567.5,3137.5,26202.94921875,1012.0499877929688,1398.5,1568.4000244140625,1581.300048828125,3147.300048828125,26280.75,1004.2000122070312,1385.5999755859375,1557.0,1563.0,3125.0,26172.400390625,1007.0,1392.0,1565.0,1568.0,3140.0,26237.44921875,15988807,7683986,4453221,8959508,1616690,202500
2025-12-01,985.7954711914062,1378.478759765625,1530.872802734375,1558.892333984375,3019.72900390625,26175.75,1002.0999755859375,1390.0999755859375,1564.0,1566.0999755859375,3133.39990234375,26175.75,1017.5,1400.0,1574.0,1577.5,3154.0,26325.80078125,999.2999877929688,1385.4000244140625,1556.0,1563.5999755859375,3122.199951171875,26124.19921875,1017.5,1394.0,1562.5,1575.0,3137.89990234375,26325.80078125,16746566,8867593,5341800,8920233,1747647,213800
2025-12-02,973.6956176757812,1361.521728515625,1527.9364013671875,1539.1834716796875,3021.94580078125,26032.19921875,989.7999877929688,1373.0,1561.0,1546.300048828125,3135.699951171875,26032.19921875,994.4000244140625,1381.800048828125,1579.9000244140625,1567.5,3144.0,26154.599609375,985.0,1370.5999755859375,1556.0999755859375,1542.0,3120.39990234375,25997.849609375,988.0,1381.800048828125,1567.0,1561.0999755859375,3131.0,26087.94921875,27316662,12126396,6335969,11389150,2512003,254800
2025-12-03,984.2214965820312,1379.8670654296875,1545.261474609375,1531.718017578125,3064.638427734375,25986.0,1000.5,1391.5,1578.699951171875,1538.800048828125,3180.0,25986.0,1002.2999877929688,1394.199951171875,1586.0,1552.4000244140625,3211.89990234375,26066.44921875,986.0,1367.0,1554.0999755859375,1533.0,3139.0,25891.0,986.0,1367.0,1555.0999755859375,1545.199951171875,3140.0,26004.900390625,15448777,7955933,12895312,6090883,3952112,265700
2025-12-04,980.9752197265625,1375.1070556640625,1563.7611083984375,1528.53271484375,3112.053466796875,26033.75,997.2000122070312,1386.699951171875,1597.5999755859375,1535.5999755859375,3229.199951171875,26033.75,1004.7000122070312,1391.5999755859375,1599.0,1560.5,3250.0,26098.25,993.0,1379.9000244140625,1568.0,1517.5999755859375,3187.39990234375,25938.94921875,1000.0,1387.0,1568.0,1536.0,3194.0,25981.849609375,14528169,7373909,12609619,11867930,5025905,248100
2025-12-05,986.9759521484375,1380.858642578125,1581.9671630859375,1533.5096435546875,3120.72705078125,26186.44921875,1003.2999877929688,1392.5,1616.199951171875,1540.5999755859375,3238.199951171875,26186.44921875,1008.0,1395.300048828125,1631.800048828125,1545.800048828125,3271.60009765625,26202.599609375,990.2000122070312,1381.0,1600.0,1520.5999755859375,3222.39990234375,25985.349609375,992.0,1381.0,1610.0,1530.4000244140625,3230.0,25999.80078125,12843366,4942638,10344725,10183266,5244013,249300
2025-12-08,986.7791748046875,1377.98291015625,1576.681640625,1535.898681640625,3119.0888671875,25960.55078125,1003.0999755859375,1389.5999755859375,1610.800048828125,1543.0,3236.5,25960.55078125,1006.5,1394.9000244140625,1630.0,1551.0,3259.89990234375,26178.69921875,997.5,1383.300048828125,1600.199951171875,1535.0,3208.60009765625,25892.25,1000.0,1387.0,1617.0999755859375,1539.199951171875,3243.0,26159.80078125,12901022,7826227,7550413,11301491,2544725,320700
2025-12-09,980.8768310546875,1363.7032470703125,1565.1314697265625,1522.3612060546875,3091.91162109375,25839.650390625,997.0999755859375,1375.199951171875,1599.0,1529.4000244140625,3208.300048828125,25839.650390625,1002.7999877929688,1384.300048828125,1606.9000244140625,1542.5,3233.699951171875,25923.650390625,994.0,1373.4000244140625,1582.4000244140625,1520.0999755859375,3181.199951171875,25728.0,994.9000244140625,1379.9000244140625,1601.199951171875,1540.300048828125,3230.0,25867.099609375,15294322,10492030,6957599,11503971,2734893,276000
2025-12-10,973.6956176757812,1352.2001953125,1551.2322998046875,1529.8267822265625,3073.5048828125,25758.0,989.7999877929688,1363.5999755859375,1584.800048828125,1536.9000244140625,3189.199951171875,25758.0,998.5,1379.4000244140625,1608.0,1547.5,3225.0,25947.650390625,985.2999877929688,1357.9000244140625,1582.800048828125,1531.4000244140625,3178.10009765625,25734.55078125,997.5,1377.9000244140625,1608.0,1534.0,3225.0,25864.05078125,15322830,8725381,5116140,7991629,1386849,207900
2025-12-11,984.0247802734375,1348.63037109375,1564.1527099609375,1537.889404296875,3076.106689453125,25898.55078125,1000.2999877929688,1360.0,1598.0,1545.0,3191.89990234375,25898.55078125,1002.7000122070312,1366.5999755859375,1607.4000244140625,1550.0,3208.39990234375,25922.80078125,988.5,1352.800048828125,1580.5,1524.0,3153.10009765625,25693.25,990.0,1363.699951171875,1598.0,1536.9000244140625,3205.0,25771.400390625,11844809,6734750,5159319,4706197,1914362,206100
2025-12-12,985.2052612304688,1354.5802001953125,1564.348388671875,1549.3365478515625,3103.669189453125,26046.94921875,1001.5,1366.0,1598.199951171875,1556.5,3220.5,26046.94921875,1004.7000122070312,1370.699951171875,1601.800048828125,1559.800048828125,3223.0,26057.599609375,998.2000122070312,1363.300048828125,1582.5999755859375,1546.0999755859375,3185.699951171875,25938.44921875,1003.0,1368.0,1601.4000244140625,1550.800048828125,3197.699951171875,25971.19921875,11988618,3890885,4633912,5106655,1146554,216300
2025-12-15,979.89306640625,1353.786865234375,1572.766357421875,1549.037841796875,3113.01708984375,26027.30078125,996.0999755859375,1365.199951171875,1606.800048828125,1556.199951171875,3230.199951171875,26027.30078125,1001.7999877929688,1370.0,1610.800048828125,1558.5999755859375,3238.199951171875,26047.150390625,992.0,1356.0999755859375,1585.0,1546.5,3197.300048828125,25904.75,992.0,1356.0999755859375,1585.0,1551.199951171875,3211.10009765625,25930.05078125,9790060,5342530,4190558,5774543,1562190,181600
2025-12-16,978.1223754882812,1354.5802001953125,1559.1607666015625,1535.201904296875,3088.828125,25860.099609375,994.2999877929688,1366.0,1592.9000244140625,1542.300048828125,3205.10009765625,25860.099609375,998.7000122070312,1368.699951171875,1603.0,1551.699951171875,3220.0,25980.75,990.0999755859375,1355.5,1585.5999755859375,1538.800048828125,3191.10009765625,25834.349609375,990.0999755859375,1364.0,1600.0,1545.0,3220.0,25951.5,20049088,12359741,5499258,11731856,1734623,264400
2025-12-17,967.989990234375,1341.0938720703125,1568.0679931640625,1537.292236328125,3101.0673828125,25818.55078125,984.0,1352.4000244140625,1602.0,1544.4000244140625,3217.800048828125,25818.55078125,996.0,1365.0,1606.9000244140625,1550.0,3236.89990234375,25929.150390625,980.7999877929688,1343.0999755859375,1586.0,1539.300048828125,3200.5,25770.349609375,996.0,1365.0,1587.199951171875,1550.0,3200.5,25902.400390625,19080922,9440391,4817628,7116649,1376350,206500
2025-12-18,963.7599487304688,1345.4571533203125,1592.3427734375,1537.292236328125,3161.78173828125,25815.55078125,979.7000122070312,1356.800048828125,1626.800048828125,1544.4000244140625,3280.800048828125,25815.55078125,987.4000244140625,1369.5,1630.0,1551.5,3287.800048828125,25902.349609375,973.2999877929688,1345.5,1606.699951171875,1535.199951171875,3221.0,25726.30078125,973.2999877929688,1346.300048828125,1610.5,1535.199951171875,3228.0,25764.69921875,14912404,7314573,6577293,6580829,2307422,197600
2025-12-19,969.465576171875,1342.7796630859375,1603.9906005859375,1557.8968505859375,3162.938232421875,25966.400390625,985.5,1354.0999755859375,1638.699951171875,1565.0999755859375,3282.0,25966.400390625,988.0,1360.4000244140625,1654.9000244140625,1574.199951171875,3317.89990234375,25993.349609375,978.7000122070312,1350.800048828125,1629.800048828125,1551.0,3278.800048828125,25880.44921875,987.0,1354.0,1650.0,1554.4000244140625,3299.0,25911.5,25952384,14318512,13149023,13937275,3902511,382900
2025-12-22,971.6298217773438,1357.059326171875,1653.8125,1568.1495361328125,3204.28173828125,26172.400390625,987.7000122070312,1368.5,1689.5999755859375,1575.4000244140625,3324.89990234375,26172.400390625,992.9000244140625,1371.300048828125,1693.199951171875,1577.5,3328.60009765625,26180.69921875,983.9000244140625,1354.800048828125,1664.0,1565.300048828125,3291.0,26047.80078125,988.0,1358.0,1664.0,1573.5,3310.0,26055.849609375,13540411,9375294,23098923,10184852,2632816,253000
2025-12-23,980.3849487304688,1351.605224609375,1632.9637451171875,1563.4710693359375,3189.92236328125,26177.150390625,996.5999755859375,1363.0,1668.300048828125,1570.699951171875,3310.0,26177.150390625,998.9000244140625,1365.0,1679.0,1580.9000244140625,3319.89990234375,26233.55078125,987.7000122070312,1357.0,1656.4000244140625,1568.0999755859375,3293.5,26119.05078125,990.5,1361.0999755859375,1679.0,1580.9000244140625,3319.89990234375,26205.19921875,17927849,9105467,6593060,7506564,2365420,216600
2025-12-24,980.9752197265625,1348.43212890625,1628.16748046875,1551.0286865234375,3198.595947265625,26142.099609375,997.2000122070312,1359.800048828125,1663.4000244140625,1558.199951171875,3319.0,26142.099609375,999.4000244140625,1368.199951171875,1667.5999755859375,1575.699951171875,3327.10009765625,26236.400390625,993.0,1357.5999755859375,1652.5,1553.5999755859375,3296.10009765625,26123.0,993.0,1363.800048828125,1661.0,1572.699951171875,3304.10009765625,26170.650390625,13699996,8955140,4271167,8815745,1367708,188800
2025-12-26,975.9581909179688,1339.110595703125,1621.0220947265625,1552.0240478515625,3161.010986328125,26042.30078125,992.0999755859375,1350.4000244140625,1656.0999755859375,1559.199951171875,3280.0,26042.30078125,997.2000122070312,1362.0,1668.800048828125,1561.0,3320.0,26144.19921875,987.7000122070312,1348.5,1651.699951171875,1554.300048828125,3271.800048828125,26008.599609375,996.0,1356.5,1663.4000244140625,1554.699951171875,3313.10009765625,26121.25,9360853,2812144,2006491,2311495,1176664,142200
2025-12-29,975.564697265625,1332.070068359375,1609.863525390625,1538.4866943359375,3133.54443359375,25942.099609375,991.7000122070312,1343.300048828125,1644.699951171875,1545.5999755859375,3251.5,25942.099609375,997.4000244140625,1355.699951171875,1673.0999755859375,1558.0999755859375,3288.0,26106.80078125,987.2000122070312,1341.5,1637.0999755859375,1543.5999755859375,3242.89990234375,25920.30078125,993.0999755859375,1352.0999755859375,1658.0,1554.9000244140625,3280.0,26063.349609375,13545749,6057201,4062817,5972105,2079473,234300
2025-12-30,974.7777709960938,1331.276611328125,1587.2528076171875,1532.71337890625,3129.015380859375,25938.849609375,990.9000244140625,1342.5,1621.5999755859375,1539.800048828125,3246.800048828125,25938.849609375,995.0,1347.0999755859375,1647.9000244140625,1553.5999755859375,3267.5,25976.75,982.2000122070312,1338.0999755859375,1616.800048828125,1537.800048828125,3239.5,25878.0,990.2000122070312,1343.300048828125,1647.0,1547.0,3250.0,25940.900390625,33155849,18621277,9395937,8815884,2807593,396900
2025-12-31,975.0728759765625,1331.67333984375,1581.1842041015625,1563.172607421875,3089.88818359375,26129.599609375,991.2000122070312,1342.9000244140625,1615.4000244140625,1570.4000244140625,3206.199951171875,26129.599609375,997.5999755859375,1350.0,1628.5999755859375,1577.0,3246.0,26187.94921875,987.5999755859375,1339.5,1609.199951171875,1541.0,3198.5,25969.0,991.0,1342.800048828125,1621.0,1541.0,3240.0,25971.05078125,10963454,6150634,6538656,5771830,3362634,246300
